Security Code,Tradingsymbol,Issuer Name
511122,1STCUS,FIRST CUSTODIAN FUND (INDIA) L
533022,20MICRONS,20 MICRONS
526921,21STCENMGM,TWENTYFIRST CENTURY MANAGEMENT
542772,360ONE,360 ONE WAM
532067,3BBLACKBIO,3B BLACKBIO DX 
532628,3IINFOLTD,3I INFOTECH
523395,3MINDIA,3M INDIA
516092,3PLAND,3P LAND HOLDINGS
540776,5PAISA,5PAISA CAPITAL 
526881,63MOONS,63 MOONS TECHNOLOGIES 
540615,7NR,7NR RETAIL 
540874,7SEASL,7SEAS ENTERTAINMENT
532404,7TEC,SAVEN TECHNOLOGIES
542012,A1L,A-1
533292,A2ZINFRA,A2Z INFRA ENGINEERING
543671,AAATECH,AAA TECHNOLOGIES
530621,AAIL,AKAR AUTO INDUSTRIES 
538812,AANCHALISP,AANCHAL ISPAT 
543319,AAPLUSTRAD,AA PLUS TRADELINK 
532024,AARCON,AARCON FACILITIES
524412,AAREYDRUGS,AAREY DRUGS & PHARMACEUTICALS
539562,AARNAV,AARNAV FASHIONS
542377,AARSHYAM,AAR SHYAM INDIA INVESTMENT COM
542580,AARTECH,AARTECH SOLONICS 
524348,AARTIDRUGS,AARTI DRUGS
524208,AARTIIND,AARTI INDUSTRIES
543748,AARTIPHARM,AARTI PHARMALABS 
543210,AARTISURF,AARTI SURFACTANTS 
544850,AARVI,AARVI ENCON 
543346,AASHKA,AASHKA HOSPITALS 
511764,AASTAFIN,AASTAMANGALAM FINANCE 
544808,AASTHA,AASTHA SPINTEX
541988,AAVAS,AAVAS FINANCIERS 
539528,AAYUSH,AAYUSH WELLNESS
540718,AAYUSHBULL,AAYUSH ART AND BULLION
523204,ABAN,ABAN OFFSHORE
512165,ABANSENT,ABANS ENTERPRISES
531658,ABATEAS,ABATE AS INDUSTRIES
500002,ABB,ABB INDIA
500488,ABBOTINDIA,ABBOTT INDIA
540691,ABCAPITAL,ADITYA BIRLA CAPITAL
520123,ABCINDQ,ABC INDIA
544522,ABCOTS,A B COTSPIN INDIA 
535755,ABFRL,ADITYA BIRLA FASHION AND RETAI
532057,ABHICAP,ABHINAV CAPITAL SERVICES
538935,ABHIFIN,ABHISHEK FINLEASE 
539544,ABHIINFRA,ABHISHEK INFRAVENTURES 
511756,ABIRAFN,ABIRAMI FINANCIAL SERVICES (IN
531161,ABMKNO,ABM KNOWLEDGEWARE
500040,ABREL,ADITYA BIRLA REAL ESTATE LIMIT
544500,ABRIL,ABRIL PAPER TECH
543374,ABSLAMC,ADITYA BIRLA SUN LIFE AMC LIMI
530881,ABVL,ARUNJYOTI BIO VENTURES 
500410,ACC,ACC
531533,ACCEDERE,ACCEDERE
517494,ACCEL,ACCEL
543938,ACCELERATE,ACCELERATEBS INDIA
532268,ACCELYA,ACCELYA SOLUTIONS INDIA LIMITE
544710,ACCORDTS,ACCORD TRANSFORMER & SWITCHGEA
544598,ACCURACY,ACCURACY SHIPPING 
532762,ACE,ACTION CONSTRUCTION EQUIPMENT
544431,ACEALPHA,ACE ALPHA TECH 
530669,ACEENGITEC,ACE ENGITECH
539661,ACEMEN,ACE MEN ENGG WORKS
531525,ACESOFT,ACE SOFTWARE EXPORTS
536737,ACFSL,AMRAPALI CAPITAL AND FINANCE S
505036,ACGL,AUTOMOBILE CORPORATION OF GOA
543499,ACHYUT,ACHYUT HEALTHCARE 
543657,ACI,ARCHEAN CHEMICAL INDUSTRIES LI
517356,ACIIN,ACI INFOCOM
530043,ACKNIT,ACKNIT INDUSTRIES
532141,ACL,ANDHRA CEMENTS
539391,ACME,ACME RESOURCES 
540146,ACML,ADITYA CONSUMER MARKETING LIMI
513149,ACROW,ACROW INDIA
530745,ACSTECH,ACS TECHNOLOGIES
541144,ACTIVE,ACTIVE CLOTHING CO  
543349,ACUTAAS,ACUTAAS CHEMICALS
539254,ADANIENSOL,ADANI ENERGY SOLUTIONS 
512599,ADANIENT,ADANI ENTERPRISES
541450,ADANIGREEN,ADANI GREEN ENERGY 
532921,ADANIPORTS,ADANI PORTS AND SPECIAL ECONOM
533096,ADANIPOWER,ADANI POWER
526711,ADARSHPL,ADARSH PLANT PROTECT
523411,ADCINDIA,ADC INDIA COMMUNICATIONS LIMIT
539506,ADCON,ADCON CAPITAL SERVICES 
544435,ADCOUNTY,ADCOUNTY MEDIA INDIA
507852,ADDIND,ADDI INDUSTRIES
543309,ADESHWAR,ADESHWAR MEDITEX 
519183,ADFFOODS,ADF FOODS
539189,ADHBHUTIN,ADHBHUT INFRASTRUCTURE
531286,ADHHATA,ADHATA GLOBAL
514113,ADINATH,ADINATH TEXTILES
543377,ADISHAKTI,ADISHAKTI LOHA AND ISPAT LIMIT
513513,ADITYA,ADITYA ISPAT
521141,ADITYASP,ADITYA SPINNERS
543269,ADJIA,ADJIA TECHNOLOGIES 
543231,ADL,ARCHIDPLY DECOR 
524604,ADLINE,ADLINE CHEM LAB
544669,ADMACH,ADMACH SYSTEMS
511359,ADMANUM,AD-MANUM FINANCE
544809,ADON,ADON AGRO COMMODITIES
517041,ADOR,ADOR WELDING
532172,ADROITINFO,ADROIT INFOTECH 
532875,ADSL,ALLIED DIGITAL SERVICES
543230,ADVAIT,ADVAIT ENERGY TRANSITIONS LIMI
544562,ADVANCE,ADVANCE AGROLIFE 
544843,ADVANCETL,ADVANCE TECHNOFORGE
523269,ADVANIHOTR,ADVANI HOTELS & RESORTS (INDIA
544446,ADVENTHTL,ADVENT HOTELS INTERNATIONAL LI
540025,ADVENZYMES,ADVANCED ENZYME TECHNOLOGIES L
539773,ADVIKCA,ADVIK CAPITAL 
521048,ADVLIFE,ADVANCE LIFESTYLES
526331,ADVMULT,ADVANCE MULTITECH
506947,ADVPETR-B,ADVANCE PETROCHEMICALS
544858,AEGEUS,AEGEUS TECHNOLOGIES
500003,AEGISLOG,AEGIS LOGISTICS
526443,AEIM,ARTIFICIAL ELECTRONICS INTELLI
539196,AEL,AMBA ENTERPRISES
524594,AEONXDIGI,AEONX DIGITAL TECHNOLOGY LIMIT
542670,AEPL,ARTEMIS ELECTRICALS AND PROJEC
544634,AEQUS,AEQUS 
511076,AEROENTER,AEROFLEX ENTERPRISES
543972,AEROFLEX,AEROFLEX INDUSTRIES 
543743,AERONEU,AEROFLEX NEU 
544743,AEROPLANE,AMIR CHAND JAGDISH KUMAR (EXPO
534733,AERPACE,AERPACE INDUSTRIES 
543534,AETHER,AETHER INDUSTRIES 
538351,AFEL,A.F. ENTERPRISES
542752,AFFLE,AFFLE 3I
541402,AFFORDABLE,AFFORDABLE ROBOTIC & AUTOMATIO
544767,AFLTD,AUTOFURNISH 
543712,AFSL,ABANS FINANCIAL SERVICES LIMIT
531921,AGARIND,AGARWAL INDUSTRIAL CORPORATION
530765,AGARWAL,AGARWAL FORTUNE INDIA
500187,AGI,AGI GREENPAC
539042,AGIIL,AGI INFRA 
516020,AGIOPAPER,AGIO PAPER & INDUSTRIES
544602,AGL,ALLCARGO GLOBAL 
542579,AGOL,ASHAPURI GOLD ORNAMENT 
539546,AGRIBIO,AGRIBIO SPIRITS
537292,AGRITECH,AGRI- TECH (INDIA)
543451,AGSTRA,AGS TRANSACT TECHNOLOGIES LIMI
543941,AHASOLAR,AHASOLAR TECHNOLOGIES
544497,AHCL,ANLON HEALTHCARE
533227,AHLEAST,ASIAN HOTELS (EAST)
532811,AHLUCONT,AHLUWALIA CONTRACTS (INDIA) LT
533221,AHLWEST,ASIAN HOTELS (WEST)
522273,AHMDSTE,AHMEDABAD STEELCRAFT
532683,AIAENG,AIA ENGINEERING
532806,AICHAMP,AI CHAMPDANY INDUSTRIES
542524,AIHL,AMBASSADOR INTRA HOLDINGS LIMI
539177,AIIL,AUTHUM INVESTMENT & INFRASTRUC
524288,AIMCOPEST,AIMCO PESTICIDES
534064,AIML,ALLIANCE INTEGRATED METALIKS L
543811,AIRAN,AIRAN
544516,AIRFLOA,AIRFLOA RAIL TECHNOLOGY LIMITE
532331,AJANTPHARM,AJANTA PHARMA
519216,AJANTSOY,AJANTA SOYA
544425,AJCJEWEL,AJC JEWEL MANUFACTURERS LIMITE
511692,AJCON,AJCON GLOBAL SERVICES
513349,AJMERA,AJMERA REALTY & INFRA INDIA LT
526628,AJWAFUN,AJWA FUN WORLD & RESORT
530499,AKCAPIT,A.K.CAPITAL SERVICES
542020,AKI,AKI INDIA 
541303,AKSHAR,AKSHAR SPINTEX 
524598,AKSHARCHEM,AKSHARCHEM (INDIA)
532351,AKSHOPTFBR,AKSH OPTIFIBRE
531082,ALANKIT,ALANKIT
539115,ALANSCOTT,ALAN SCOTT ENTERPRISES
524075,ALBERTDAVD,ALBERT DAVID
506235,ALEMBICLTD,ALEMBIC
511463,ALEXANDER,ALEXANDER STAMPS AND COIN LIMI
530973,ALFAICA,ALFA ICA (INDIA)
517546,ALFATRAN,ALFA TRANSFORMERS
531156,ALFAVIO,ALFAVISION OVERSEAS (INDIA) LT
538952,ALFL,ABHINAV LEASING & FINANCE LIMI
505216,ALFREDHE,ALFRED HERBERT (INDIA)
505725,ALGOQUANT,ALGOQUANT FINTECH
531147,ALICON,ALICON CASTALLOY
543322,ALIVUS,ALIVUS LIFE SCIENCES
533029,ALKALI,ALKALI METALS
539523,ALKEM,ALKEM LABORATORIES 
543453,ALKOSIGN,ALKOSIGN
506767,ALKYLAMINE,ALKYL AMINES CHEMICALS
532749,ALLCARGO,ALLCARGO LOGISTICS
532633,ALLDIGI,ALLDIGI TECH 
544479,ALLTIME,ALL TIME PLASTICS
531400,ALMONDZ,ALMONDZ GLOBAL SECURITIES
506120,ALNATRD,ALNA TRADING & EXPORTS
521070,ALOKINDS,ALOK INDUSTRIES
532878,ALPA,ALPA LABORATORIES
590154,ALPHA,KOTAK NIFTY ALPHA 50 ETF
526397,ALPHAGEO,ALPHAGEO (INDIA)
543937,ALPHAIND,ALPHALOGIC INDUSTRIES
542770,ALPHALOGIC,ALPHALOGIC TECHSYS 
526519,ALPINEHOU,ALPINE HOUSING DEVELOPMENT COR
544825,ALPINETEX,ALPINE TEXWORLD
535916,ALSL,ALACRITY SECURITIES
543225,ALTIUSINVIT,ALTIUS TELECOM INFRASTRUCTURE
524634,ALUFLUOR,ALUFLUORIDE
544679,AMAGI,AMAGI MEDIA LABS 
506597,AMAL,AMAL
543804,AMANAYA,AMANAYA VENTURES
544502,AMANTA,AMANTA HEALTHCARE 
521097,AMARJOTHI,AMARJOTHI SPINNING MILLS
500009,AMBALALSA,AMBALAL SARABHAI ENTERPRISES L
519471,AMBARPIL,AMBAR PROTEIN INDUSTRIES LIMIT
540902,AMBER,AMBER ENTERPRISES INDIA LIMITE
532335,AMBICAAGAR,AMBICA AGARBATHIES & AROMA IND
531978,AMBIKCO,AMBIKA COTTON MILLS
526439,AMBIT,AMBITIOUS PLASTOMAC COMPANY LT
543678,AMBOAGRI,AMBO AGRITEC
500425,AMBUJACEM,AMBUJA CEMENTS
530133,AMCOIND,AMCO INDIA
532828,AMDIND,AMD INDUSTRIES
544555,AMEENJI,AMEENJI RUBBER
531681,AMERISE,AMERISE BIOSCIENCES
513117,AMFORG,AMFORGE INDUSTRIES
541771,AMINTAN,AMIN TANNERY
531557,AMITSEC,AMIT SECURITIES
500343,AMJLAND,AMJ LAND HOLDINGS
506248,AMNPLST,AMINES & PLASTICIZERS
539598,AMPL,AMPL CAPITAL 
535719,AMPVOLTS,AMPVOLTS
531991,AMRAAGRI,AMRAWORLD AGRICO
539265,AMRAFIN,AMRAPALI FINCAP 
526241,AMRAPLIN,AMRAPALI INDUSTRIES
590006,AMRUTANJAN,AMRUTANJAN HEALTH CARE
540066,AMS,AMS POLYMERS
534612,AMTL,ADVANCE METERING TECHNOLOGY LT
543415,ANANDRATHI,ANAND RATHI WEALTH 
544579,ANANTAM,ANANTAM HIGHWAYS TRUST - INVIT
515055,ANANTRAJ,ANANT RAJ
502330,ANDHRAPAP,ANDHRA PAPER
500012,ANDHRAPET,ANDHRA PETROCHEMICALS
590062,ANDHRSUGAR,ANDHRA SUGARS
526173,ANDREWYU,ANDREW YULE & COMPANY
540694,ANG,ANG LIFESCIENCES INDIA 
541006,ANGEL,ANGEL FIBERS 
543235,ANGELONE,ANGEL ONE
519383,ANIKINDS,ANIK INDUSTRIES
530705,ANIRIT,ANIRIT VENTURES
890231,ANIRITPP,ANIRIT VENTURES
531223,ANJANI,ANJANI SYNTHETICS
531878,ANJANIFIN,ANJANI FINANCE
511153,ANJANIFOODS,ANJANI FOODS 
531673,ANKIN,ANKA INDIA
532870,ANKITMETAL,ANKIT METAL & POWER
544694,ANL,ACCRETION NUTRAVEDA 
542437,ANMOL,ANMOL INDIA 
530799,ANNAINFRA,ANNA INFRASTRUCTURES
544893,ANNU,ANNU PROJECTS 
500013,ANSALAPI,ANSAL PROPERTIES & INFRASTRUCT
523007,ANSALBU,ANSAL BUILDWELL
507828,ANSALHSG,ANSAL HOUSING
531406,ANSINDUS,ANS INDUSTRIES
501270,ANTARIKSH,ANTARIKSH INDUSTRIES
530075,ANTELOPUS,ANTELOPUS SELAN ENERGY 
544449,ANTHEM,ANTHEM BIOSCIENCES 
544800,ANUBHAV,ANUBHAV PLAST
506260,ANUHPHR,ANUH PHARMA
542460,ANUP,THE ANUP ENGINEERING
530109,ANUPAM,ANUPAM FINSERV
543275,ANURAS,ANUPAM RASAYAN INDIA 
542865,ANUROOP,ANUROOP PACKAGING 
538539,ANVRDHI,ANNVRRIDHHI VENTURES
543655,ANZEN,ANZEN INDIA ENERGY YIELD PLUS
532259,APARINDS,APAR INDUSTRIES
518091,APCL,ANJANI PORTLAND CEMENT
523694,APCOTEXIND,APCOTEX INDUSTRIES
540692,APEX,APEX FROZEN FOODS 
506166,APIS,APIS INDIA
544445,APL,ASSTON PHARMACEUTICALS
517096,APLAB,APLAB
890217,APLABPP,APLAB
533758,APLAPOLLO,APL APOLLO TUBES
533573,APLLTD,ALEMBIC PHARMACEUTICALS
523537,APMIN,APM INDUSTRIES
540879,APOLLO,APOLLO MICRO SYSTEMS 
512437,APOLLOFI,APOLLO FINVEST (INDIA)
508869,APOLLOHOSP,APOLLO HOSPITALS ENTERPRISE LT
503639,APOLLOIN,APOLLO INGREDIENTS 
531761,APOLLOPIPE,APOLLO PIPES
500877,APOLLOTYRE,APOLLO TYRES
539545,APOORVA,APOORVA LEASING FINANCE & INVE
544529,APPL,APTUS PHARMA 
532475,APTECHT,APTECH
506979,APTPACK,APT PACKAGING
543335,APTUS,APTUS VALUE HOUSING FINANCE IN
530943,AQYLON,AQYLON NEXUS 
512344,ARAVALIS,ARAVALI SECURITIES & FINANCE L
520121,ARCEEIN,ARCEE INDUSTRIES
540135,ARCFIN,ARC FINANCE 
532994,ARCHIDPLY,ARCHIDPLY INDUSTRIES
532212,ARCHIES,ARCHIES
524640,ARCHITORG,ARCHIT ORGANOSYS
544860,ARDEE,ARDEE INDUSTRIES 
500008,ARE&M,AMARA RAJA ENERGY & MOBILITY L
526662,ARENTERP,RAJDARSHAN INDUSTRIES
526851,AREXMIS,AREX INDUSTRIES
539151,ARFIN,ARFIN INDIA 
532935,ARIES,ARIES AGRO
530267,ARIGATO,ARIGATO UNIVERSE
531381,ARIHANT,ARIHANT FOUNDATIONS & HOUSING
511605,ARIHANTCAP,ARIHANT CAPITAL MARKETS
506194,ARIHANTSUP,ARIHANT SUPERSTRUCTURES LIMITE
531017,ARISE,ARIHANTS SECURITIES
544683,ARITAS,ARITAS VINYL 
542721,ARL,ANAND RAYONS 
538556,ARMAN,ARMAN HOLDINGS
531179,ARMANFIN,ARMAN FINANCIAL SERVICES
537069,ARNOLD,ARNOLD HOLDINGS
513729,AROGRANITE,ARO GRANITE INDUSTRIES
516064,ARROWGREEN,ARROW GREENTECH 
506074,ARSHIYA,ARSHIYA
544530,ARSSBL,ANAND RATHI SHARE AND STOCK BR
531297,ARTEFACT,ARTEFACT PROJECTS
543286,ARTEMISADR,ARTEMIS ADR MARKETPLACE LIMITE
522134,ARTSON,ARTSON
500016,ARUNAHTEL,ARUNA HOTELS
524723,ARVAYA,ARVAYA HEALTHCARE 
500101,ARVIND,ARVIND
542484,ARVINDFASN,ARVIND FASHIONS 
539301,ARVSMART,ARVIND SMARTSPACES 
538716,ARYACAPM,ARYAMAN CAPITAL MARKETS LIMITE
530245,ARYAMAN,ARYAMAN FINANCIAL SERVICES
542176,ARYAN,ARYAN SHARE & STOCK BROKERS LT
515030,ASAHIINDIA,ASAHI INDIA GLASS
532853,ASAHISONG,ASAHI SONGWON COLORS
520119,ASAL,AUTOMOTIVE STAMPINGS & ASSEMBL
507526,ASALCBR,ASSOCIATED ALCOHOLS & BREWERIE
543943,ASARFI,ASARFI HOSPITAL
543443,ASCENSIVE,ASCENSIVE EDUCARE 
512025,ASGARD,ASGARD ALCOBEV
519174,ASHAI,ASHIANA AGRO INDUSTRIES
527001,ASHAPURMIN,ASHAPURA MINECHEM
512247,ASHCAP,ASHIRWAD CAPITAL
523716,ASHIANA,ASHIANA HOUSING
543766,ASHIKAG,ASHIKA GLOBAL SECURITIES LIMIT
514286,ASHIMASYN,ASHIMA
530429,ASHISHPO,ASHISH POLYPLAST
541702,ASHNI,ASHNISHA INDUSTRIES 
507872,ASHNOOR,ASHNOOR TEXTILE MILLS
533271,ASHOKA,ASHOKA BUILDCON
540923,ASHOKAMET,ASHOKA METCAST 
500477,ASHOKLEY,ASHOK LEYLAND
526187,ASHRAM,ASHRAM ONLINE.COM
526847,ASHSI,ASHIRWAD STEELS & INDUSTRIES L
538777,ASIACAP,ASIA CAPITAL
543927,ASIAN,ASIAN WAREHOUSING 
530355,ASIANENE,ASIAN ENERGY SERVICES
500023,ASIANHOTNR,ASIAN HOTELS (NORTH)
500820,ASIANPAINT,ASIAN PAINTS
532888,ASIANTILES,ASIAN GRANITO INDIA
519532,ASIANTNE,ASIAN TEA & EXPORTS
530899,ASIAPAK,ASIA PACK
502015,ASIIL,ASI INDUSTRIES
524434,ASINPET,ASIAN PETROPRODUCTS & EXPORTS
530723,ASITCFIN,ASIT C.MEHTA FINANCIAL SERVICE
532694,ASMS,AVIO SMART MARKET STACK LIMITE
526433,ASMTEC,ASM TECHNOLOGIES
540788,ASPIRA,ASPIRA PATHLAB & DIAGNOSTICS L
541865,ASRL,ADD-SHOP E-RETAIL 
542911,ASSAMENT,ASSAM ENTRADE 
531168,ASSOCER,ASSOCIATED CERAMICS
512600,ASTALLTD,ASTAL LABORATORIES
531847,ASTAR,ASIAN STAR CO.LTD.
533138,ASTEC,ASTEC LIFESCIENCES
540975,ASTERDM,ASTER DM QUALITY CARE
532830,ASTRAL,ASTRAL
532493,ASTRAMICRO,ASTRA MICROWAVE PRODUCTS
506820,ASTRAZEN,ASTRAZENECA PHARMA INDIA
540824,ASTRON,ASTRON PAPER & BOARD MILL LIMI
544628,ASTRONMULT,ASTRON MULTIGRAIN 
543911,ATALREAL,ATAL REALTECH 
543236,ATAM,ATAM VALVES 
542066,ATGL,ADANI TOTAL GAS
544812,ATHARVA,ATHARVA POLY-PLAST 
530187,ATHARVENT,ATHARV ENTERPRISES
539099,ATHCON,ATHENA CONSTRUCTIONS 
517429,ATHENAGLO,ATHENA GLOBAL TECHNOLOGIES LIM
544671,ATIL,APOLLO TECHNO INDUSTRIES LIMIT
538713,ATISHAY,ATISHAY 
543954,ATL,ALLCARGO TERMINALS 
532759,ATLANTAA,ATLANTAA
544527,ATLANTAELE,ATLANTA ELECTRICALS 
505029,ATLASCYCLE,ATLAS CYCLES (HARYANA)
890228,ATLPP,ALLCARGO TERMINALS 
500027,ATUL,ATUL
531795,ATULAUTO,ATUL AUTO
532090,ATVOENT,ATVO ENTERPRISES 
500028,ATVPR,ATV PROJECTS INDIA
540611,AUBANK,AU SMALL FINANCE BANK 
530889,AUDROC,AUDROC 
544888,AUGMONT,AUGMONT ENTERPRISES 
544772,AUREATE,AUREATE TRADDE
532668,AURIONPRO,AURIONPRO SOLUTIONS
517230,AURIQUE,AURIQUE
530233,AUROLAB,AURO LABORATORIES
524804,AUROPHARMA,AUROBINDO PHARMA
539289,AURUM,AURUM PROPTECH
534532,AURUS,AURUS GEM CORPORATION
509009,AUSOMENT,AUSOM ENTERPRISE
522005,AUSTENG,AUSTIN ENGINEERING CO.LTD.
544505,AUSTERE,AUSTERE SYSTEMS
505010,AUTOAXLES,AUTOMOTIVE AXLES
532797,AUTOIND,AUTOLINE INDUSTRIES
512277,AUTOINT,AUTORIDERS INTERNATIONAL
531994,AUTOPINS,AUTO PINS (INDIA)
540649,AVADHSUGAR,AVADH SUGAR & ENERGY
531310,AVAILFC,AVAILABLE FINANCE
543896,AVALON,AVALON TECHNOLOGIES 
512149,AVANCE,AVANCE TECHNOLOGIES
532406,AVANTEL,AVANTEL
512573,AVANTIFEED,AVANTI FEEDS
543737,AVEER,AVEER FOODS 
543910,AVG,AVG LOGISTICS 
512109,AVIVA,AVIVA INDUSTRIES
540205,AVL,ADITYA VISION 
511589,AVONMORE,AVONMORE CAPITAL & MANAGEMENT
543512,AVROIND,AVRO INDIA 
519105,AVTNPL,AVT NATURAL PRODUCTS
543254,AWHCL,ANTONY WASTE HANDLING CELL LIM
543458,AWL,AWL AGRI BUSINESS
513642,AXELPOLY,AXEL POLYMERS
532215,AXISBANK,AXIS BANK
532395,AXISCADES,AXISCADES TECHNOLOGIES
511144,AXISOL,AXIS SOLUTIONS
542285,AXITA,AXITA COTTON 
523850,AXTEL,AXTEL INDUSTRIES
544699,AYE,AYE FINANCE 
508933,AYMSYNTEX,AYM SYNTEX 
504731,AZADIND,AZAD INDIA MOBILITY
531268,B2BSOFT,B2B SOFTWARE TECHNOLOGIES
532380,BABA,BABA ARTS
524516,BACPHAR,BACIL PHARMA
532989,BAFNAPH,BAFNA PHARMACEUTICALS
532507,BAGFILMS,B.A.G.FILMS & MEDIA
544758,BAGMANE,BAGMANE PRIME OFFICE REIT
511724,BAIDFIN,BAID FINSERV
544670,BAIKAKAJI,BAI-KAKAJI POLYMERS
532977,BAJAJ-AUTO,BAJAJ AUTO
533229,BAJAJCON,BAJAJ CONSUMER CARE
500031,BAJAJELEC,BAJAJ ELECTRICALS
532978,BAJAJFINSV,BAJAJ FINSERV
539872,BAJAJHCARE,BAJAJ HEALTHCARE 
500032,BAJAJHIND,BAJAJ HINDUSTHAN SUGAR
500490,BAJAJHLDNG,BAJAJ HOLDINGS & INVESTMENT LT
507944,BAJAJST,BAJAJ STEEL INDUSTRIES
500034,BAJFINANCE,BAJAJ FINANCE
532382,BALAJITELE,BALAJI TELEFILMS
530999,BALAMINES,BALAJI AMINES
539834,BALGOPAL,BALGOPAL COMMERCIAL 
539251,BALKRISHNA,BALKRISHNA PAPER MILLS
502355,BALKRISIND,BALKRISHNA INDUSTRIES
523319,BALMLAWRIE,BALMER LAWRIE AND COMPANY LIMI
524824,BALPHARMA,BAL PHARMA
500038,BALRAMCHIN,BALRAMPUR CHINI MILLS
520127,BALTE,BALURGHAT TECHNOLOGIES
531112,BALUFORGE,BALU FORGE INDUSTRIES
519295,BAMBINO,BAMBINO AGRO INDUSTRIES
531591,BAMPSL,BAMPSL SECURITIES
526849,BANARBEADS,BANARAS BEADS
500041,BANARISUG,BANNARI AMMAN SUGARS
509053,BANASFN,BANAS FINANCE
500039,BANCOINDIA,BANCO PRODUCTS (INDIA)
524602,BANDARAM,BANDARAM PHARMA PACKTECH LIMIT
541153,BANDHANBNK,BANDHAN BANK 
532946,BANG,BANG OVERSEAS
532134,BANKBARODA,BANK OF BARODA
590106,BANKBEES,NIPPON INDIA NIFTY BANK BEES ETF
532149,BANKINDIA,BANK OF INDIA
503722,BANSWRAS,BANSWARA SYNTEX
523186,BAPACK,B&A PACKAGING INDIA
500270,BARODARY,BARODA RAYON CORPORATION
513502,BAROEXT,BARODA EXTRUSION
524687,BASANTGL,BASANT AGRO TECH (INDIA)
500042,BASF,BASF INDIA
532674,BASML,BANNARI AMMAN SPINNING MILLS L
500043,BATAINDIA,BATA INDIA
522004,BATLIBOI,BATLIBOI
506285,BAYERCROP,BAYER CROPSCIENCE
539946,BAZELINTER,BAZEL INTERNATIONAL 
503960,BBL,BHARAT BIJLEE
500463,BBOX,BLACK BOX
501425,BBTC,THE BOMBAY BURMAH TRADING CORP
543668,BBTCL,B&B TRIPLEWALL CONTAINERS LIMI
517246,BCCFUBA,BCC FUBA INDIA
543497,BCCL,BHATIA COLOUR CHEM 
532368,BCG,BRIGHTCOM GROUP
539621,BCLENTERPR,BCL ENTERPRISES 
524332,BCLIND,BCL INDUSTRIES
543442,BCONCEPTS,BRAND CONCEPTS 
537766,BCP,B.C. POWER CONTROLS
542057,BCPL,BCPL RAILWAY INFRASTRUCTURE LI
524828,BDH,BDH INDUSTRIES
544468,BDI,B. D. INDUSTRIES (PUNE) LIMITE
541143,BDL,BHARAT DYNAMICS 
543253,BECTORFOOD,MRS. BECTORS FOOD SPECIALITIES
533270,BEDMUTHA,BEDMUTHA INDUSTRIES
539018,BEEKAY,BEEKAY STEEL INDUSTRIES
532645,BEEYU,BEEYU OVERSEAS
511585,BEFOUNDMOL,BEFOUND MOVEMENT
500049,BEL,BHARAT ELECTRONICS
513307,BELDING,BELDING INDIA
539399,BELLACASA,BELLA CASA FASHION & RETAIL LI
522650,BEMHY,BEMCO HYDRAULICS
500048,BEML,BEML
541178,BENARA,BENARA BEARINGS AND PISTONS LI
509438,BENARAS,BENARES HOTELS
533095,BENGALASM,BENGAL & ASSAM COMPANY
532230,BENGALT,BENGAL TEA & FABRICS
512195,BENTCOM,BENTLEY COMMERCIAL ENTERPRISES
500052,BEPL,BHANSALI ENGINEERING POLYMERS
509480,BERGEPAINT,BERGER PAINTS INDIA
524606,BERLDRG,BERYL DRUGS
531340,BERVINL,BERVIN INVESTMENT & LEASING LT
531582,BERYLSE,BERYL SECURITIES
539660,BESTAGRO,BEST AGROLIFE
508664,BESTEAST,BEST EASTERN HOTELS
531530,BETALA,BETALA GLOBAL SECURITIES
512477,BETXIND,BETEX INDIA
533303,BFINVEST,BF INVESTMENT
539662,BFLAFL,BFL ASSET FINVEST 
532430,BFUTILITIE,BF UTILITIES
521238,BGDL,BHARAT GLOBAL DEVELOPERS LIMIT
511664,BGIL,BGIL FILMS & TECHNOLOGIES
532930,BGRENERGY,BGR ENERGY SYSTEMS
504646,BGWTATO,BHAGWATI AUTOCAST
531719,BHAGCHEM,BHAGIRADHA CHEMICALS & INDUSTR
530803,BHAGERIA,BHAGERIA INDUSTRIES 
500051,BHAGGAS,BHAGAWATI GAS
509449,BHAGWOX,BHAGWATI OXYGEN
512296,BHAGYANGR,BHAGYANAGAR INDIA
512608,BHANDARI,BHANDARI HOSIERY EXPORTS
538576,BHANDERI,BHANDERI INFRACON
511501,BHARAT,BHARAT BHUSHAN FINANCE & COMMO
531862,BHARATAGRI,BHARAT AGRI FERT & REALTY
544678,BHARATCOAL,BHARAT COKING COAL
500493,BHARATFORG,BHARAT FORGE
505688,BHARATGEAR,BHARAT GEARS
590021,BHARATRAS,BHARAT RASAYAN
544535,BHARATROHAN,BHARATROHAN AIRBORNE INNOVATIO
523229,BHARATSE,BHARAT SEATS
539799,BHARATWIRE,BHARAT WIRE ROPES 
532454,BHARTIARTL,BHARTI AIRTEL
524534,BHASKAGR,BHASKAR AGROCHEMICALS
540956,BHATIA,BHATIA COMMUNICATIONS & RETAIL
544551,BHAVIK,BHAVIK ENTERPRISES
500103,BHEL,BHARAT HEAVY ELECTRICALS
514272,BHILSPIN,BHILWARA SPINNERS
526488,BHUDEVI,BHUDEVI INFRA PROJECTS
526853,BI,BILCARE
524663,BIBCL,BHARAT IMMUNOLOGICALS & BIOLOG
540061,BIGBLOC,BIGBLOC CONSTRUCTION 
500058,BIHSPONG,BIHAR SPONGE IRON
543653,BIKAJI,BIKAJI FOODS INTERNATIONAL LIM
526666,BIL,BHARTIYA INTERNATIONAL
543209,BILLWIN,BILLWIN INDUSTRIES 
500059,BILVYAPAR,BIL VYAPAR
505681,BIMETAL,BIMETAL BEARINGS
540148,BINDALEXPO,BINDAL EXPORTS 
535620,BINNYMILLS,BINNY MILLS
532523,BIOCON,BIOCON
524396,BIOFILCHEM,BIOFIL CHEMICALS & PHARMACEUTI
531752,BIOGEN,BIOGEN PHARMACHEM INDUSTRIES L
543261,BIRET,BROOKFIELD INDIA REAL ESTATE TRUST - REIT
500060,BIRLACABLE,BIRLA CABLE 
500335,BIRLACORPN,BIRLA CORPORATION
533006,BIRLACOT,BIRLA COTSYN (INDIA)
532974,BIRLAMONEY,ADITYA BIRLA MONEY
509675,BIRLANU,BIRLANU
522105,BIRLAPREC,BIRLA PRECISION TECHNOLOGIES L
526709,BITS,BITS
543926,BIZOTIC,BIZOTIC COMMERCIAL 
519500,BKV,BKV INDUSTRIES
514183,BLACKROSE,BLACK ROSE INDUSTRIES
543898,BLAL,BEML LAND ASSETS 
532290,BLBLIMITED,BLB
544870,BLEL,BEHARI LAL ENGINEERING
532485,BLIL,BALMER LAWRIE INVESTMENTS
506197,BLISSGVS,BLISS GVS PHARMA
532719,BLKASHYAP,B.L.KASHYAP AND SONS
513422,BLOIN,BLOOM INDUSTRIES
540073,BLS,BLS INTERNATIONAL SERVICES
544474,BLT,BLT LOGISTICS 
506981,BLUECHIPT,BLUE CHIP TEX INDUSTRIES
539607,BLUECLOUDS,BLUE CLOUD SOFTECH SOLUTIONS L
531495,BLUECOAST,BLUE COAST HOTELS
526612,BLUEDART,BLUE DART EXPRESS
500067,BLUESTARCO,BLUE STAR
544484,BLUESTONE,BLUESTONE JEWELLERY AND LIFEST
535279,BMAL,BOTHRA METALS & ALLOYS
531420,BMBMUMG,BMB MUSIC & MAGNETICS
542669,BMW,BMW INDUSTRIES
544543,BMWVENTLTD,BMW VENTURES
526125,BNAGROCHEM,BN AGROCHEM
508136,BNALTD,B & A
523019,BNRSEC,B.N.RATHI SECURITIES
530809,BNRUDY,BNR UDYOG
524370,BODALCHEM,BODAL CHEMICALS
539122,BODHTREE,BODHTREE CONSULTING 
501430,BOMBCYC,BOMBAY CYCLE & MOTOR AGENCY LT
504648,BOMBWIR,BOMBAY WIRE ROPES
500020,BOMDYEING,BOMBAY DYEING & MFG.CO.LTD.
509470,BOMOXY-B1,BOMBAY OXYGEN INVESTMENTS LIMI
511246,BOMTALKIES,BOMBAY TALKIES
543971,BONDADA,BONDADA ENGINEERING 
543211,BONLON,BONLON INDUSTRIES
543212,BOROLTD,BOROSIL 
502219,BORORENEW,BOROSIL RENEWABLES
523398,BOSCH-HCIL,BOSCH HOME COMFORT INDIA LIMIT
500530,BOSCHLTD,BOSCH
531458,BOSTON,BOSTON COMMERCE
514440,BPAGRI,BLUE PEARL AGRIVENTURES LIMITE
500547,BPCL,BHARAT PETROLEUM CORPORATION L
500074,BPL,BPL
541096,BPLPHARMA,BHARAT PARENTERALS 
505690,BRADYM,BRADY & MORRIS ENGINEERING CO.
535693,BRAHMINFRA,BRAHMAPUTRA INFRASTRUCTURE
530207,BRAWN,BRAWN BIOTECH
530249,BRIDGESE,BRIDGE SECURITIES
532929,BRIGADE,BRIGADE ENTERPRISES
544457,BRIGHOTEL,BRIGADE HOTEL VENTURES 
543831,BRIGHT,BRIGHT OUTDOOR MEDIA 
526731,BRIGHTBR,BRIGHT BROTHERS
532113,BRIJLEAS,BRIJLAXMI LEASING & FINANCE LT
539434,BRIPORT,BRILLIANT PORTFOLIOS
500825,BRITANNIA,BRITANNIA INDUSTRIES
540700,BRNL,BHARAT ROAD NETWORK 
533543,BROOKS,BROOKS LABORATORIES
538546,BRPL,BANSAL ROOFING PRODUCTS
543543,BRRL,B-RIGHT REALESTATE
532123,BSELALGO,BSEL ALGO
544757,BSHSL,BOMBAY SUPER HYBRID SEEDS LIMI
514045,BSL,BSL
533408,BSLGOLDETF,ADITYA BIRLA SUN LIFE GOLD ETF
540008,BSLSENETFG,ADITYA BIRLA SUN LIFE BSE SENSEX ETF
532400,BSOFT,BIRLASOFT
543767,BTML,BODHI TREE MULTIMEDIA
533108,BTTL,BHILWARA TECHNICAL TEXTILES LT
544517,BUILDPRO,SHANKARA BUILDPRO 
532931,BURNPUR,BURNPUR CEMENT
517421,BUTTERFLY,BUTTERFLY GANDHIMATHI APPLIANC
532916,BVCL,BARAK VALLEY CEMENTS
531373,BYKE,THE BYKE HOSPITALITY
517236,CALCOM,CALCOM VISION
539335,CALLISTA,CALLISTA INDUSTRIES 
532386,CALSOFT,CALIFORNIA SOFTWARE CO.LTD.
524440,CAMEXLTD,CAMEX
532834,CAMLINFINE,CAMLIN FINE SCIENCES
543523,CAMPUS,CAMPUS ACTIVEWEAR 
543232,CAMS,COMPUTER AGE MANAGEMENT SERVIC
532483,CANBK,CANARA BANK
522292,CANDOUR,CANDOUR TECHTEX
511196,CANFINHOME,CAN FIN HOMES
544583,CANHLIFE,CANARA HSBC LIFE INSURANCE COM
533267,CANTABIL,CANTABIL RETAIL INDIA
540710,CAPACITE,CAPACITE INFRAPROJECTS 
544614,CAPILLARY,CAPILLARY TECHNOLOGIES INDIA L
524742,CAPLIPOINT,CAPLIN POINT LABORATORIES
538817,CAPPIPES,CAPTAIN PIPES 
512169,CAPRICORN,CAPRICORN SYSTEMS GLOBAL SOLUT
509486,CAPRIHANS,CAPRIHANS INDIA
507486,CAPRO,CAPROLACTAM CHEMICALS
511505,CAPTRUST,CAPITAL TRUST
513375,CARBORUNIV,CARBORUNDUM UNIVERSAL
534804,CARERATING,CARE RATINGS 
543621,CARGOSOL,CARGOSOL LOGISTICS 
543618,CARGOTRANS,CARGOTRANS MARITIME 
543333,CARTRADE,CARTRADE TECH 
524091,CARYSIL,CARYSIL
534732,CASPIAN,CASPIAN CORPORATE SERVICES LIM
531913,CASTORA,CASTORA AGRI COMMODITIES LIMIT
500870,CASTROLIND,CASTROL INDIA
531158,CATVISION,CATVISION 
542934,CBPL,CHANDRA BHAGAT PHARMA 
539807,CCAVENUE,AVENUESAI 
532902,CCCL,CONSOLIDATED CONSTRUCTION CONS
539091,CCDL,CONSECUTIVE COMMODITIES LIMITE
526550,CCHHL,COUNTRY CLUB HOSPITALITY AND H
519600,CCL,CCL PRODUCTS (INDIA)
531900,CCLINTER,CCL INTERNATIONAL
514336,CCME,CCME GLOBAL
500878,CEATLTD,CEAT
530789,CEEJAY,CEEJAY FINANCE
531119,CEENIK,CEENIK EXPORTS (INDIA)
514171,CEETAIN,CEETA INDUSTRIES
538734,CEINSYS,CEINSYS TECH
532695,CELEBRITY,CELEBRITY FASHIONS
532701,CELLA,CELLA SPACE
538596,CEMAINFRA,CEMANTIC INFRA-TECH
509496,CEMPRO,CEMINDIA PROJECTS 
522251,CENLUB,CENLUB INDUSTRIES
500280,CENTENKA,CENTURY ENKA
500083,CENTEXT,CENTURY EXTRUSIONS
532885,CENTRALBK,CENTRAL BANK OF INDIA
501150,CENTRUM,CENTRUM CAPITAL
517544,CENTUM,CENTUM ELECTRONICS
531099,CENTUPLE,CENTUPLE GLOBAL
532548,CENTURYPLY,CENTURY PLYBOARDS (I)
532443,CERA,CERA SANITARYWARE
500084,CESC,CESC
539991,CFEL,CONFIDENCE FUTURISTIC ENERGETE
543920,CFF,CFF FLUID CONTROL
540310,CFL,CLASSIC FILAMENTS 
531595,CGCL,CAPRI GLOBAL CAPITAL
500093,CGPOWER,CG POWER AND INDUSTRIAL SOLUTI
531489,CGVAK,CG-VAK SOFTWARE & EXPORTS
542399,CHALET,CHALET HOTELS 
530747,CHALLANI,CHALLANI CAPITAL
500085,CHAMBLFERT,CHAMBAL FERTILISERS & CHEMICAL
542627,CHANDNIMACH,CHANDNI MACHINES 
530309,CHANDRAP,CHANDRA PRABHU INTERNATIONAL L
540829,CHANDRIMA,CHANDRIMA MERCANTILES 
542678,CHCL,CIAN HEALTHCARE 
539800,CHDCHEM,CHD CHEMICALS 
530871,CHEMBOND,CHEMBOND MATERIAL TECHNOLOGIES
544450,CHEMBONDCH,CHEMBOND CHEMICALS 
543233,CHEMCON,CHEMCON SPECIALITY CHEMICALS L
540395,CHEMCRUX,CHEMCRUX ENTERPRISES 
541269,CHEMFAB,CHEMFAB ALKALIS
539230,CHEMIESYNT,CHEMIESYNTH (VAPI) 
544442,CHEMKART,CHEMKART INDIA 
543336,CHEMPLASTS,CHEMPLAST SANMAR 
537326,CHEMTECH,CHEMTECH INDUSTRIAL VALVES
539011,CHENFERRO,CHENNAI FERROUS INDUSTRIES LIM
500110,CHENNPETRO,CHENNAI PETROLEUM CORPORATION
526817,CHEVIOT,CHEVIOT CO.LTD.
544561,CHIRAHARIT,CHIRAHARIT 
532992,CHLLTD,CHL
531977,CHLOGIST,CHARTERED LOGISTICS
512301,CHMBBRW,CHAMBAL BREWERIES & DISTILLERI
531358,CHOICEIN,CHOICE INTERNATIONAL
530427,CHOKSI,CHOKSI ASIA
526546,CHOKSILA,CHOKSI LABORATORIES
511243,CHOLAFIN,CHOLAMANDALAM INVESTMENT AND F
504973,CHOLAHLDNG,CHOLAMANDALAM FINANCIAL HOLDIN
519475,CHORDIA,CHORDIA FOOD PRODUCTS
540681,CHOTHANI,CHOTHANI FOODS
501833,CHOWGULSTM,CHOWGULE STEAMSHIPS
513005,CHROME,CHROME SILICON 
511696,CHRTEDCA,CHARTERED CAPITAL & INVESTMENT
544546,CHTR,CHATTERBOX TECHNOLOGIES LIMITE
519477,CIANAGRO,CIAN AGRO IND & INFRA
532756,CIEINDIA,CIE AUTOMOTIVE INDIA 
530879,CIFL,CAPITAL INDIA FINANCE
530829,CILSEC,CIL SECURITIES
526373,CINDHO,CINDRELLA HOTELS
531283,CINDRELL,CINDRELLA FINANCIAL SERVICES L
532807,CINELINE,CINELINE INDIA
532324,CINEVISTA,CINEVISTA
500087,CIPLA,CIPLA
502445,CITADEL,CITADEL REALTY AND DEVELOPERS
531235,CITIPOR,CITIPORT FINANCIAL SERVICES LT
544753,CITIUSINVT,CITIUS TRANSNET INVESTMENT TRUST - INVIT
538786,CITIZEN,CITIZEN SOLAR 
521210,CITYMAN,CITYMAN
538674,CITYONLINE,CITY ONLINE SERVICES 
544514,CITYSQUARE,JAY AMBE SUPERMARKETS
507515,CJGEL,C.J.GELATINE PRODUCTS
543435,CLARA,CLARA INDUSTRIES
543318,CLEAN,CLEAN SCIENCE AND TECHNOLOGY L
544717,CLEANMAX,CLEAN MAX ENVIRO ENERGY SOLUTI
540403,CLEDUCATE,CL EDUCATE 
540481,CLFL,CLASSIC LEASING & FINANCE
530839,CLIOINFO,CLIO INFOTECH
530307,CLSEL,CHAMAN LAL SETIA EXPORTS LIMIT
540199,CMBL,CORPORATE MERCHANT BANKERS LIM
544833,CMLL,CALIBER MINING AND LOGISTICS L
523489,CMMHOSP,CHENNAI MEENAKSHI MULTISPECIAL
544739,CMPDI,CENTRAL MINE PLANNING & DESIGN
544777,CMRGREEN,CMR GREEN TECHNOLOGIES 
543441,CMSINFO,CMS INFO SYSTEMS 
532217,CMXLTD,CMX HOLDINGS
543619,CNCRD,CONCORD CONTROL SYSTEMS LIMITE
544631,CNL,CREATIVE NEWTECH
533278,COALINDIA,COAL INDIA
520131,COARO,COASTAL ROADWAYS
501831,COASTCORP,COASTAL CORPORATION
513353,COCHINM,COCHIN MINERALS & RUTILE
540678,COCHINSHIP,COCHIN SHIPYARD 
508571,COCHMAL,COCHIN MALABAR ESTATES & INDUS
500147,COCKERILL,JOHN COCKERILL INDIA
539436,COFFEEDAY,COFFEE DAY ENTERPRISES 
532541,COFORGE,COFORGE
543064,COHANCE,COHANCE LIFESCIENCES 
531210,COLINZ,COLINZ LABORATORIES
540023,COLORCHIPS,COLORCHIPS NEW MEDIA
500830,COLPAL,COLGATE-PALMOLIVE (INDIA)
534691,COMCL,COMFORT COMMOTRADE
535267,COMFINCAP,COMFORT FINCAP
531216,COMFINTE,COMFORT INTECH
543843,COMMAND,COMMAND POLYMERS 
531041,COMPEAU,COMPETENT AUTOMOBILES CO.LTD.
532456,COMPINFO,COMPUAGE INFOCOM
507833,COMPUPN,COMPUTER POINT
532339,COMPUSOFT,COMPUCOM SOFTWARE
543921,COMRADE,COMRADE APPLIANCES 
539986,COMSYN,COMMERCIAL SYN BAGS 
522231,CONART,CONART ENGINEERS
531344,CONCOR,CONTAINER CORPORATION OF INDIA
538965,CONCORD,CONCORD DRUGS 
543960,CONCORDBIO,CONCORD BIOTECH 
526829,CONFIPET,CONFIDENCE PETROLEUM INDIA
523844,CONSTRONIC,CONSTRONICS INFRA
543606,CONTAINE,CONTAINE TECHNOLOGIES
540597,CONTAINER,CONTAINERWAY INTERNATIONAL LIM
506935,CONTCHM,CONTINENTAL CHEMICALS
531460,CONTICON,CONTINENTAL CONTROLS
531067,CONTILI,CONTIL INDIA
523232,CONTPTR,CONTINENTAL PETROLEUMS
522295,CONTROLPR,CONTROL PRINT
524506,CORALAB,CORAL LABORATORIES
531556,CORALFINAC,CORAL INDIA FINANCE & HOUSING
544802,CORDELIA,WATERWAYS LEISURE TOURISM LIMI
532941,CORDSCABLE,CORDS CABLE INDUSTRIES
530755,CORNE,CORAL NEWSPRINTS
533167,COROENGG,COROMANDEL ENGINEERING COMPANY
506395,COROMANDEL,COROMANDEL INTERNATIONAL
544644,CORONA,CORONA REMEDIES 
530545,COSCO,COSCO (INDIA)
543928,COSMICCRF,COSMIC CRF 
523100,COSMOFE,COSMO FERRITES
508814,COSMOFIRST,COSMO FIRST 
543172,COSPOWER,COSPOWER ENGINEERING 
538922,COSYN,COSYN 
531624,COUNCODOS,COUNTRY CONDOS
533260,CPCAP,CP CAPITAL
544499,CPEDU,CAREER POINT EDUTECH 
536974,CPL,CAPTAIN POLYPLAST
542727,CPML,CITY PULSE MULTIVENTURES LIMIT
544466,CPPLUS,ADITYA INFOTECH 
538057,CPSEETF,CPSE ETF
543276,CRAFTSMAN,CRAFTSMAN AUTOMATION 
544580,CRAMC,CANARA ROBECO ASSET MANAGEMENT
538770,CRANEINFRA,CRANE INFRASTRUCTURE 
512093,CRANESSOFT,CRANES SOFTWARE INTERNATIONAL
522001,CRANEX,CRANEX
509472,CRAVATEX,CRAVATEX
544807,CRAZY,CRAZY SNACKS
539527,CREATIVE,CREATIVE CASTINGS 
532392,CREATIVEYE,CREATIVE EYE
541770,CREDITACC,CREDITACCESS GRAMEEN
511571,CRESCENTIS,CRESCENTIS CAPITAL 
511413,CREST,CREST
526977,CRIMSON,CRIMSON METAL ENGINEERING COMP
500092,CRISIL,CRISIL
544439,CRIZAC,CRIZAC
531909,CROISSANCE,CROISSANCE
539876,CROMPTON,CROMPTON GREAVES CONSUMER ELEC
523105,CROPSTER,CROPSTER AGRO
512379,CRSL,CRESSANDA RAILWAY SOLUTIONS LI
526269,CRSTCHM,CRESTCHEM
544440,CRYOGENIC,CRYOGENIC OGS
540821,CRYSTAL,CRYSTAL BUSINESS SYSTEM LIMITE
542867,CSBBANK,CSB BANK 
538868,CSL,CONTINENTAL SECURITIES 
530067,CSLFINANCE,CSL FINANCE 
544806,CSM,CSM TECHNOLOGIES
544900,CSML,COMPLETE SPORTS AND MANAGEMENT
531380,CSURGSU,CENTENIAL SURGICAL SUTURE
540652,CTCL,CAPTAIN TECHNOCAST 
532801,CTE,CAMBRIDGE TECHNOLOGY ENTERPRIS
538476,CTL,CAPITAL TRADE LINKS
532210,CUB,CITY UNION BANK
543899,CUBEINVIT,CUBE HIGHWAYS TRUST - INVIT
526027,CUBEXTUB,CUBEX TUBINGS
511710,CUBIFIN,CUBICAL FINANCIAL SERVICES
500480,CUMMINSIND,CUMMINS INDIA
530843,CUPID,CUPID
512361,CUPIDALBV,CUPID BREWERIES AND DISTILLERI
532332,CURAA,CURA TECHNOLOGIES
543378,CWD,CWD 
531472,CYBELEIND,CYBELE INDUSTRIES
532640,CYBERMEDIA,CYBER MEDIA (INDIA)
532173,CYBERTECH,CYBERTECH SYSTEMS AND SOFTWARE
532175,CYIENT,CYIENT
543933,CYIENTDLM,CYIENT DLM 
500096,DABUR,DABUR INDIA
544667,DACHEPALLI,DACHEPALLI PUBLISHERS 
526821,DAICHI,DAI-ICHI KARKARIA
530825,DAIKAFFI,DAIKAFFIL CHEMICALS INDIA
539681,DAL,DYNAMIC ARCHISTRUCTURES LIMITE
542216,DALBHARAT,DALMIA BHARAT
500097,DALMIASUG,DALMIA BHARAT SUGAR AND INDUST
521220,DAMODARIND,DAMODAR INDUSTRIES
532329,DANLAW,DANLAW TECHNOLOGIES INDIA
540361,DANUBE,DANUBE INDUSTRIES
543651,DAPS,DAPS ADVERTISING
539770,DARJEELING,DARJEELING INDUSTRIIES
539884,DARSHANORNA,DARSHAN ORNA 
532528,DATAMATICS,DATAMATICS GLOBAL SERVICES
543428,DATAPATTNS,DATA PATTERNS (INDIA) 
519413,DATIWARE,DATIWARE MARITIME INFRA LIMITE
530171,DAULAT,DAULAT SECURITIES
543267,DAVANGERE,DAVANGERE SUGAR COMPANY LIMITE
533151,DBCORP,D B CORP
540047,DBL,DILIP BUILDCON 
543593,DBOL,DHAMPUR BIO ORGANICS 
533160,DBREALTY,VALOR ESTATE
530393,DBSTOCKBRO,DB (INTERNATIONAL) STOCK BROKE
540701,DCAL,DISHMAN CARBOGEN AMCIS 
532772,DCBBANK,DCB BANK
543636,DCI,DC INFOTECH AND COMMUNICATION
502820,DCM,DCM
511611,DCMFINSERV,DCM FINANCIAL SERVICES
542729,DCMNVL,DCM NOUVELLE
523367,DCMSHRIRAM,DCM SHRIRAM
544702,DCMSIL,DCM SHRIRAM INTERNATIONAL LIMI
523369,DCMSRIND,DCM SHRIRAM INDUSTRIES
500117,DCW,DCW
543650,DCXINDIA,DCX SYSTEMS 
543547,DDEVPLSTIK,DDEV PLASTIKS INDUSTRIES LIMIT
542248,DECCAN,DECCAN HEALTH CARE 
502137,DECCANCE,DECCAN CEMENTS
524752,DECIPHER,DECIPHER LABS
512068,DECNGOLD,DECCAN GOLD MINES
531227,DECOMIC,DECO-MICA
531989,DECPO,DECCAN POLYPACKS
541778,DEEP,DEEP POLYMERS 
544903,DEEPA,DEEPA JEWELLERS 
539559,DEEPAI,DEEP HEALTH AI INDIA 
500645,DEEPAKFERT,DEEPAK FERTILISERS & PETROCHEM
506401,DEEPAKNTR,DEEPAK NITRITE
514030,DEEPAKSP,DEEPAK SPINNERS
543288,DEEPINDS,DEEP INDUSTRIES 
544677,DEFRAIL,DEFRAIL TECHNOLOGIES 
542679,DEL,DHANASHREE ELECTRONICS 
543529,DELHIVERY,DELHIVERY 
533452,DELPHIFX,DELPHI WORLD MONEY
539596,DELTA,DELTA INDUSTRIAL RESOURCES LIM
532848,DELTACORP,DELTA CORP
504286,DELTAMAGNT,DELTA MANUFACTURING
533137,DEN,DEN NETWORKS
537536,DENISCHEM,DENIS CHEM LAB
590031,DENORA,DE NORA INDIA
531521,DESHRAK,DESH RAKSHAK AUSHDHALAYA
531585,DEVINE,DEVINE IMPEX
543462,DEVIT,DEV INFORMATION TECHNOLOGY LIM
543848,DEVLAB,DEV LABTECH VENTURE 
544823,DEVSON,DEVSON CATALYST
544513,DEVX,DEV ACCELERATOR 
543330,DEVYANI,DEVYANI INTERNATIONAL 
539190,DFL,DECILLION FINANCE
542685,DGCONTENT,DIGICONTENT 
542155,DGL,DIKSHA GREENS 
538715,DHABRIYA,DHABRIYA POLYWOOD 
531923,DHAMPURE,DHAMPURE SPECIALITY SUGARS
500119,DHAMPURSUG,DHAMPUR SUGAR MILLS
532180,DHANBANK,DHANLAXMI BANK
512485,DHANCOT,DHANLAXMI COTEX
521151,DHANFAB,DHANLAXMI FABRICS
521216,DHANROTO,DHANALAXMI ROTO SPINNERS
512048,DHANSAFAL,DHANSAFAL FINSERVE
507717,DHANUKA,DHANUKA AGRITECH
544884,DHANWEL,DHANWEL HYBRID SEEDS 
541161,DHARAN,DHARAN INFRA-EPC
511451,DHARFIN,DHARANI FINANCE
543687,DHARMAJ,DHARMAJ CROP GUARD 
543753,DHARNI,DHARNI CAPITAL SERVICES LIMITE
540080,DHATRE,DHATRE UDYOG 
544854,DHAVAL,DHAVAL PACKAGING 
501945,DHENUBUILD,DHENU BUILDCON INFRA
544556,DHILLON,DHILLON FREIGHT CARRIER LIMITE
517514,DHINDIA,D&H INDIA
526971,DHOOTIN,DHOOT INDUSTRIAL FINANCE
544867,DHOOTTRANS,DHOOT TRANSMISSION 
531306,DHPIND,DHP INDIA
541302,DHRUV,DHRUV CONSULTANCY SERVICES LIM
531237,DHRUVCA,DHRUVA CAPITAL SERVICES
533336,DHUNINV,DHUNSERI INVESTMENTS
539552,DHVIJAFIN,DHVIJA FINANCE
543516,DHYAANITR,DHYAANI TRADEVENTTURES
522163,DIACABS,DIAMOND POWER INFRASTRUCTURE L
500120,DIAMINESQ,DIAMINES & CHEMICALS
540724,DIAMONDYD,PRATAAP SNACKS 
530959,DIANATEA,DIANA TEA CO.LTD.
500089,DICIND,DIC INDIA
539900,DIDL,DALMIA INDUSTRIAL DEVELOPMENT
544684,DIGILOGIC,DIGILOGIC SYSTEMS
517214,DIGISPICE,DIGISPICE TECHNOLOGIES
539979,DIGJAMLMTD,DIGJAM
540151,DIKSAT,DIKSAT TRANSWORLD 
544798,DIKSHA,DIKSHA POLYMERS
531153,DILIGENT,DILIGENT INDUSTRIES
500068,DISAQ,DISA INDIA
532839,DISHTV,DISH TV INDIA
539405,DITCO,DECOROUS INVESTMENT AND TRADIN
543812,DIVGIITTS,DIVGI TORQTRANSFER SYSTEMS LIM
532488,DIVISLAB,DIVIS LABORATORIES
526315,DIVSHKT,DIVYASHAKTI
540699,DIXON,DIXON TECHNOLOGIES (INDIA) LIM
543193,DJML,DJ MEDIAPRINT & LOGISTICS LIMI
541299,DLCL,DR LALCHANDANI LABS
532868,DLF,DLF
533146,DLINKINDIA,D-LINK (INDIA)
504240,DLTNCBL,DELTON CABLES
540376,DMART,AVENUE SUPERMARTS 
506405,DMCC,DMCC SPECIALITY CHEMICALS LIMI
540811,DML,DIGGI MULTITRADE 
543410,DMR,DMR ENGINEERING
540789,DNAMEDIA,DILIGENT MEDIA CORPORATION LIM
543306,DODLA,DODLA DAIRY 
505526,DOLATALGO,DOLAT ALGOTECH
542013,DOLFIN,DOLFIN RUBBERS 
541403,DOLLAR,DOLLAR INDUSTRIES 
544908,DOLLEX,DOLLEX AGROTECH 
522261,DOLPHIN,DOLPHIN OFFSHORE ENTERPRISES (
512519,DONEAR,DONEAR INDUSTRIES
543594,DPL,DIPNA PHARMACHEM
543962,DPWIRES,D.P. WIRES
540144,DRA,DRA CONSULTANTS
526783,DRAGARWQ,DR.AGARWALS EYE HOSPITAL
543268,DRCSYSTEMS,DRC SYSTEMS INDIA 
543591,DREAMFOLKS,DREAMFOLKS SERVICES
523618,DREDGECORP,DREDGING CORPORATION OF INDIA
531553,DRL,DISHA RESOURCES
543713,DRONACHRYA,DRONEACHARYA AERIAL INNOVATION
500124,DRREDDY,DR.REDDYS LABORATORIES
544703,DSFCL,DCM SHRIRAM FINE CHEMICALS LIM
501148,DSINVEST,DALAL STREET INVESTMENTS
523890,DSKULKARNI,D.S.KULKARNI DEVELOPERS
532365,DSSL,DYNACONS SYSTEMS & SOLUTIONS L
538902,DTIL,DHUNSERI TEA & INDUSTRIES
534674,DUCON,DUCON INFRATECHNOLOGIES
531471,DUKEOFS,DUKE OFFSHORE
504908,DUNCANENG,DUNCAN ENGINEERING 
526355,DUROPACK,DUROPACK
516003,DUROPLY,DUROPLY INDUSTRIES
517437,DUTRON,DUTRON POLYMERS
523736,DVL,DHUNSERI VENTURES 
532610,DWARKESH,DWARIKESH SUGAR INDUSTRIES
540795,DYCL,DYNAMIC CABLES 
505242,DYNAMATECH,DYNAMATIC TECHNOLOGIES
530779,DYNAMICP,DYNAMIC PORTFOLIO MANAGEMENT &
524818,DYNAMIND,DYNAMIC INDUSTRIES
517238,DYNAVSN,DYNAVISION
532707,DYNPRO,DYNEMIC PRODUCTS
544783,E2E,E2E NETWORKS 
544549,EARKART,EARKART
543765,EARTH,EARTHSTAHL & ALLOYS 
543272,EASEMYTRIP,EASY TRIP PLANNERS 
507917,EASTBUILD,EAST BUILDTECH
523874,EASTINDIA,EAST INDIA DRUMS AND BARRELS M
531346,EASTRED,EASTERN TREADS
590022,EASTSILK,EASTERN SILK INDUSTRIES
540006,EASTWEST,EAST WEST FREIGHT CARRIERS
542906,EASUN,EASUN CAPITAL MARKETS 
544455,EBGNG,GNG ELECTRONICS 
531035,EBIX,EBIX
532927,ECLERX,ECLERX SERVICES
523732,ECOBOAR,ECOBOARD INDUSTRIES
539455,ECOFINITY,ECOFINITY ATOMIX
514402,ECOHOTELS,ECO HOTELS AND RESORTS
526703,ECOPLAST,ECOPLAST
530643,ECORECO,ECO RECYCLING
520081,ECSTSTL,EAST COAST STEEL
532922,EDELWEISS,EDELWEISS FINANCIAL SERVICES L
517170,EDVENSWA,EDVENSWA ENTERPRISES 
501386,EENTER,E AND E ENTERPRISES
512008,EFCIL,EFC (I)
531190,EFORU,EFORU ENTERTAINMENT
505200,EICHERMOT,EICHER MOTORS
500125,EIDPARRY,E.I.D.-PARRY (INDIA)
543518,EIGHTY,EIGHTY JEWELLERS 
523127,EIHAHOTELS,EIH ASSOCIATED HOTELS - OBEROI HOTELS
500840,EIHOTEL,EIH  - OBEROI HOTELS
540204,EIKO,EIKO LIFESCIENCES
523708,EIMCOELECO,EIMCO ELECON (INDIA)
530581,EKAMLEA,EKAM LEASING & FINANCE CO.LTD.
531364,EKANSH,EKANSH CONCEPTS 
532684,EKC,EVEREST KANTO CYLINDER
543475,EKENNIS,EKENNIS SOFTWARE SERVICE LIMIT
543284,EKI,EKI ENERGY SERVICES 
532820,ELAND,E-LAND APPAREL 
513452,ELANGO,ELANGO INDUSTRIES
500123,ELANTAS,ELANTAS BECK INDIA
503681,ELCIDIN,ELCID INVESTMENTS
523329,ELDEHSG,ELDECO HOUSING & INDUSTRIES LT
505700,ELECON,ELECON ENGINEERING CO.LTD.
500128,ELECTCAST,ELECTROSTEEL CASTINGS
526608,ELECTHERM,ELECTROTHERM (INDIA)
526473,ELEFLOR,ELEGANT FLORICULTURE & AGROTEC
526705,ELEMARB,ELEGANT MARBLES & GRANI INDUST
544724,ELFIN,ELFIN AGRO INDIA 
531144,ELFORGE,EL FORGE
522074,ELGIEQUIP,ELGI EQUIPMENTS
543725,ELIN,ELIN ELECTRONICS 
539533,ELITECON,ELITECON INTERNATIONAL
531278,ELIXIR,ELIXIR CAPITAL 
517477,ELNET,ELNET TECHNOLOGIES
504000,ELPROINTL,ELPRO INTERNATIONAL
522027,EMAINDIA,EMA INDIA
531162,EMAMILTD,EMAMI
533208,EMAMIPAP,EMAMI PAPER MILLS
533218,EMAMIREAL,EMAMI REALTY
542602,EMBASSY,EMBASSY OFFICE PARKS REIT
532832,EMBDL,EMBASSY DEVELOPMENTS
538882,EMERALD,EMERALD FINANCE 
507265,EMERALL,EMERALD LEISURES 
506180,EMERGENT,EMERGENT INDUSTRIAL SOLUTIONS
544747,EMIAC,EMIAC TECHNOLOGIES
543626,EMIL,ELECTRONICS MART INDIA 
532737,EMKAY,EMKAY GLOBAL FINANCIAL SERVICE
533161,EMMBI,EMMBI INDUSTRIES
524768,EMMESSA,EMMESSAR BIOTECH & NUTRITION L
544608,EMMVEE,EMMVEE PHOTOVOLTAIC POWER LIMI
509525,EMPIND,EMPIRE INDUSTRIES
504351,EMPOWER,EMPOWER INDIA
531676,EMROCK,EMROCK CORPORATION
543533,EMUDHRA,EMUDHRA 
512441,ENBETRD,ENBEE TRADE &AMP; FINANCE
540153,ENDURANCE,ENDURANCE TECHNOLOGIES 
544604,ENERGY,MIRAE ASSET NIFTY ENERGY ETF
532219,ENERGYDEV,ENERGY DEVELOPMENT COMPANY
542543,ENERGYINF,ENERGY INFRASTRUCTURE TRUST
532178,ENGINERSIN,ENGINEERS INDIA
532700,ENIL,ENTERTAINMENT NETWORK (INDIA)
533477,ENKEIWHEL,ENKEI WHEELS (INDIA)
544876,ENS,ENS ENTERPRISES 
526574,ENTRINT,ENTERPRISE INTERNATIONAL
500246,ENVAIREL,ENVAIR ELECTRODYNE
544540,EPACKPEB,EPACK PREFAB TECHNOLOGIES LIMI
543595,EPBIO,EP BIOCOMPOSITES
530407,EPIC,EPIC ENERGY
543332,EPIGRAL,EPIGRAL 
500135,EPL,EPL
531155,EPSOMPRO,EPSOM PROPERTIES
532092,EPUJA,EPUJA SPIRITECH
531262,EQUILATERA,EQUILATERAL ENTERPRISES LIMITE
590057,EQUIPPP,EQUIPPP SOCIAL IMPACT TECHNOLO
543243,EQUITASBNK,EQUITAS SMALL FINANCE BANK LIM
540596,ERIS,ERIS LIFESCIENCES 
530909,ERPSOFT,ERP SOFT SYSTEMS
500133,ESABINDIA,ESAB INDIA
531502,ESARIND,ESAAR (INDIA)
540455,ESCORP,ESCORP ASSET MANAGEMENT LIMITE
500495,ESCORTS,ESCORTS KUBOTA 
544898,ESDS,ESDS SOFTWARE SOLUTION 
531259,ESHAMEDIA,ESHA MEDIA RESEARCH
532016,ESPIRE,ESPIRE HOSPITALITY
512439,ESQRMON,ESQUIRE MONEY GUARANTEES
533704,ESSARSHPNG,ESSAR SHIPPING
535958,ESSENTIA,INTEGRA ESSENTIA 
544475,ESSEX,ESSEX MARINE
500136,ESTER,ESTER INDUSTRIES
543320,ETERNAL,ETERNAL - ZOMATO
543532,ETHOSLTD,ETHOS
538708,ETIL,ECONO TRADE (INDIA) 
543482,EUREKAFORB,EUREKA FORBES 
521137,EUREKAI,EUREKA INDUSTRIES
544461,EUROBOND,EURO PANEL PRODUCTS 
526468,EUROLED,EURO LEDER FASHION
544519,EUROPRATIK,EURO PRATIK SALES
521014,EUROTEXIND,EUROTEX INDUSTRIES & EXPORTS L
542668,EVANS,EVANS ELECTRIC
531508,EVEREADY,EVEREADY INDUSTRIES INDIA
508906,EVERESTIND,EVEREST INDUSTRIES
524790,EVERESTO,EVEREST ORGANICS
514358,EVERFIN,EVERLON FINANCIALS
524444,EVEXIA,EVEXIA LIFECARE
543500,EVOQ,EVOQ REMEDIES 
544626,EXATO,EXATO TECHNOLOGIES
500650,EXCELINDUS,EXCEL INDUSTRIES
544617,EXCELSOFT,EXCELSOFT TECHNOLOGIES 
543895,EXHICON,EXHICON EVENTS MEDIA SOLUTIONS
500086,EXIDEIND,EXIDE INDUSTRIES
533121,EXPLEOSOL,EXPLEO SOLUTIONS
530571,EXPLICITFIN,EXPLICIT FINANCE
526614,EXPOEAPL,EXPO ENGINEERING AND PROJECTS
543327,EXXARO,EXXARO TILES 
512099,EY,EYANTRA VENTURES
543444,FABINO,FABINO ENTERPRISES
544558,FABTECH,FABTECH TECHNOLOGIES 
532656,FACORALL,FACOR ALLOYS
590024,FACT,FERTILIZERS & CHEMICALS TRAVAN
543252,FAIRCHEMOR,FAIRCHEM ORGANICS 
516110,FAMILYCARE,FAMILY CARE HOSPITALS
544905,FARMPEACE,FARM PEACE 
530079,FAZE3Q,FAZE THREE
533333,FCL,FINEOTEX CHEMICAL
532666,FCSSOFT,FCS SOFTWARE SOLUTIONS
531599,FDC,FDC
511628,FEDDERSHOL,FEDDERS HOLDING
500469,FEDERALBNK,FEDERAL BANK
523574,FEL,FUTURE ENTERPRISES 
570002,FELDVR,FUTURE ENTERPRISES 
506414,FERMENTA,FERMENTA BIOTECH
533896,FERVENTSYN,FERVENT SYNERGIES
513579,FFPL,FOUNDRY FUEL PRODUCTS
500142,FGP,FGP
507910,FIBERWEB,FIBERWEB (INDIA)
532768,FIEMIND,FIEM INDUSTRIES
544707,FIL,FRACTAL INDUSTRIES 
526227,FILATEX,FILATEX INDIA
532022,FILATFASH,FILATEX FASHIONS
531486,FILME,FILMCITY MEDIA
539098,FILTRA,FILTRA CONSULTANTS AND ENGINEE
531191,FILTRON,FILTRON ENGINEERS
500144,FINCABLES,FINOLEX CABLES
517264,FINELINE,FINE-LINE CIRCUITS
541557,FINEORG,FINE ORGANIC INDUSTRIES LIMITE
508954,FINKURVE,FINKURVE FINANCIAL SERVICES LT
543386,FINOPB,FINO PAYMENTS BANK 
500940,FINPIPE,FINOLEX INDUSTRIES
532379,FIRSTFIN,FIRST FINTEC
524743,FISCHER,FISCHER MEDICAL VENTURES LIMIT
543663,FIVESTAR,FIVE-STAR BUSINESS FINANCE
523672,FLEXFO,FLEX FOODS
544581,FLEXIADD,DSP NIFTY500 FLEXICAP QUALITY 30 ETF
533638,FLEXITUFF,FLEXITUFF VENTURES INTERNATION
536507,FLFL,FUTURE LIFESTYLE FASHIONS
504380,FLOMIC,FLOMIC GLOBAL LOGISTICS LIMITE
540267,FLORACORP,FLORA CORPORATION 
522017,FLUIDOM,FLUIDOMAT
542812,FLUOROCHEM,GUJARAT FLUOROCHEMICALS LIMITE
544904,FLYHI,FLY-HI MARITIME TRAVELS LIMITE
505744,FMGOETZE,FEDERAL-MOGUL GOETZE (INDIA) L
533296,FMNL,FUTURE MARKET NETWORKS
543312,FOCUS,FOCUS BUSINESS SOLUTION LIMITE
507552,FOODSIN,FOODS & INNS
502865,FORBESCO,FORBES & COMPANY
500033,FORCEMOT,FORCE MOTORS
530213,FORINTL,FORTUNE INTERNATIONAL
532843,FORTIS,FORTIS HEALTHCARE
523696,FORTISMLR,FORTIS MALAR HOSPITALS
523160,FOSECOC,FOSECO CRUCIBLE INDIA
500150,FOSECOIND,FOSECO INDIA
544700,FRACTAL,FRACTAL ANALYTICS 
539839,FRANKLIN,FRANKLIN LEASING AND FINANCE L
540190,FRANKLININD,FRANKLIN INDUSTRIES 
539032,FRASER,FRASER AND COMPANY 
541741,FRATELLI,FRATELLI VINEYARDS 
539730,FREDUN,FREDUN PHARMACEUTICALS 
508980,FRONTCAP,FRONTIER CAPITAL
532042,FRONTCORP,FRONTLINE CORPORATION
531685,FRONTFN,FRONTLINE FINANCIAL SERVICES L
522195,FRONTSP,FRONTIER SPRINGS
538568,FRUTION,FRUITION VENTURE
532809,FSL,FIRSTSOURCE SOLUTIONS
530197,FUNDVISER,FUNDVISER CAPITAL (INDIA) LIMI
543652,FUSION,FUSION FINANCE
534063,FUTSOL,FUTURISTIC SOLUTIONS
523113,FUTURSEC,FUTURISTIC SECURITIES
507962,FYNX,FYNX CAPITAL
505714,GABRIEL,GABRIEL INDIA
524226,GAEL,GUJARAT AMBUJA EXPORTS
524624,GAGAN,GAGAN GASES
532155,GAIL,GAIL (INDIA)
544885,GAJA,GAJA ALTERNATIVE ASSET MANAGEM
538609,GAJANANSEC,GAJANAN SECURITIES SERVICES LT
542802,GALACTICO,GALACTICO CORPORATE SERVICES L
504697,GALADA,GALADA POWER & TELECOMMUNICATI
538881,GALADAFIN,GALADA FINANCE 
531911,GALAGEX,GALAXY AGRICO EXPORTS
540935,GALAXYSURF,GALAXY SURFACTANTS 
532726,GALLANTT,GALLANTT ISPAT
544616,GALLARD,GALLARD STEEL 
531902,GALLOPENT,GALLOPS ENTERPRISE
526073,GALXBRG,GALAXY BEARINGS
540097,GAMCO,GAMCO
513108,GANDHITUBE,GANDHI SPECIAL TUBES
514167,GANECOS,GANESHA ECOSPHERE
500153,GANESHBE,GANESH BENZOPLAST
544528,GANESHCP,GANESH CONSUMER PRODUCTS LIMIT
526367,GANESHHOU,GANESH HOUSING
531813,GANGAPA,GANGA PAPERS INDIA
539680,GANGAPHARM,GANGA PHARMACEUTICALS 
540647,GANGESSECU,GANGES SECURITIES
504397,GANHOLD,GANESH HOLDINGS
512443,GANONPRO,GANON PRODUCTS 
539041,GANVERSE,GANESHA ECOVERSE
539492,GARBIFIN,GARBI FINVEST 
509557,GARFIBRES,GARWARE TECHNICAL FIBRES LIMIT
530615,GARGFUR,GARG FURNACE
543709,GARGI,PNGS GARGI FASHION JEWELLERY L
539216,GARMNTMNTR,GARMENT MANTRA LIFESTYLE LIMIT
526727,GARNET,GARNET CONSTRUCTION
512493,GARNETINT,GARNET INTERNATIONAL
509563,GARWAMAR,GARWARE MARINE INDUSTRIES
501848,GARWAOFFS,GARWARE OFFSHORE SERVICES LIMI
514400,GARWSYN,GARWARE SYNTHETICS
531723,GATECH,GACM TECHNOLOGIES 
570005,GATECHDVR,GACM TECHNOLOGIES  - DV
543489,GATEWAY,GATEWAY DISTRIPARKS 
544709,GAUDIUMIVF,GAUDIUM IVF AND WOMEN HEALTH L
541546,GAYAHWS,GAYATRI HIGHWAYS
532767,GAYAPROJ,GAYATRI PROJECTS
532183,GAYATRI,GAYATRI SUGARS
524564,GAYATRIBI,GAYATRI BIOORGANICS
538787,GBFL,GOENKA BUSINESS & FINANCE LIMI
531463,GBLINFRA,GLOBAL INFRATECH & FINANCE LIM
538319,GCMCAPI,GCM CAPITAL ADVISORS
535917,GCMCOMM,GCM COMMODITY & DERIVATIVES LT
535431,GCMSECU,GCM SECURITIES
543324,GCSL,GRETEX CORPORATE SERVICES LIMI
530855,GDLLEAS,GDL LEASING & FINANCE
504028,GEE,GEE
532764,GEECEE,GEECEE VENTURES
540613,GEL,GAUTAM EXIM 
544491,GEMAROMA,GEM AROMATICS 
531137,GEMSI,GEMSTONE INVESTMENTS
521133,GEMSPIN,GEM SPINNERS INDIA
539407,GENCON,GENERIC ENGINEERING CONSTRUCTI
506109,GENESYS,GENESYS INTERNATIONAL CORPORAT
531739,GENNEX,GENNEX LABORATORIES
531592,GENPHARMA,GENPHARMASEC
542851,GENSOL,GENSOL ENGINEERING 
538961,GENUSPAPER,GENUS PAPER & BOARDS
530343,GENUSPOWER,GENUS POWER INFRASTRUCTURES LT
532425,GENUSPRIME,GENUS PRIME INFRA
532285,GEOJITFSL,GEOJIT FINANCIAL SERVICES LIMI
500620,GESHIP,GREAT EASTERN SHIPPING CO.LTD.
543372,GETALONG,GETALONG ENTERPRISE 
500173,GFLLIMITED,GFL
513343,GFSTEELS,GRAND FOUNDRY
531399,GGAUTO,G.G.AUTOMOTIVE GEARS
505250,GGDPROP,G. G. DANDEKAR PROPERTIES LIMI
540936,GGL,GAUTAM GEMS 
539228,GGPL,GALA GLOBAL PRODUCTS 
500171,GHCL,GHCL
543918,GHCLTEXTIL,GHCL TEXTILES 
539864,GHUSHINE,GHUSHINE FINTRRADE OCEAN LIMIT
505504,GHVINFRA,GHV INFRA PROJECTS
542918,GIANLIFE,GIAN LIFE CARE 
511676,GICHSGFIN,GIC HOUSING FINANCE
540755,GICRE,GENERAL INSURANCE CORPORATION
538788,GILADAFINS,GILADA FINANCE & INVESTMENTS L
532716,GILLANDERS,GILLANDERS ARBUTHNOT & CO.LTD.
507815,GILLETTE,GILLETTE INDIA
531744,GINISILK,GINI SILK MILLS
590025,GINNIFILA,GINNI FILAMENTS
517300,GIPCL,GUJARAT INDUSTRIES POWER CO.LT
539013,GITARENEW,GITA RENEWABLE ENERGY
533212,GKB,GKB OPHTHALMICS
531758,GKCONS,G.K.CONSULTANTS
544525,GKENERGY,GK ENERGY
540545,GKL,GURU KRUPA GEMS AND JEWELLERY
542666,GKP,G. K. P. PRINTING & PACKAGING
544666,GKSL,GUJARAT KIDNEY AND SUPER SPECI
542477,GLAAMUP,GLAAM UP JWEL
531199,GLANCE,GLANCE FINANCE
543245,GLAND,GLAND PHARMA 
544913,GLASSWALL,GLASS WALL SYSTEMS (INDIA) LIM
500660,GLAXO,GLAXOSMITHKLINE PHARMACEUTICAL
540266,GLCL,GLOBE COMMERCIALS 
544444,GLEN,GLEN INDUSTRIES 
532296,GLENMARK,GLENMARK PHARMACEUTICALS
500174,GLFL,GUJARAT LEASE FINANCING
543520,GLHRL,GLOBAL LONGLIFE HOSPITAL AND R
513528,GLITTEKG,GLITTEK GRANITES
530263,GLOBALCA,GLOBAL CAPITAL MARKETS
544665,GLOBALLOG,GLOBAL OCEAN LOGISTICS INDIA L
532773,GLOBALVECT,GLOBAL VECTRA HELICORP
544424,GLOBECIVIL,GLOBE CIVIL PROJECTS
544494,GLOBTIER,GLOBTIER INFOTECH 
526025,GLOBUSCON,GLOBUS CONSTRUCTORS & DEVELOPE
533104,GLOBUSSPR,GLOBUS SPIRITS
542351,GLOSTERLTD,GLOSTER
544557,GLOTTIS,GLOTTIS 
544759,GLPL,GOLDLINE PHARMACEUTICAL LIMITE
507488,GMBREW,G.M.BREWERIES
532181,GMDCLTD,GUJARAT MINERAL DEVELOPMENT CO
505255,GMMPFAUDLR,GMM PFAUDLER
543239,GMPL,G M POLYPLAST 
532754,GMRAIRPORT,GMR AIRPORTS 
543490,GMRP&UI,GMR POWER AND URBAN INFRA LIMI
540124,GNA,G N A AXLES 
500670,GNFC,GUJARAT NARMADA VALLEY FERTILI
513536,GNRL,GUJARAT NATURAL RESOURCES LIMI
509567,GOACARBON,GOA CARBON
542850,GOBLIN,GOBLIN INDIA
506480,GOCLCORP,GOCL CORPORATION 
543401,GOCOLORS,GO FASHION (INDIA) 
530317,GODAVARI,GODAVARI DRUGS
500163,GODFRYPHLP,GODFREY PHILLIPS INDIA
540743,GODREJAGRO,GODREJ AGROVET 
532424,GODREJCP,GODREJ CONSUMER PRODUCTS
500164,GODREJIND,GODREJ INDUSTRIES
533150,GODREJPROP,GODREJ PROPERTIES
543538,GOEL,GOEL FOOD PRODUCTS 
544504,GOELCONS,GOEL CONSTRUCTION COMPANY LIMI
531600,GOGIACAPGL,GOGIA CAPITAL GROWTH
532957,GOKAKTEX,GOKAK TEXTILES
532630,GOKEX,GOKALDAS EXPORTS
532980,GOKUL,GOKUL REFOILS & SOLVENT
539725,GOKULAGRO,GOKUL AGRO RESOURCES
531928,GOLCA,GOLDEN CARPETS
590095,GOLDBEES,NIPPON INDIA GOLD BEES ETF
544638,GOLDBND,BANDHAN GOLD ETF
538542,GOLDCOINHF,GOLD COIN HEALTH FOODS
540062,GOLDENCREST,GOLDEN CREST EDUCATION & SERVI
500151,GOLDENTOBC,GOLDEN TOBACCO
526729,GOLDIAM,GOLDIAM INTERNATIONAL
509024,GOLDLEG,GOLDEN LEGAND LEASING & FINANC
531439,GOLDTECH,AION TECH SOLUTIONS
531360,GOLECHA,GOLECHHA GLOBAL FINANCE
523676,GOLKUNDIA,GOLKUNDA DIAMONDS & JEWELLERY
530655,GOODLUCK,GOODLUCK INDIA 
500166,GOODRICKE,GOODRICKE GROUP
500168,GOODYEAR,GOODYEAR INDIA
531608,GORANIN,GORANI INDUSTRIES
531111,GOTHIPL,GOTHI PLASCON (INDIA)
506134,GOURMET,GOURMET GATEWAY INDIA
530709,GOWRALE,GOWRA LEASING & FINANCE
541152,GOYALALUM,GOYAL ALUMINIUMS
530663,GOYALASS,GOYAL ASSOCIATES
544548,GPAPL,GUJARAT PEANUT AND AGRI PRODUC
532734,GPIL,GODAWARI POWER & ISPAT
533248,GPPL,GUJARAT PIPAVAV PORT
533761,GPTINFRA,GPT INFRAPROJECTS
539120,GRAMEVA,GRAMEVA
504369,GRANDMA,GRANDMA TRADING & AGENCIES
523862,GRANDOAK,GRAND OAK CANYONS DISTILLERY L
532482,GRANULES,GRANULES INDIA
509488,GRAPHITE,GRAPHITE INDIA
500300,GRASIM,GRASIM INDUSTRIES
526751,GRATEXI,GRATEX INDUSTRIES
505710,GRAUWEIL,GRAUER & WEIL (INDIA)
509546,GRAVISSHO,GRAVISS HOSPITALITY
533282,GRAVITA,GRAVITA INDIA
532015,GRAVITY,GRAVITY (INDIA)
501455,GREAVESCOT,GREAVES COTTON
531737,GREENCREST,GREENCREST FINANCIAL SERVICES
538979,GREENLAM,GREENLAM INDUSTRIES
542857,GREENPANEL,GREENPANEL INDUSTRIES 
526797,GREENPLY,GREENPLY INDUSTRIES
533263,GREENPOWER,ORIENT GREEN POWER COMPANY
544682,GRERENEW,GRE RENEW ENERTECH 
506076,GRINDWELL,GRINDWELL NORTON
543317,GRINFRA,G R INFRAPROJECTS 
531449,GRMOVER,GRM OVERSEAS
532315,GROARC,GROARC INDUSTRIES INDIA LIMITE
539522,GROVY,GROVY INDIA 
539222,GROWINGTON,GROWINGTON VENTURES INDIA LIMI
544603,GROWW,BILLIONBRAINS GARAGE VENTURES
590157,GROWWDEFNC,GROWW NIFTY INDIA DEFENCE ETF
590156,GROWWGOLD,GROWW GOLD ETF
590158,GROWWRAIL,GROWW NIFTY INDIA RAILWAYS PSU ETF
590155,GROWWSLVR,GROWW SILVER ETF
509152,GRPLTD,GRP
542011,GRSE,GARDEN REACH SHIPBUILDERS & EN
500655,GRWRHITECH,GARWARE HI-TECH FILMS
890238,GSAILPP,G.S. AUTO INTERNATIONAL
513059,GSAUTO,G.S.AUTO INTERNATIONAL
511543,GSBFIN,GSB FINANCE
500690,GSFC,GUJARAT STATE FERTILIZERS & CH
530469,GSLSEC,GSL SECURITIES
543829,GSLSU,GLOBAL SURFACES 
506186,GSLTD,GALAXY SUPERMARKET
544733,GSPCROP,GSP CROP SCIENCE
532951,GSS,GSS INFOTECH
540654,GSTL,GLOBALSPACE TECHNOLOGIES LIMIT
544675,GTIL,GABION TECHNOLOGIES INDIA LIMI
500160,GTL,GTL
532775,GTLINFRA,GTL INFRASTRUCTURE
500170,GTNINDS,GTN INDUSTRIES
532744,GTNTEX,GTN TEXTILES
540602,GTPL,GTPL HATHWAY 
530457,GTTDATA,GTT DATA SOLUTIONS
539479,GTV,GTV ENGINEERING 
509079,GUFICBIO,GUFIC BIOSCIENCES
530001,GUJALKALI,GUJARAT ALKALIES & CHEMICALS L
522217,GUJAPOLLO,GUJARAT APOLLO INDUSTRIES
517288,GUJARATPOLY,GUJARAT POLY ELECTRONICS LIMIT
513507,GUJCONT,GUJARAT CONTAINERS
514386,GUJCOTEX,GUJARAT COTEX
526965,GUJCRAFT,GUJARAT CRAFT INDUSTRIES
511441,GUJCRED,GUJARAT CREDIT CORPORATION
539336,GUJENERGY,GUJARAT ENERGY 
507960,GUJHOTE,GUJARAT HOTELS
540938,GUJHYSPIN,GUJARAT HY-SPIN 
524238,GUJINJEC,GUJARAT INJECT (KERALA)
517372,GUJINTRX,GUJARAT INTRUX
531341,GUJINV,GUJARAT INVESTA
532070,GUJJUBHAI,GUJJUBHAI INDUSTRIES
506858,GUJPETR,GUJARAT PETROSYNTHESE
532160,GUJSTATFIN,GUJARAT STATE FINANCIAL CORPOR
524314,GUJTERC,GUJARAT TERCE LABORATORIES
506879,GUJTHEM,GUJARAT THEMIS BIOSYN
513337,GUJTLRM,GUJARAT TOOLROOM
541627,GUJWIND,GUJARAT WINDING SYSTEMS LIMITE
544834,GULFLLOYDS,GULF LLOYDS (INDIA)
538567,GULFOILLUB,GULF OIL LUBRICANTS INDIA
532543,GULFPETRO,GP PETROLEUMS
532457,GULPOLY,GULSHAN POLYOLS
539206,GVBL,GENOMIC VALLEY BIOTECH
544859,GVELECTRIC,G V ELECTRICALS
523277,GVFILM,GV FILMS
532708,GVKPIL,GVK POWER & INFRASTRUCTURE
532309,GVPIL,GE POWER INDIA
522275,GVT&D,GE VERNOVA T&D INDIA 
530141,GYANDEV,GYAN DEVELOPERS & BUILDERS
507912,GYFTR,GYFTR
541154,HAL,HINDUSTAN AERONAUTICS 
539854,HALDER,HALDER VENTURE 
515147,HALDYNGL,HALDYN GLASS
540679,HALEOSLABS,HALEOS LABS
526407,HAMPTON,HAMPTON SKY REALTY
538731,HANMAN,HANMAN FIT
544687,HANNAH,HANNAH JOSEPH HOSPITAL 
537709,HANSUGAR,SHREE HANUMAN SUGAR & INDUSTRI
543227,HAPPSTMNDS,HAPPIEST MINDS TECHNOLOGIES LI
530927,HARAFIN,HARYANA FINANCIAL CORPORATION
500178,HARCR,HARIG CRANKSHAFTS
509597,HARDCAS,HARDCASTLE & WAUD MFG.CO.LTD.
541276,HARDWYN,HARDWYN INDIA
538081,HARIAAPL,HARIA APPARELS
512604,HARIAEXPO,HARIA EXPORTS
544769,HARIKANTA,HARIKANTA OVERSEAS
543517,HARIOMPIPE,HARIOM PIPE INDUSTRIES 
542682,HARISH,HARISH TEXTILE ENGINEERS LIMIT
524080,HARLETH,HARYANA LEATHER CHEMICALS
500467,HARRMALAYA,HARRISONS MALAYALAM
543600,HARSHA,HARSHA ENGINEERS INTERNATIONAL
505336,HARSHILAGR,HARSHIL AGROTECH
532855,HARYNACAP,HARYANA CAPFIN
531387,HASTIFIN,HASTI FINANCE
533162,HATHWAY,HATHWAY CABLE & DATACOM
509073,HATHWAYB,HATHWAY BHAWANI CABLETEL & DAT
531531,HATSUN,HATSUN AGRO PRODUCT
517354,HAVELLS,HAVELLS INDIA
531322,HAVISHA,SRI HAVISHA HOSPITALITY INFRAS
539176,HAWAENG,HAWA ENGINEERS
508486,HAWKINCOOK,HAWKINS COOKERS
532467,HAZOOR,HAZOOR MULTI PROJECTS
542592,HBEL,HUMMING BIRD EDUCATION 
532334,HBESD,HB ESTATE DEVELOPERS
537839,HBGHOTELS,HBG HOTELS
508956,HBLEAS,HB LEASING & FINANCE CO.LTD.
517271,HBLENGINE,HBL ENGINEERING
532333,HBPOR,HB PORTFOLIO
532216,HBSL,HB STOCKHOLDINGS
500185,HCC,HINDUSTAN CONSTRUCTION CO.LTD.
539787,HCG,HEALTHCARE GLOBAL ENTERPRISES
539224,HCKKVENTURE,HCKK VENTURES 
500179,HCL-INSYS,HCL INFOSYSTEMS
538652,HCLTD,HIND COMMERCE
532281,HCLTECH,HCL TECHNOLOGIES
544429,HDBFS,HDB FINANCIAL SERVICES
541729,HDFCAMC,HDFC ASSET MANAGEMENT COMPANY
500180,HDFCBANK,HDFC BANK
540777,HDFCLIFE,HDFC LIFE INSURANCE COMPANY LI
532873,HDIL,HOUSING DEVELOPMENT & INFRASTR
540210,HEADSUP,HEADS UP VENTURES 
533259,HEALTHX,HEALTH X PLATFORM
543546,HEALTHYLIFE,HEALTHY LIFE AGRITEC
526967,HEERAISP,HEERA ISPAT
509631,HEG,HEG
500292,HEIDELBERG,HEIDELBERGCEMENT INDIA
544630,HELLOJI,HELLOJI HOLIDAYS
539174,HELPAGE,HELPAGE FINLEASE
531178,HEMANG,HEMANG RESOURCES
543242,HEMIPROP,HEMISPHERE PROPERTIES INDIA LI
543266,HERANBA,HERANBA INDUSTRIES 
505720,HERCULES,HERCULES INVESTMENTS 
519552,HERITGFOOD,HERITAGE FOODS
500182,HEROMOTOCO,HERO MOTOCORP
524669,HESTERBIO,HESTER BIOSCIENCES
544785,HEXAGON,HEXAGON NUTRITION 
534328,HEXATRADEX,HEXA TRADEX
500183,HFCL,HFCL
526899,HFIL,HIMALAYA FOOD INTERNATIONAL LI
541019,HGINFRA,H.G. INFRA ENGINEERING 
532761,HGM,HANDSON GLOBAL MANAGEMENT (HGM
532859,HGS,HINDUJA GLOBAL SOLUTIONS
504176,HIGHENE,HIGH ENERGY BATTERIES (INDIA)
544741,HIGHNESS,HIGHNESS MICROELECTRONICS LIMI
524735,HIKAL,HIKAL
542332,HIKLASS,HI-KLASS TRADING AND INVESTMEN
539697,HILIKS,HILIKS TECHNOLOGIES
544477,HILINFRA,HIGHWAY INFRASTRUCTURE 
532847,HILTON,HILTON METAL FORGING
514043,HIMATSEIDE,HIMATSINGKA SEIDE
505712,HIMTEK,HIM TEKNOFORGE
514428,HINDADH,HINDUSTAN ADHESIVES
500440,HINDALCO,HINDALCO INDUSTRIES
531979,HINDALUMI,HIND ALUMINIUM INDUSTRIES
531918,HINDAPL,HINDUSTAN APPLIANCES
532041,HINDBIO,HINDUSTAN BIO SCIENCES
509635,HINDCOMPOS,HINDUSTAN COMPOSITES
513599,HINDCOPPER,HINDUSTAN COPPER
505893,HINDHARD,HINDUSTAN HARDY
509895,HINDMILL,HINDOOSTAN MILLS
500500,HINDMOTORS,HINDUSTAN MOTORS
500186,HINDOILEXP,HINDUSTAN OIL EXPLORATION CO.L
500104,HINDPETRO,HINDUSTAN PETROLEUM CORPORATION  - HPCL
530315,HINDTIN,HINDUSTAN TIN WORKS
500696,HINDUNILVR,HINDUSTAN UNILEVER
519574,HINDUST,HINDUSTAN AGRIGENETICS
542905,HINDWAREAP,HINDWARE HOME INNOVATION LIMIT
500188,HINDZINC,HINDUSTAN ZINC
530853,HIPOLIN,HIPOLIN
531743,HIRAUTO,HIRA AUTOMOBILES
504036,HIRECT,HIRECT 
590018,HISARMETAL,HISAR METAL INDUSTRIES
521068,HISARSP,HISAR SPINNING MILLS
543411,HITECH,HI-TECH PIPES
526217,HITECHCORP,HITECH CORPORATION 
522073,HITECHGEAR,THE HI-TECH GEARS
532359,HITKITGLO,HIT KIT GLOBAL SOLUTIONS
531661,HITTCO,HITTCO TOOLS
522215,HLEGLAS,HLE GLASCOAT
500193,HLVLTD,HLV
543929,HMAAGRO,HMA AGRO INDUSTRIES 
500191,HMT,HMT
533217,HMVL,HINDUSTAN MEDIA VENTURES
519126,HNDFDS,HINDUSTAN FOODS
590113,HNGSNGBEES,NIPPON INDIA ETF HANG SENG BEES
500449,HOCL,HINDUSTAN ORGANIC CHEMICALS LT
523387,HOM,HOMRE
543259,HOMEFIRST,HOME FIRST FINANCE COMPANY IND
517174,HONAUT,HONEYWELL AUTOMATION INDIA
522064,HONDAPOWER,HONDA INDIA POWER PRODUCTS LIM
544794,HORIZON,HORIZON RECLAIM (INDIA) LIMITE
544880,HORIZONIND,HORIZON INDUSTRIAL PARKS LIMIT
532145,HOTLSILV,H.S.INDIA
526761,HOWARHO,HOWARD HOTELS
543433,HPAL,HP ADHESIVES 
526717,HPBL,HCP PLASTENE BULKPACK
502873,HPCOTTON,H.P.COTTON TEXTILE MILLS
543645,HPIL,HINDPRAKASH INDUSTRIES
540136,HPL,HPL ELECTRIC & POWER 
544848,HRHYGIENE,H. R. HYGIENE PRODUCTS
544656,HRS,HRS ALUGLAZE
526931,HRYNSHP,HARIYANA SHIP BREAKERS
500184,HSCL,HIMADRI SPECIALITY CHEMICAL LT
543916,HSIL,HEMANT SURGICAL INDUSTRIES LIM
544891,HTEL,HY-TECH ENGINEERS 
532662,HTMEDIA,HT MEDIA
532799,HUBTOWN,HUBTOWN
540530,HUDCO,HOUSING &URBAN DEVELOPMENT COR
509820,HUHTAMAKI,HUHTAMAKI INDIA
500262,HYBRIDFIN,HYBRID FINANCIAL SERVICES LIMI
539724,HYPERSOFT,HYPERSOFT TECHNOLOGIES
519463,IBINFO,IB INFOTECH ENTERPRISES
533520,IBULLSLTD,INDIABULLS 
511194,ICDSLTD,ICDS
544658,ICICIAMC,ICICI PRUDENTIAL ASSET MANAGEM
540787,ICICIB22,BHARAT 22 ETF
532174,ICICIBANK,ICICI BANK
540716,ICICIGI,ICICI LOMBARD GENERAL INSURANC
540133,ICICIPRULI,ICICI PRUDENTIAL LIFE INSURANC
521016,ICIL,INDO COUNT INDUSTRIES
538838,ICL,INDO COTSPIN 
544483,ICODEX,ICODEX PUBLISHING SOLUTIONS LI
544426,ICON,ICON FACILITATORS 
511260,ICONIKSPEV,ICONIK SPORTS AND EVENTS LIMIT
532835,ICRA,ICRA
539149,ICSL,INTEGRATED CAPITAL SERVICES LT
500116,IDBI,IDBI BANK
532822,IDEA,VODAFONE IDEA 
543932,IDEAFORGE,IDEAFORGE TECHNOLOGY
539437,IDFCFIRSTB,IDFC FIRST BANK
540154,IDFSENSEXE,BANDHAN MUTUAL FUND
504375,IDREAM,IDREAM FILM INFRASTRUCTURE COM
531840,IECEDU,IEC EDUCATION
540750,IEX,INDIAN ENERGY EXCHANGE 
507438,IFBAGRO,IFB AGRO INDUSTRIES
505726,IFBIND,IFB INDUSTRIES
500106,IFCI,IFCI
540774,IFGLEXPOR,IFGL REFRACTORIES 
535667,IFINSEC,INDIA FINSEC
539692,IFINSER,INTERACTIVE FINANCIAL SERVICES
540377,IFL,IFL ENTERPRISES
517380,IGARASHI,IGARASHI MOTORS INDIA
539449,IGCIL,IGC INDUSTRIES 
544432,IGCL,INDOGULF CROPSCIENCES 
532514,IGL,INDRAPRASTHA GAS
506945,IGLFXPL-B,INDO GULF INDUSTRIES
500199,IGPL,I G PETROCHEMICALS
532636,IIFL,IIFL FINANCE
542773,IIFLCAPS,IIFL CAPITAL SERVICES
526530,IIRM,IIRM HOLDINGS INDIA
501295,IITL,INDUSTRIAL INVESTMENT TRUST LT
531968,IITLPROJ,IITL PROJECTS
543923,IKIO,IKIO TECHNOLOGIES 
531997,IKOMA,IKOMA TECHNOLOGIES
532907,IL&FSENGG,IL&FS ENGINEERING AND CONSTRUC
533177,IL&FSTRANS,IL&FS TRANSPORTATION NETWORKS
539056,IMAGICAA,IMAGICAAWORLD ENTERTAINMENT LI
513295,IMEC,IMEC SERVICES
533047,IMFA,INDIAN METALS & FERRO ALLOYS L
590065,IMPAL,INDIA MOTOR PARTS & ACCESSORIE
514177,IMPERA,IMPERA WORLDWIDE
532614,IMPEXFERRO,IMPEX FERRO TECH
543620,INA,INSOLATION ENERGY
531129,INANI,INANI MARBLES & INDUSTRIES
517370,INCAP,INCAP
531594,INCON,INCON ENGINEERS
538365,INCREDIBLE,INCREDIBLE INDUSTRIES
509162,INDAG,INDAG RUBBER
517077,INDAGIV,IND-AGIV COMMERCE
511473,INDBANK,INDBANK MERCHANT BANKING SERVI
523465,INDBNK,IND BANK HOUSING
511355,INDCEMCAP,INDIA CEMENTS CAPITAL
532001,INDCTST,INDUCTO STEEL
531505,INDERGR,INDERGIRI FINANCE
531253,INDGELA,INDIA GELATINE & CHEMICALS
500850,INDHOTEL,THE INDIAN HOTELS COMPANY
530005,INDIACEM,INDIA CEMENTS
500201,INDIAGLYCO,INDIA GLYCOLS
530979,INDIAHOME,INDIA HOME LOAN
513361,INDIAHOMES,INDIA HOMES 
542726,INDIAMART,INDIAMART INTERMESH 
514165,INDIANACRY,INDIAN ACRYLICS
532814,INDIANB,INDIAN BANK
509692,INDIANCARD,INDIAN CARD CLOTHING CO.LTD.
504741,INDIANHUME,INDIAN HUME PIPE CO.LTD.
501700,INDIANVSH,INDIANIVESH
539448,INDIGO,INTERGLOBE AVIATION 
543258,INDIGOPNTS,INDIGO PAINTS 
540565,INDIGRID,INDIGRID INFRA TRUST - INVIT
509051,INDINFO,INDIAN INFOTECH & SOFTWARE
544454,INDIQUBE,INDIQUBE SPACES
500202,INDLEASE,INDIA LEASE DEVELOPMENT
532240,INDNIPPON,INDIA NIPPON ELECTRICALS
524648,INDOAMIN,INDO AMINES
524342,INDOBORAX,INDO BORAX & CHEMICALS
532100,INDOCITY,INDO-CITY INFOTECH
532612,INDOCO,INDOCO REMEDIES
526887,INDOCRED,INDO CREDIT CAPITAL
524458,INDOEURO,INDO EURO INDCHEM
504092,INDOKEM,INDOKEM
544837,INDOMIM,INDO-MIM 
543769,INDONG,INDONG TEA COMPANY
500207,INDORAMA,INDO RAMA SYNTHETICS (INDIA) L
544681,INDOSMC,INDO SMC 
541336,INDOSTAR,INDOSTAR CAPITAL FINANCE LIMIT
532717,INDOTECH,INDO TECH TRANSFORMERS
533676,INDOTHAI,INDO THAI SECURITIES
541304,INDOUS,INDO US BIO-TECH 
532894,INDOWIND,INDOWIND ENERGY
501298,INDPRUD,INDUSTRIAL & PRUDENTIAL INVEST
532150,INDRAMEDCO,INDRAPRASTHA MEDICAL CORP.LTD.
526445,INDRANIB,INDRAYANI BIOTECH
536709,INDRENEW,IND RENEWABLE ENERGY
522165,INDSILHYD,INDSIL HYDRO POWER AND MANGANE
500319,INDSUCR,INDIAN SUCROSE
532305,INDSWFTLAB,IND-SWIFT LABORATORIES
533329,INDTERRAIN,INDIAN TERRAIN FASHIONS
523586,INDTONER,INDIAN TONERS & DEVELOPERS
531841,INDUSFINL,INDUS FINANCE 
532187,INDUSINDBK,INDUSIND BANK
534816,INDUSTOWER,INDUS TOWERS
524614,INDXTRA,IEL
544567,INFINITY,INFINITY INFOWAY 
541083,INFLAME,INFLAME APPLIANCES 
543644,INFOBEAN,INFOBEANS TECHNOLOGIES 
509069,INFOMEDIA,INFOMEDIA PRESS
504810,INFORTEC,INFORMED TECHNOLOGIES INDIA LT
544919,INFRAX,INFRAX RENEWABLE
537985,INFRONICS,INFRONICS SYSTEMS
500209,INFY,INFOSYS
500210,INGERRAND,INGERSOLL-RAND (INDIA)
530787,INLANPR,INLAND PRINTERS
504746,INLCM,INDIAN LINK CHAIN MANUFACTURES
543905,INNOKAIZ,INNOKAIZ INDIA
541983,INNOVATIVE,INNOVATIVE IDEALS AND SERVICES
541353,INNOVATORS,INNOVATORS FACADE SYSTEMS LIMI
544732,INNOVISION,INNOVISION 
523840,INNOVTEC,INNOVATIVE TECH PACK
543667,INOXGREEN,INOX GREEN ENERGY SERVICES LIM
539083,INOXWIND,INOX WIND 
532851,INSECTICID,INSECTICIDES (INDIA)
532774,INSPIRISYS,INSPIRISYS SOLUTIONS 
531314,INTCAPL,INTEGRA CAPITAL
526871,INTECCAP,INTEC CAPITAL
519606,INTEGFD,INTEGRATED PROTEINS
532303,INTEGHIT,INTEGRATED HITECH
505358,INTEGRAEN,INTEGRA ENGINEERING INDIA
538835,INTELLECT,INTELLECT DESIGN ARENA
532326,INTENTECH,INTENSE TECHNOLOGIES
541300,INTERISE,INTERISE TRUST
544438,INTERNET,MIRAE ASSET NIFTY INDIA INTERNET ETF
530921,INTETHR,INTEGRATED THERMOPLASTICS
505737,INTLCOMBQ,INTERNATIONAL COMBUSTION (INDI
509709,INTLCONV,INTERNATIONAL CONVEYORS
511391,INTRGLB,INTER GLOBE FINANCE
530259,INTSTOIL,INTER STATE OIL CARRIER
533506,INVENTURE,INVENTURE GROWTH & SECURITIES
511716,INVIGO,INVIGORATED BUSINESS CONSULTIN
504786,INVPRECQ,INVESTMENT & PRECISION CASTING
532388,IOB,INDIAN OVERSEAS BANK
530965,IOC,INDIAN OIL CORPORATION
524164,IOLCP,IOL CHEMICALS & PHARMACEUTICAL
500214,IONEXCHANG,ION EXCHANGE (INDIA)
524494,IPCALAB,IPCA LABORATORIES
543311,IPL,INDIA PESTICIDES 
523638,IPRINGLTD,IP RINGS
532947,IRB,IRB INFRASTRUCTURE DEVELOPERS
540526,IRBINVIT,IRB INVIT FUND
541956,IRCON,IRCON INTERNATIONAL
542830,IRCTC,INDIAN RAILWAY CATERING AND TO
543257,IRFC,INDIAN RAILWAY FINANCE CORPORA
540735,IRIS,IRIS REGTECH SOLUTIONS 
508918,IRONWOOD,IRONWOOD EDUCATION
534920,ISERA,ISERA LIFESCIENCES
526859,ISFL,ISF
533181,ISFT,INTRASOFT TECHNOLOGIES
533033,ISGEC,ISGEC HEAVY ENGINEERING
531109,ISHANCH,ISHAN DYES AND CHEMICALS LIMIT
524400,ISHITADR,ISHITA DRUGS & INDUSTRIES
506161,ISHWATR,ISHWARSHAKTI HOLDINGS & TRADER
544696,ISIFHLSG,ICICI PRUDENTIAL MUTUAL FUND
511609,ISLCONSUL,ISL CONSULTING
508807,ISTLTD,IST
524622,ISTRNETWK,ISTREET NETWORK
500875,ITC,ITC
543806,ITCONS,ITCONS E-SOLUTIONS 
532189,ITDC,INDIA TOURISM DEVELOPMENT CORP
500213,ITHL,INTERNATIONAL TRAVEL HOUSE
523610,ITI,ITI
522183,ITL,ITL INDUSTRIES
544523,IVALUE,IVALUE INFOSOLUTIONS
511208,IVC,IL&FS INVESTMENT MANAGERS
507580,IVP,IVP
533172,IVZINGOLD,INVESCO INDIA GOLD ETF
540954,IWP,THE INDIAN WOOD PRODUCTS CO. L
532341,IZMO,IZMO 
532209,J&KBANK,JAMMU & KASHMIR BANK
538422,JACKSON,JACKSON INVESTMENTS
543860,JAFINANCE,J.A. FINANCE 
507155,JAGAJITIND,JAGATJIT INDUSTRIES
530711,JAGANLAM,JAGAN LAMPS
532825,JAGJANANI,JAGJANANI TEXTILES
532705,JAGRAN,JAGRAN PRAKASHAN
507789,JAGSNPHARM,JAGSONPAL PHARMACEUTICALS
530601,JAGSONSER,JAGSONPAL SERVICES
532976,JAIBALAJI,JAI BALAJI INDUSTRIES
512237,JAICORPLTD,JAI CORP
514312,JAIHIND,JAIHIND INDUSTRIES
523467,JAIMATAG,JAI MATA GLASS
526865,JAINCO,JAINCO PROJECTS (INDIA)
505212,JAINEX,JAINEX AAMCOL
539119,JAINMARMO,JAIN MARMO INDUSTRIES
544537,JAINREC,JAIN RESOURCE RECYCLING LIMITE
505840,JAIPAN,JAIPAN INDUSTRIES
538564,JAMESWARREN,JAMES WARREN TEA
520051,JAMNAAUTO,JAMNA AUTO INDUSTRIES
502901,JAMSHRI,JAMSHRI REALTY
544534,JARO,JARO INSTITUTE OF TECHNOLOGY M
500220,JASCH,JASCH INDUSTRIES
514318,JATTAINDUS,JATTASHANKAR INDUSTIES
526001,JAUSPOL,JAUSS POLYMERS
524330,JAYAGROGN,JAYANT AGRO-ORGANICS
543544,JAYANT,JAYANT INFRATECH
539005,JAYATMA,JAYATMA ENTERPRISES
520066,JAYBARMARU,JAY BHARAT MARUTI
501311,JAYBHCR,JAYABHARAT CREDIT
506520,JAYCH,JAYSHREE CHEMICALS
531323,JAYIND,JAYATMA INDUSTRIES
500306,JAYKAY,JAYKAY ENTERPRISES 
522285,JAYNECOIND,JAYASWAL NECO INDUSTRIES
509715,JAYSREETEA,JAY SHREE TEA & INDUSTRIES
524592,JAYSYNTH,JAYSYNTH ORGOCHEM
513252,JAYUSH,JAY USHIN
532605,JBMA,JBM AUTO
544524,JDCABLES,JD CABLES
524731,JENBURPH,JENBURKT PHARMACEUTICALS
543420,JETFREIGHT,JET FREIGHT LOGISTICS 
517063,JETKINGQ,JETKING INFOTRAIN
538794,JETSOLAR,JET SOLAR
540850,JFL,JHANDEWALAS FOODS 
531550,JHACC,JHAVERI CREDITS & CAPITAL
532771,JHS,JHS SVENDGAARD LABORATORIES LT
540651,JIGAR,JIGAR CABLES 
532624,JINDALPHOT,JINDAL PHOTO
500227,JINDALPOLY,JINDAL POLY FILMS
500378,JINDALSAW,JINDAL SAW
532286,JINDALSTEL,JINDAL STEEL
530405,JINDCAP,JINDAL CAPITAL
507981,JINDHOT,JINDAL HOTELS
511034,JINDRILL,JINDAL DRILLING & INDUSTRIES L
531543,JINDWORLD,JINDAL WORLDWIDE
543940,JIOFIN,JIO FINANCIAL SERVICES 
570004,JISLDVREQS,JAIN IRRIGATION SYSTEMS
500219,JISLJALEQS,JAIN IRRIGATION SYSTEMS
540311,JITFINFRA,JITF INFRALOGISTICS
544805,JIVIAL,JIVIAL INDUSTRIES 
523062,JJFINCOR,J.J.FINANCE CORPORATION
536493,JKAGRI,JK AGRI GENETICS
532644,JKCEMENT,J.K.CEMENT
532940,JKIL,J.KUMAR INFRAPROJECTS
544547,JKIPL,JINKUSHAL INDUSTRIES 
500380,JKLAKSHMI,JK LAKSHMI CEMENT
532162,JKPAPER,JK PAPER
530007,JKTYRE,JK TYRE & INDUSTRIES
539947,JLL,JINDAL LEASEFIN
511092,JMDVL,JMD VENTURES 
523405,JMFINANCIL,JM FINANCIAL
538834,JMJFIN,JMJ FINTECH 
544853,JNPR,JUNIPER GREEN ENERGY 
532154,JOHNPHARMA,JOHNSON PHARMACARE
531861,JOINDRE,JOINDRE CAPITAL SERVICES
534659,JOINTECAED,JOINTECA EDUCATION SOLUTIONS L
531910,JOJO,JOJO
507968,JOLYPLS,JOLLY PLASTIC INDUSTRIES
542446,JONJUA,JONJUA OVERSEAS 
505750,JOSTS,JOSTS ENGINEERING CO.LTD.
536773,JPOLYINVST,JINDAL POLY INVESTMENT AND FIN
532627,JPPOWER,JAIPRAKASH POWER VENTURES LIMI
507987,JPTRLES,JUPITER INDUSTRIES & LEASING L
538765,JSHL,JLA INFRAVILLE SHOPPERS LIMITE
532508,JSL,JINDAL STAINLESS
504080,JSLINDL,JSL INDUSTRIES
544476,JSLL,JEENA SIKHO LIFECARE 
538837,JSTL,JEEVAN SCIENTIFIC TECHNOLOGY L
544480,JSWCEMENT,JSW CEMENT
533148,JSWENERGY,JSW ENERGY
532642,JSWHL,JSW HOLDINGS
500228,JSWSTEEL,JSW STEEL
520057,JTEKTINDIA,JTEKT INDIA
537254,JTLDEFENCE,JTL DEFENCE
534600,JTLIND,JTL INDUSTRIES
533155,JUBLFOOD,JUBILANT FOODWORKS
543271,JUBLINGREA,JUBILANT INGREVIA 
530019,JUBLPHARMA,JUBILANT PHARMOVA
534796,JUJHARLOGI,JUJHAR LOGISTICS 
536073,JULIEN,JULIEN AGRO INFRATECH
516078,JUMBO,JUMBO BAG
590104,JUNIORBEES,NIPPON INDIA NIFTY NEXT 50 JUNIOR BEES ETF
534623,JUPITERIN,JUPITER INFOMEDIA
535648,JUSTDIAL,JUST DIAL
544542,JUSTO,JUSTO REALFINTECH 
533272,JWL,JUPITER WAGONS
532926,JYOTHYLAB,JYOTHY LABS
504076,JYOTI,JYOTI
514448,JYOTIRES,JYOTI RESINS & ADHESIVES
513250,JYOTISTRUC,JYOTI STRUCTURES
540756,KAARYAFSL,KAARYA FACILITIES AND SERVICES
524322,KABRADG,KABRA DRUGS
524109,KABRAEXTRU,KABRA EXTRUSIONTECHNIK
524675,KABSON,KABSONS INDUSTRIES
531778,KACHCHH,KACHCHH MINERALS
531780,KACL,KAISER CORPORATION
504840,KAIRA,KAIRA CAN CO.LTD.
538833,KAIZENAGRO,KAIZEN AGRO INFRABUILD
500233,KAJARIACER,KAJARIA CERAMICS
513693,KAJARIR,KIC METALIKS
543939,KAKA,KAKA INDUSTRIES 
500234,KAKATCEM,KAKATIYA CEMENT SUGAR & INDUST
521054,KAKTEX,KAKATIYA TEXTILES
526935,KALIND,KALIND 
530201,KALLAM,KALLAM TEXTILES
539014,KALPACOMME,KALPA COMMERCIAL 
544423,KALPATARU,KALPATARU 
538778,KALYANCAP,KALYAN CAPITALS 
513509,KALYANIFRG,KALYANI FORGE
543278,KALYANKJIL,KALYAN JEWELLERS INDIA 
514322,KAMADGIRI,KAMADGIRI FASHION
532468,KAMAHOLD,KAMA HOLDINGS
511131,KAMANWALA,KAMANWALA HOUSING CONSTRUCTION
526668,KAMATHOTEL,KAMAT HOTELS (INDIA)
539659,KAMATS,VIKRAM KAMATS HOSPITALITY LIMI
532741,KAMDHENU,KAMDHENU 
543747,KAMOPAINTS,KAMDHENU VENTURES 
506184,KANANIIND,KANANI INDUSTRIES
538896,KANCHI,KANCHI KARPOORAM
541005,KANCOTEA,KANCO TEA & INDUSTRIES
500236,KANELIND,KANEL INDUSTRIES
544693,KANISHK,KANISHK ALUMINIUM INDIA LIMITE
544911,KANOHAR,KANOHAR ELECTRICALS 
506525,KANORICHEM,KANORIA CHEMICALS & INDUSTRIES
507779,KANPRPLA,KANPUR PLASTIPACK
500165,KANSAINER,KANSAI NEROLAC PAINTS
513456,KANSHST,KANISHK STEEL INDUSTRIES
540515,KANUNGO,KANUNGO FINANCIERS
539679,KAPILRAJ,KAPIL RAJ FINANCE
544917,KARAMTARA,KARAMTARA ENGINEERING
526115,KARANWO,KARAN WOO-SIN
544511,KARBON,KARBONSTEEL ENGINEERING LIMITE
533451,KARMAENG,KARMA ENERGY
538928,KARNAVATI,KARNAVATI FINANCE 
531671,KARNAWATI,KARNAWATI INNOVATION 
501151,KARTKIN,KARTIK INVESTMENTS TRUST
590003,KARURVYSYA,KARUR VYSYA BANK
544688,KASTURI,KASTURI METAL COMPOSITE LIMITE
531126,KATIPATANG,KATI PATANG LIFESTYLE
502933,KATRSPG,KATARE SPINNING MILLS
532925,KAUSHALYA,KAUSHALYA INFRASTRUCTURE DEVEL
590041,KAVDEFENCE,KAVVERI DEFENCE &AMP; WIRELESS
539276,KAYA,KAYA 
504084,KAYCEEI,KAYCEE INDUSTRIES
543664,KAYNES,KAYNES TECHNOLOGY INDIA LIMITE
530255,KAYPOWR,KAY POWER AND PAPER
530357,KBSINDIA,KBS INDIA
540696,KCDGROUP,KCD INDUSTRIES INDIA
531784,KCLINFRA,KCL INFRA PROJECTS 
590066,KCP,K.C.P.LTD.
533192,KCPSUGIND,KCP SUGAR & INDUSTRIES CORPORA
537784,KCSL,KARNIMATA COLD STORAGE
532054,KDDL,KDDL
512595,KDGREEN,KD GREEN INDUSTRIES 
539788,KDML,KHEMANI DISTRIBUTORS & MARKETI
532714,KEC,KEC INTERNATIONAL
533193,KECL,KIRLOSKAR ELECTRIC COMPANY
526677,KEEPLEARN,DSJ KEEP LEARNING
518011,KEERTHI,KEERTHI INDUSTRIES
517569,KEI,KEI INDUSTRIES
539620,KEIL,KANORIA ENERGY & INFRASTRUCTUR
539599,KEL,KOTIA ENTERPRISES 
506528,KELENRG,KELTECH ENERGIES
519602,KELLTONTEC,KELLTON TECH SOLUTIONS
531163,KEMISTAR,KEMISTAR CORPORATION
506530,KEMP,KEMP & COMPANY
530547,KENFIN,KEN FINANCIAL SERVICES
505890,KENNAMET,KENNAMETAL INDIA
540953,KENVI,KENVI JEWELS 
530163,KERALAYUR,KERALA AYURVEDA
532686,KERNEX,KERNEX MICROSYSTEMS (INDIA) LT
543542,KESAR,KESAR INDIA
507180,KESARENT,KESAR ENTERPRISES
524174,KESARPE,KESAR PETROPRODUCTS
502937,KESORAMIND,KESORAM INDUSTRIES
537392,KETOMOTORS,KETO MOTORS 
507948,KEYCORP,KEY CORP
512597,KEYFINSERV,KEYNOTE FINANCIAL SERVICES LIM
507474,KFBL,KOTHARI FERMENTATION & BIOCHEM
543720,KFINTECH,KFIN TECHNOLOGIES 
500239,KGDENIM,KG DENIM
543289,KGES,KUBERAN GLOBAL EDU SOLUTIONS L
531609,KGPETRO,KG PETROCHEM
540775,KHADIM,KHADIM INDIA 
507794,KHAICHEM,KHAITAN CHEMICALS & FERTILIZER
590068,KHAITANLTD,KHAITAN (INDIA)
531892,KHANDSE,KHANDWALA SECURITIES
543953,KHAZANCHI,KHAZANCHI JEWELLERS 
535730,KHOOBSURAT,KHOOBSURAT
531692,KHYATI,KHYATI MULTIMEDIA-ENTERTAINMEN
544711,KIAASA,KIAASA RETAIL
533302,KICL,KALYANI INVESTMENT COMPANY
507946,KIDUJA,KIDUJA INDIA
535566,KIFS,KIFS FINANCIAL SERVICES
524500,KILITCH,KILITCH DRUGS (INDIA)
530313,KIMIABL,KIMIA BIOSCIENCES
543308,KIMS,KRISHNA INSTITUTE OF MEDICAL S
500240,KINETICENG,KINETIC ENGINEERING
531274,KINETRU,KINETIC TRUST
524019,KINGFA,KINGFA SCIENCE & TECHNOLOGY (I
530215,KINGSINFR,KINGS INFRA VENTURES
540680,KIOCL,KIOCL 
531413,KIRANPR,KIRAN PRINT-PACK
530443,KIRANSY-B,KIRAN SYNTEX
537750,KIRANVYPAR,KIRAN VYAPAR
532967,KIRIINDUS,KIRI INDUSTRIES
500245,KIRLFER,KIRLOSKAR FERROUS INDUSTRIES L
500241,KIRLOSBROS,KIRLOSKAR BROTHERS
533293,KIRLOSENG,KIRLOSKAR OIL ENGINES
500243,KIRLOSIND,KIRLOSKAR INDUSTRIES
505283,KIRLPNU,KIRLOSKAR PNEUMATIC CO.LTD.
519230,KISAAN,KISAAN PARIVAR INDUSTRIES LIMI
530145,KISAN,KISAN MOULDINGS
544754,KISSHT,ONEMI TECHNOLOGY SOLUTIONS LIM
521248,KITEX,KITEX GARMENTS
532304,KJMCCORP,KJMC CORPORATE ADVISORS (INDIA
530235,KJMCFIN,KJMC FINANCIAL SERVICES
526409,KKALPANAIND,KKALPANA INDUSTRIES (INDIA) LT
532732,KKCL,KEWAL KIRAN CLOTHING
544624,KKSILK,K K SILK MILLS
544856,KLASSROOM,FUSION KLASSROOM EDUTECH LIMIT
522101,KLBRENG-B,KILBURN ENGINEERING
507598,KLRFM,KOVILPATTI LAKSHMI ROLLER FLOU
524520,KMCSHIL,KMC SPECIALITY HOSPITALS (INDI
543273,KMEW,KNOWLEDGE MARINE & ENGINEERING
531578,KMFBLDR,KMF BUILDERS & DEVELOPERS
519415,KMGMILK,KMG MILK FOOD
540468,KMSMEDI,KMS MEDISURGI 
532673,KMSUGAR,K.M.SUGAR MILLS
544814,KNACK,KNACK PACKAGING
532942,KNRCON,KNR CONSTRUCTIONS
531541,KOBO,KOBO BIOTECH
512559,KOHINOOR,KOHINOOR FOODS
530565,KOIYAIN,KOIYA INTERNATIONAL
523207,KOKUYOCMLN,KOKUYO CAMLIN
532924,KOLTEPATIL,KOLTE-PATIL DEVELOPERS
532397,KONNDOR,KONNDOR INDUSTRIES
524280,KOPRAN,KOPRAN
500247,KOTAKBANK,KOTAK MAHINDRA BANK
530299,KOTHARIPRO,KOTHARI PRODUCTS
509732,KOTIC,KOTHARI INDUSTRIAL CORPORATION
544726,KOTYARK,KOTYARK INDUSTRIES 
523323,KOVAI,KOVAI MEDICAL CENTER & HOSPITA
539686,KPEL,K.P. ENERGY 
542323,KPIGREEN,KPI GREEN ENERGY 
522287,KPIL,KALPATARU PROJECTS INTERNATION
542651,KPITTECH,KPIT TECHNOLOGIES
539997,KPL,KWALITY PHARMACEUTICALS LIMITE
532889,KPRMILL,K.P.R.MILL
505299,KPT,KPT INDUSTRIES
542459,KRANTI,KRANTI INDUSTRIES 
544811,KRATIKAL,KRATIKAL TECH
530813,KRBL,KRBL
524518,KREBSBIO,KREBS BIOCHEMICALS & INDUSTRIE
530139,KREONFIN,KREON FINNANCIAL SERVICES
531328,KRETTOSYS,KRETTO SYSCON
533482,KRIDHANINF,KRIDHAN INFRA
500248,KRIFILIND,KRISHNA FILAMENT INDUSTRIES LI
504392,KRISHNA,KRISHNA VENTURES
526423,KRITI,KRITI INDUSTRIES (INDIA)
533210,KRITINUT,KRITI NUTRIENTS
514360,KRRAIL,K&R RAIL ENGINEERING
543328,KRSNAA,KRSNAA DIAGNOSTICS 
544481,KRT,KNOWLEDGE REALTY TRUST - REIT
544509,KRUPALU,KRUPALU METALS 
523550,KRYPTONQ,KRYPTON INDUSTRIES
500249,KSB,KSB
532899,KSCL,KAVERI SEED COMPANY
519421,KSE,KSE
544664,KSHINTL,KSH INTERNATIONAL
500235,KSL,KALYANI STEELS
543599,KSOLVES,KSOLVES INDIA 
544615,KSR,KSR FOOTWEAR 
516038,KSSMART,KS SMART TECHNOLOGIES 
533289,KTIL,KESAR TERMINALS & INFRASTRUCTU
532652,KTKBANK,KARNATAKA BANK
532937,KUANTUM,KUANTUM PAPERS
539408,KUBERJI,KUBER UDYOG 
526869,KUMPFIN,KUMBHAT FINANCIAL SERVICES
523594,KUNSTOFF,KUNSTSTOFFE INDUSTRIES
514240,KUSHIND,KUSH INDUSTRIES 
544821,KUSUMGAR,KUSUMGAR 
530421,KUWERIN,KUWER INDUSTRIES
513369,KVFORGE,KRISHANVEER FORGE
544554,KVSCASTING,KVS CASTINGS 
544641,KVTOYS,K. V. TOYS INDIA
544895,KWICK,KWICK FORENSIC SOLUTIONS LIMIT
544622,KWIL,KWALITY WALLS (INDIA) 
511728,KZLFIN,K.Z.LEASING & FINANCE
543830,LABELKRAFT,LABELKRAFT TECHNOLOGIES LIMITE
524202,LACTOSE,LACTOSE (INDIA)
530577,LADDERUP,LADDERUP FINANCE
537707,LADDU,LADDU GOPAL ONLINE SERVICES LI
524522,LAFFANSQ,LAFFANS PETROCHEMICALS
540026,LAHL,LADAM AFFORTABLE HOUSING LIMIT
531842,LAHOTIOV,LAHOTI OVERSEAS
519612,LAKESHORE,LAKE SHORE REALTY
535387,LAKHOTIA,LAKHOTIA POLYESTERS (INDIA) LT
506079,LAKPRE,LAKSHMI PRECISION SCREWS
504258,LAKSELEC,LAKSHMI ELECTRICAL CONTROL SYS
505302,LAKSHMIEW,LAKSHMI ENGINEERING AND WAREHO
502958,LAKSHMIMIL,LAKSHMI MILLS COMPANY
540952,LAL,LORENZINI APPARELS
544879,LALITHAA,LALITHAA JEWELLERY MART LIMITE
539524,LALPATHLAB,DR. LAL PATHLABS 
590075,LAMBODHARA,LAMBODHARA TEXTILES
539841,LANCER,LANCER CONTAINER LINES 
509048,LANCORHOL,LANCOR HOLDINGS
532275,LANDMARC,LANDMARC LEISURE CORPORATION L
543714,LANDMARK,LANDMARK CARS
533090,LANDSMILL,LANDSMILL GREEN 
526947,LAOPALA,LA OPALA RG
544863,LAPL,LAPL AUTOMOTIVE
544822,LASERPOWER,LASER POWER & INFRA 
526961,LASTMILE,LAST MILE ENTERPRISES
543398,LATENTVIEW,LATENT VIEW ANALYTICS 
505693,LATIMMETAL,LA TIM METAL & INDUSTRIES LIMI
540222,LAURUSLABS,LAURUS LABS 
544465,LAXMIINDIA,LAXMI INDIA FINANCE
537669,LAXMIPATI,LAXMIPATI ENGINEERING WORKS LI
532019,LCCINFOTEC,LCC INFOTECH
544918,LCCPROJECT,LCC PROJECTS
544839,LCL,LOHIA CORP 
531288,LEADFIN,LEAD FINANCIAL SERVICES
544865,LEAPIND,LEAP INDIA 
517415,LEENEE,LEE & NEE SOFTWARES (EXPORTS)
532829,LEHAR,LEHAR FOOTWEARS
539814,LELAVOIR,LE LAVOIR
541233,LEMONTREE,LEMON TREE HOTELS 
544600,LENSKART,LENSKART SOLUTIONS 
502250,LERTHAI,LERTHAI FINANCE
533602,LESHAIND,LESHA INDUSTRIES
544797,LESL,LEAPFROG ENGINEERING SERVICES
541196,LEX,LEX NIMBLE SOLUTIONS 
512345,LEXGLOBAL,LEXORA GLOBAL
531944,LEXORAA,LEXORAA INDUSTRIES
500250,LGBBROSLTD,L.G.BALAKRISHNAN & BROS.LTD.
533007,LGBFORGE,LGB FORGE
544576,LGEINDIA,LG ELECTRONICS INDIA 
544489,LGT,LGT GLOBAL HOSPITALITY
526596,LIBERTSHOE,LIBERTY SHOES
531027,LIBORD,LIBORD SECURITIES
511593,LIBORDFIN,LIBORD FINANCE
500253,LICHSGFIN,LIC HOUSING FINANCE
543526,LICI,LIFE INSURANCE CORPORATION OF
539480,LICNETFN50,LIC MF NIFTY 50 ETF
539487,LICNETFSEN,LIC MF BSE SENSEX ETF
539784,LICNFNHGP,LIC MF NIFTY 100 ETF
539927,LIKHAMI,LIKHAMI CONSULTING
543240,LIKHITHA,LIKHITHA INFRASTRUCTURE LIMITE
507759,LIMECHM,LIME CHEMICALS
531241,LINC,LINC
531633,LINCOLN,LINCOLN PHARMACEUTICALS
523457,LINDEINDIA,LINDE INDIA 
524748,LINKPH,LINK PHARMA CHEM
544796,LIOTECH,LIOTECH INDUSTRIES
526604,LIPPISYS,LIPPI SYSTEMS
590096,LIQUIDBEES,NIPPON INDIA NIFTY 1D RATE LIQUID BEES ETF
540192,LKPSEC,LKP SECURITIES 
540360,LLFICL,LEADING LEASING FINANCE AND IN
539992,LLOYDSENGG,LLOYDS ENGINEERING WORKS LIMIT
512463,LLOYDSENT,LLOYDS ENTERPRISES
512455,LLOYDSME,LLOYDS METALS AND ENERGY
500252,LMW,LMW 
543287,LODHA,LODHA DEVELOPERS 
543746,LOGICA,LOGICA INFOWAY
544625,LOGICIEL,LOGICIEL SOLUTIONS 
532740,LOKESHMACH,LOKESH MACHINES
504340,LONGSPUR,LONGSPUR INTERNATIONAL VENTURE
534422,LOOKS,LOOKS HEALTH SERVICES
500284,LORDSCHLO,LORDS CHLORO ALKALI
530065,LORDSHOTL,LORDS ISHWAR HOTELS
501261,LORDSMARK,LORDS MARK INDUSTRIES 
523475,LOTUSCHO,LOTUS CHOCOLATE CO.LTD.
544469,LOTUSDEV,SRI LOTUS DEVELOPERS AND REALT
532998,LOTUSEYE,LOTUS EYE HOSPITAL AND INSTITU
533343,LOVABLE,LOVABLE LINGERIE
539227,LOYAL,LOYAL EQUIPMENTS 
514036,LOYALTEX,LOYAL TEXTILE MILLS
533012,LPDC,LANDMARK PROPERTY DEVELOPMENT
500510,LT,LARSEN & TOUBRO
544518,LTELEVATOR,L. T. ELEVATOR
533519,LTF,L&T FINANCE 
532783,LTFOODS,LT FOODS
540005,LTM,LTM
540115,LTTS,L&T TECHNOLOGY SERVICES LIMITE
526179,LUDLOWJUT,LUDLOW JUTE & SPECIALITIES
517206,LUMAXIND,LUMAX INDUSTRIES
532796,LUMAXTECH,LUMAX AUTO TECHNOLOGIES
544894,LUMINO,LUMINO INDUSTRIES
500257,LUPIN,LUPIN
539542,LUXIND,LUX INDUSTRIES 
544635,LUXURY,LUXURY TIME 
531402,LWSKNIT,LWS KNITWEAR
543277,LXCHEM,LAXMI ORGANIC INDUSTRIES LIMIT
500259,LYKALABS,LYKA LABS
530689,LYKISLTD,LYKIS
531441,LYONSCO,LYONS CORPORATE MARKET
500520,M&M,MAHINDRA & MAHINDRA
532720,M&MFIN,MAHINDRA & MAHINDRA FINANCIAL
532906,MAANALU,MAAN ALUMINIUM
541973,MACH,MAC HOTELS 
543934,MACIND,MACHHAR INDUSTRIES 
523248,MACPLASQ,MACHINO PLASTICS
532344,MADALA,MADALA HOLDINGS
515093,MADHAV,MADHAV MARBLES & GRANITES
539894,MADHAVIPL,MADHAV INFRA PROJECTS 
531497,MADHUCON,MADHUCON PROJECTS
515059,MADHUDIN,MADHUSUDAN INDUSTRIES
519279,MADHURIND,MADHUR INDUSTRIES
590134,MADRASFERT,MADRAS FERTILIZER 
500264,MAFATIND,MAFATLAL INDUSTRIES
543613,MAFIA,MAFIA TRENDS
540650,MAGADSUGAR,MAGADH SUGAR & ENERGY 
517449,MAGNAELQ,MAGNA ELECTRO CASTINGS
532896,MAGNUM,MAGNUM VENTURES
517320,MAGNUS,MAGNUS STEEL AND INFRA
532525,MAHABANK,BANK OF MAHARASHTRA
505523,MAHACORP,MAHARASHTRA CORPORATION
544611,MAHALIFE,MAHAMAYA LIFESCIENCES
513460,MAHALXSE,MAHALAXMI SEAMLESS
531515,MAHANIN,MAHAN INDUSTRIES
523384,MAHAPEXLTD,MAHA RASHTRA APEX CORPORATION
513554,MAHASTEEL,MAHAMAYA STEEL INDUSTRIES
539383,MAHAVEER,MAHAVEER INFOWAY 
523754,MAHEPC,MAHINDRA EPC IRRIGATION LIMITE
542677,MAHESH,MAHESH DEVELOPERS 
542503,MAHIP,MAHIP INDUSTRIES 
532313,MAHLIFE,MAHINDRA LIFESPACE DEVELOPERS
540768,MAHLOG,MAHINDRA LOGISTICS 
500266,MAHSCOOTER,MAHARASHTRA SCOOTERS
500265,MAHSEAMLES,MAHARASHTRA SEAMLESS
543874,MAIDEN,MAIDEN FORGINGS 
531540,MAINFRA,MARUTI INFRASTRUCTURE
590078,MAITHANALL,MAITHAN ALLOYS
513430,MAITRI,MAITRI ENTERPRISES 
500267,MAJESAUT,MAJESTIC AUTO
506919,MAKERSL,MAKERS LABORATORIES
531613,MAL,MEYER APPAREL 
544835,MALA,SHREE BALAJI (MALA) TEXTILES L
539400,MALLCOM,MALLCOM (INDIA)
532728,MALUPAPER,MALU PAPER MILLS
539045,MANAKALUCO,MANAKSIA ALUMINIUM COMPANY
539046,MANAKCOAT,MANAKSIA COATED METALS & INDUS
532932,MANAKSIA,MANAKSIA
539044,MANAKSTEEL,MANAKSIA STEELS 
500268,MANALIPETC,MANALI PETROCHEMICAL
531213,MANAPPURAM,MANAPPURAM FINANCE
505850,MANCREDIT,MANGAL CREDIT AND FINCORP
532637,MANGALAM,MANGALAM DRUGS & ORGANICS
537800,MANGIND,MANGALAM INDUSTRIAL FINANCE LT
503626,MANGLAM,MANGLAM GLOBAL CORPORATIONS LI
502157,MANGLMCEM,MANGALAM CEMENT
513269,MANINDS,MAN INDUSTRIES (INDIA)
533169,MANINFRA,MAN INFRACONSTRUCTION
544847,MANIPALHOS,MANIPAL HEALTH ENTERPRISES LIM
544768,MANIVENI,M.R.MANIVENI FOODS
543904,MANKIND,MANKIND PHARMA 
540396,MANOMAY,MANOMAY TEX INDIA 
541974,MANORAMA,MANORAMA INDUSTRIES 
514418,MANORG,MANGALAM ORGANICS
530537,MANRAJH,MANRAJ HOUSING FINANCE
511758,MANSIFIN,MANSI FINANCE (CHENNAI)
511577,MANTRA,MANTRA CAPITAL 
505324,MANUGRAPH,MANUGRAPH INDIA
543463,MANYAVAR,VEDANT FASHIONS 
543425,MAPMYINDIA,C.E. INFO SYSTEMS 
509762,MAPROIN,MAPRO INDUSTRIES
521018,MARALOVER,MARAL OVERSEAS
503101,MARATHON,MARATHON NEXTGEN REALTY
531281,MARBLE,MARBLE CITY INDIA
523566,MARBU,MARTIN BURN
544437,MARCLOIRE,MARC LOIRE FASHIONS
500206,MARGOFIN,MARGO FINANCE
531642,MARICO,MARICO
531503,MARIS,MARIS SPINNERS
543364,MARKOLINES,MARKOLINES PAVEMENT TECHNOLOGI
524404,MARKSANS,MARKSANS PHARMA
517467,MARSONS,MARSONS
532500,MARUTI,MARUTI SUZUKI INDIA
540749,MASFIN,MAS FINANCIAL SERVICES 
523704,MASTEK,MASTEK
511768,MASTERTR,MASTER TRUST
540704,MATRIMONY,MATRIMONY.COM 
523371,MAWANASUG,MAWANA SUGARS
521167,MAXGROW,MAXGROW INDIA
543220,MAXHEALTH,MAX HEALTHCARE INSTITUTE LIMIT
534338,MAXHEIGHTS,MAX HEIGHTS INFRASTUCTURE
540401,MAXIMUS,MAXIMUS INTERNATIONAL 
543223,MAXIND,MAX INDIA 
531680,MAYUR,MAYUR LEATHER PRODUCTS
531221,MAYURFL,MAYUR FLOORINGS
522249,MAYURUNIQ,MAYUR UNIQUOTERS
523792,MAZDA,MAZDA
543237,MAZDOCK,MAZAGON DOCK SHIPBUILDERS LIMI
532629,MBECL,MCNALLY BHARAT ENGINEERING COM
544470,MBEL,M & B ENGINEERING
533152,MBLINFRA,MBL INFRASTRUCTURE
507836,MCCHRLS-B,MAC CHARLES (INDIA)
532654,MCLEODRUSS,MCLEOD RUSSEL INDIA
538891,MCLOUD,MAGELLANIC CLOUD
511401,MCLTD,MUNOTH COMMUNICATION
534091,MCX,MULTI COMMODITY EXCHANGE OF IN
544673,MDRC,MODERN DIAGNOSTIC & RESEARCH C
513303,MDRNSTL,MODERN STEELS
539762,MEAPL,MODERN ENGINEERING AND PROJECT
543654,MEDANTA,GLOBAL HEALTH 
503685,MEDIAONE,MEDIAONE GLOBAL ENTERTAINMENT
531146,MEDICAMEQ,MEDICAMEN BIOTECH
523144,MEDICAPQ,MEDI-CAPS
540937,MEDICO,MEDICO REMEDIES
543427,MEDPLUS,MEDPLUS HEALTH SERVICES LIMITE
544831,MEEIND,MEENAKSHI INDIA
540519,MEERA,MEERA INDUSTRIES 
544632,MEESHO,MEESHO 
531176,MEFCOMCAP,MEFCOM CAPITAL MARKETS
531417,MEGACOR,MEGA CORPORATION
523888,MEGAMONT,MEGAMONT
541352,MEGASTAR,MEGASTAR FOODS 
539012,MEGRISOFT,MEGRI SOFT 
540730,MEHAI,MEHAI TECHNOLOGY  
511377,MEHIF,MEHTA INTEGRATED FINANCE
511738,MEHSECU,MEHTA SECURITIES
544472,MEHUL,MEHUL COLOURS
544492,MEIL,MANGAL ELECTRICAL INDUSTRIES L
531127,MENAMANI,MENA MANI INDUSTRIES
531727,MENNPIS,MENON PISTONS
523828,MENONBE,MENON BEARINGS
539126,MEP,MEP INFRASTRUCTURE DEVELOPERS
538942,MERCANTILE,MERCANTILE VENTURES 
512415,MERCTRD,MERCURY TRADE LINKS
531357,MERCURYEV,MERCURY EV-TECH
538964,MERCURYLAB,MERCURY LABORATORIES 
534535,META,STRING METAVERSE
544441,METAINFO,META INFOTECH
531810,METALCO,METAL COATINGS (INDIA)
544637,METHODHUB,METHODHUB SOFTWARE 
543426,METROBRAND,METRO BRANDS 
500159,METROGLOBL,METROGLOBAL
542650,METROPOLIS,METROPOLIS HEALTHCARE 
538401,METSL,MAESTROS ELECTRONICS & TELECOM
526622,MFLINDIA,MFL INDIA
513721,MFSINTRCRP,MFS INTERCORP
500271,MFSL,MAX FINANCIAL SERVICES 
531319,MGIL,MARUTI GLOBAL INDUSTRIES LIMIT
539957,MGL,MAHANAGAR GAS 
540150,MHEL,MEWAR HI-TECH ENGINEERING LIMI
514450,MHLXMIRU,MAHALAXMI RUBTECH
533088,MHRIL,MAHINDRA HOLIDAYS & RESORTS IN
526795,MHSGRMS,MAHASAGAR TRAVELS
532850,MICEL,MIC ELECTRONICS
526251,MIDEASTP,MID EAST PORTFOLIO MANAGEMENT
541195,MIDHANI,MISHRA DHATU NIGAM 
500277,MIDINDIA,MID INDIA INDUSTRIES
544587,MIDWESTLTD,MIDWEST 
538895,MIHIKA,MIHIKA INDUSTRIES
538668,MIIL,MEGHNA INFRACON INFRASTRUCTURE
539938,MIL,MEDICO INTERCONTINENTAL LIMITE
541337,MILEFUR,MILESTONE FURNITURE 
531338,MILESTONE,MILESTONE GLOBAL
544868,MILKYMIST,MILKY MIST DAIRY FOOD 
511187,MILLENNIUM,MILLENNIUM ONLINE SOLUTIONS (I
544826,MILLWORKS,MILLWORKS TECHNOLOGIES
522235,MINALIND,MINAL INDUSTRIES
531456,MINAXI,MINAXI TEXTILES
538962,MINDACORP,MINDA CORPORATION 
543217,MINDSPACE,MINDSPACE BUSINESS PARKS REIT
517344,MINDTECK,MINDTECK (INDIA)
523373,MINID,MINI DIAMONDS (INDIA)
526642,MIRZAINT,MIRZA INTERNATIONAL
539220,MISHKA,MISHKA EXIM 
539594,MISHTANN,MISHTANN FOODS 
542801,MISQUITA,MISQUITA ENGINEERING 
543925,MIT,MAPLE INFRASTRUCTURE TRUST
523782,MITSHI,MITSHI INDIA 
540078,MITSU,MITSU CHEM PLAST 
544575,MITTALSTL,MITTAL SECTIONS 
522036,MIVENMACH,MIVEN MACHINE TOOLS
531537,MIZVEN,MIZZEN VENTURES
538890,MKEXIM,M. K. EXIM (INDIA)
543919,MKPL,M.K.PROTEINS 
521244,MKPMOB,MKP MOBILITY 
526891,MKTCREAT,MARKET CREATORS
514238,MKVENTURES,MKVENTURES CAPITAL
512153,MLINDLTD,M LAKHAMSI INDUSTRIES
507621,MLKFOOD,MILKFOOD
522241,MMFL,M.M.FORGINGS
535910,MMLF,MONEY MASTERS LEASING & FINANC
509196,MMRUBBR-B,MM RUBBER COMPANY
513377,MMTC,MMTC
512267,MMWL,MEDIA MATRIX WORLDWIDE
544623,MNFL,MOTHER NUTRI FOODS 
539767,MNIL,MEGA NIRMAN & INDUSTRIES LIMIT
507938,MNPLFIN,MANIPAL FINANCE CORPORATION LT
539682,MOBAVENUE,MOBAVENUE AI TECH 
519287,MODAIRY,MODERN DAIRIES
519003,MODINATUR,MODI NATURALS
515008,MODINSU,MODERN INSULATORS
503776,MODIPON,MODIPON
500890,MODIRUBBER,MODI RUBBER
543539,MODIS,MODI'S NAVNIRMAN
506261,MODISONLTD,MODISON
517336,MODMA,MODERN MALLEABLES
509760,MODRNSH,MODERN SHARES & STOCKBROKERS L
500282,MODTHREAD,MODERN THREADS (INDIA)
504273,MODULEX,MODULEX CONSTRUCTION TECHNOLOG
503772,MODWOOL,MODELLA WOOLLENS
532140,MOHITE,MOHITE INDUSTRIES
531453,MOHITIND,MOHIT INDUSTRIES
530169,MOHITPPR,MOHIT PAPER MILLS
533286,MOIL,MOIL
543331,MOL,MEGHMANI ORGANICS 
544866,MOLBIO,MOLBIO DIAGNOSTICS
526263,MOLDTECH,MOLD-TEK TECHNOLOGIES
533080,MOLDTKPAC,MOLD-TEK PACKAGING
544906,MOMSBELIEF,RAYS OF BELIEF 
511551,MONARCH,MONARCH NETWORTH CAPITAL LIMIT
538446,MONEYBOXX,MONEYBOXX FINANCE
530167,MONGIPA,MOONGIPA CAPITAL FINANCE
544451,MONIKA,MONIKA ALCOBEV
532078,MONIND,MONIND
505343,MONOT,MONOTYPE INDIA
538836,MONTECARLO,MONTE CARLO FASHIONS 
544883,MOPSHOP,MOPSHOP DISTRIBUTION
511549,MORARKFI,MORARKA FINANCE
500288,MOREPENLAB,MOREPEN LABORATORIES
526237,MORGAN,MORGAN VENTURES
532407,MOSCHIP,MOSCHIP TECHNOLOGIES
517334,MOTHERSON,SAMVARDHANA MOTHERSON INTERNAT
532892,MOTILALOFS,MOTILAL OSWAL FINANCIAL SERVIC
501343,MOTOGENFIN,MOTOR & GENERAL FINANCE
506543,MPAGI,M.P.AGRO INDUSTRIES
505797,MPCOSEMB,MIPCO SEAMLESS RINGS (GUJARAT)
532723,MPDL,MPDL
532470,MPFSL,MPF SYSTEMS 
526299,MPHASIS,MPHASIS
500450,MPILCORPL,MPIL CORPORATION
544916,MPIMANIPAL,MANIPAL PAYMENT AND IDENTITY S
544553,MPKSTEELS,M P K STEELS (I)
526143,MPL,MPL PLASTICS
532440,MPSLTD,MPS
540809,MRCAGRO,MRC AGROTECH
500290,MRF,MRF
543262,MRP,MRP AGRO 
500109,MRPL,MANGALORE REFINERY & PETROCHEM
544773,MRTX,MERRITRONIX 
512065,MRUTR,MRUGESH TRADING
544695,MSAFE,MSAFE EQUIPMENTS 
513544,MSCTC,MARDIA SAMYOUNG CAPILLARY TUBE
544453,MSECL,MONARCH SURVEYORS AND ENGINEER
539275,MSL,MANGALAM SEEDS 
511000,MSLGLOBAL,MSL GLOBAL
532650,MSPL,MSP STEEL & POWER
542597,MSTCLTD,MSTC 
543498,MSUMI,MOTHERSON SUMI WIRING INDIA LI
543270,MTARTECH,MTAR TECHNOLOGIES 
534312,MTEDUCARE,MT EDUCARE
544751,MTL,MEHUL TELECOM
500108,MTNL,MAHANAGAR TELEPHONE NIGAM
540254,MTPL,MARG TECHNO PROJECTS
539819,MUDRA,MUDRA FINANCIAL SERVICES
538743,MUDUNURU,MUDUNURU 
542774,MUFIN,MUFIN GREEN FINANCE
500460,MUKANDLTD,MUKAND
523832,MUKATPIP,MUKAT PIPES
530341,MUKESHB,MUKESH BABU FINANCIAL SERVICES
535204,MUKTA,MUKTA AGRICULTURE 
532357,MUKTAARTS,MUKTA ARTS
539219,MUL,MAURIA UDYOG
501477,MULLER,MULLER & PHIPPS (INDIA)
526169,MULTIBASE,MULTIBASE INDIA
511200,MUNCAPM,MUNOTH CAPITAL MARKET
520059,MUNJALAU,MUNJAL AUTO INDUSTRIES
520043,MUNJALSHOW,MUNJAL SHOWA
531821,MUNOTHFI,MUNOTH FINANCIAL SERVICES
515037,MURUDCERA,MURUDESHWAR CERAMICS
511766,MUTHOOTCAP,MUTHOOT CAPITAL SERVICES
533398,MUTHOOTFIN,MUTHOOT FINANCE
544851,MVELECTRO,MV ELECTROSYSTEMS
544764,MWL,MANGALAM WORLDWIDE 
538862,MYMONEY,MY MONEY SECURITIES
506734,MYSORPETRO,MYSORE PETRO CHEMICALS
535205,MYSTICELE,MYSTIC ELECTRONICS 
524709,NACLIND,NACL INDUSTRIES 
532362,NAGPI,NAGPUR POWER & INDUSTRIES
532895,NAGREEKCAP,NAGREEKA CAPITAL & INFRASTRUCT
521109,NAGREEKEXP,NAGREEKA EXPORTS
531832,NAGTECH,NAGARJUNA AGRI TECH
532952,NAHARCAP,NAHAR CAPITAL & FINANCIAL SERV
519136,NAHARINDUS,NAHAR INDUSTRIAL ENTERPRISES L
523391,NAHARPOLY,NAHAR POLYFILMS
500296,NAHARSPING,NAHAR SPINNING MILLS
539402,NAKSH,NAKSH PRECIOUS METALS 
538395,NAM,NAM SECURITIES
540767,NAM-INDIA,NIPPON LIFE INDIA ASSET MANAGE
544668,NANTA,NANTA TECH
500298,NAPEROL,NAPEROL INVESTMENTS 
538926,NAPL,NATURITE AGRO PRODUCTS 
543643,NARMADA,NARMADA AGROBASE 
544680,NARMADESH,NARMADESH BRASS INDUSTRIES LIM
517431,NARMP,NARMADA MACPLAST DRIP IRRIGATI
531416,NARPROP,NARENDRA PROPERTIES
524654,NATCAPSUQ,NATURAL CAPSULES
524816,NATCOPHARM,NATCO PHARMA
531289,NATFIT,NATIONAL FITTINGS
531651,NATGENI,NATIONAL GENERAL INDUSTRIES LT
537291,NATHBIOGEN,NATH BIO-GENES (INDIA)
502587,NATHIND,NATH INDUSTRIES
531834,NATHUEC,NATURA HUE CHEM
532234,NATIONALUM,NATIONAL ALUMINIUM CO - NALCO
504882,NATIONSTD,NATIONAL STANDARD (INDIA)
526616,NATPLAS,NATIONAL PLASTIC INDUSTRIES LT
531287,NATPLASTI,NATIONAL PLASTIC TECHNOLOGIES
516062,NATPLY,NATIONAL PLYWOOD INDUSTRIES LT
530119,NATRAJPR,NATRAJ PROTEINS
543207,NATURAL,NATURAL BIOCON (INDIA) 
532777,NAUKRI,INFO EDGE (INDIA)
513023,NAVA,NAVA
539521,NAVIGANT,NAVIGANT CORPORATE ADVISORS LI
532504,NAVINFLUOR,NAVIN FLUORINE INTERNATIONAL L
539332,NAVKARCORP,NAVKAR CORPORATION 
531494,NAVKARURB,NAVKAR URBANSTRUCTURE
508989,NAVNETEDUL,NAVNEET EDUCATION
543280,NAZARA,NAZARA TECHNOLOGIES 
534309,NBCC,NBCC (INDIA) 
523242,NBFOOT,NB FOOTWEAR
543351,NBL,NAAPBOOKS 
500294,NCC,NCC
519506,NCCBLUE,NCC BLUE WATER PRODUCTS
502168,NCLIND,NCL INDUSTRIES
530557,NCLRESE,NCL RESEARCH & FINANCIAL SERVI
544510,NCML,NILACHAL CARBO METALICKS LIMIT
511535,NDASEC,NDA SECURITIES
532641,NDL,NANDAN DENIM
500189,NDLVENTURE,NDL VENTURES 
543214,NDRAUTO,NDR AUTO COMPONENTS 
532529,NDTV,NEW DELHI TELEVISION
508670,NEAGI,NEELAMALAI AGRO INDUSTRIES
534615,NECCLTD,NORTH EASTERN CARRYING CORPORA
532649,NECLIFE,NECTAR LIFESCIENCES
531049,NEELKAN,NEELKANTH ROCKMINERALS
512565,NEELKANTH,NEELKANTH
539409,NEERAJ,NEERAJ PAPER MARKETING
544434,NEETUYOSHI,NEETU YOSHI 
539016,NEIL,NEIL INDUSTRIES
532864,NELCAST,NELCAST
504112,NELCO,NELCO
542665,NEOGEN,NEOGEN CHEMICALS 
514332,NEOINFRA,NEO INFRACON
544647,NEPHROPLUS,NEPHROCARE HEALTH SERVICES LIM
544663,NEPLOG,NEPTUNE LOGITEK
505355,NESCO,NESCO
500790,NESTLEIND,NESTLE INDIA
509040,NETLINK,NETLINK SOLUTIONS (INDIA)
543247,NETPIX,NET PIX SHORTS DIGITAL MEDIA L
511658,NETTLINX,NETTLINX
543945,NETWEB,NETWEB TECHNOLOGIES INDIA LIMI
532798,NETWORK18,NETWORK18 MEDIA & INVESTMENTS
532887,NEUEON,NEUEON CORPORATION 
524558,NEULANDLAB,NEULAND LABORATORIES
540900,NEWGEN,NEWGEN SOFTWARE TECHNOLOGIES L
531959,NEWINFRA,NEWTIME INFRASTRUCTURE
540243,NEWLIGHT,NEW LIGHT INDUSTRIES
508867,NEWMKTAVE,NEW MARKETS AVENUE
514060,NEWTRAC,NEWTRAC FOODS & BEVERAGES LIMI
508905,NEXOME,NEXOME CAPITAL MARKETS
532416,NEXTMEDIA,NEXT MEDIAWORKS
538874,NEXUSSURGL,NEXUS SURGICAL AND MEDICARE LI
523630,NFL,NATIONAL FERTILIZERS
541418,NGIL,NAKODA GROUP OF INDUSTRIES LIM
530897,NGIND,N.G.INDUSTRIES
524774,NGLFINE,NGL FINE-CHEM
539551,NH,NARAYANA HRUDAYALAYA 
517554,NHCFOODS,NHC FOODS
533098,NHPC,NHPC
540769,NIACL,THE NEW INDIA ASSURANCE COMPAN
535136,NIBE,NIBE
535458,NIBL,NRB INDUSTRIAL BEARINGS
526721,NICCOPAR,NICCO PARKS & RESORTS
512103,NIDHGRN,NIDHI GRANITES
590103,NIFTYBEES,NIPPON INDIA ETF NIFTY 50 BEES
544586,NIFTYCASE,ZERODHA NIFTY 50 ETF
531083,NIHARINF,NIHAR INFO GLOBAL
500304,NIITLTD,NIIT
543952,NIITMTS,NIIT LEARNING SYSTEMS 
526159,NIKHILAD,NIKHIL ADHESIVES
531272,NIKKIGL,NIKKI GLOBAL FINANCE
543282,NIKSTECH,NIKS TECHNOLOGY 
502294,NILACHAL,NILACHAL REFRACTORIES
530377,NILAINFRA,NILA INFRASTRUCTURES
542231,NILASPACES,NILA SPACES
530129,NILE,NILE
523385,NILKAMAL,NILKAMAL
511714,NIMBSPROJ,NIMBUS PROJECTS
539843,NINSYS,NINTEC SYSTEMS 
504058,NIPPOBATRY,INDO-NATIONAL
532986,NIRAJ,NIRAJ CEMENT STRUCTURALS
512425,NIRAVCOM,NIRAV COMMERCIALS
500307,NIRLON,NIRLON
543194,NIRMITEE,NIRMITEE ROBOTICS INDIA LIMITE
544495,NISMGMT,NIS MANAGEMENT
532722,NITCO,NITCO
508875,NITINCAST,NITIN CASTINGS 
532698,NITINSPIN,NITIN SPINNERS
506532,NITTAGELA,NITTA GELATIN INDIA
542206,NIVAKA,NIVAKA FASHIONS
538772,NIYOGIN,NIYOGIN FINTECH 
519494,NKIND,N.K.INDUSTRIES
513683,NLCINDIA,NLC INDIA 
531212,NLFL,NALIN LEASE FINANCE
526371,NMDC,NMDC
522289,NMSGLOBAL,NMS GLOBAL
539200,NOBPOL,NOBLE POLYMERS
500730,NOCIL,NOCIL
532481,NOIDATOLL,NOIDA TOLL BRIDGE COMPANY
507813,NOL,NATIONAL OXYGEN
519528,NORBTEAEXP,NORBEN TEA & EXPORTS
524414,NORRIS,NORRIS MEDICINES
539110,NORTHLINK,NORTHLINK FISCAL AND CAPITAL S
531465,NOUVEAU,NOUVEAU GLOBAL VENTURES
500672,NOVARTIND,NOVARTIS INDIA
542771,NOVATEOR,NOVATEOR RESEARCH LABORATORIES
536565,NOVELIX,NOVELIX PHARMACEUTICALS LIMITE
513566,NOVIS,NOVA IRON & STEEL
544735,NOVUS,NOVUS LOYALTY 
519353,NOVYRA,NOVYRA PHARMACHEM
530127,NPRFIN,NPR FINANCE
516082,NRAIL,N.R.AGARWAL INDUSTRIES
530367,NRBBEARING,NRB BEARINGS
544571,NSBBPO,NSB BPO SOLUTIONS 
544467,NSDL,NATIONAL SECURITIES DEPOSITORY
532256,NSIL,NALWA SONS INVESTMENTS
542628,NSL,NORTHERN SPIRITS 
543768,NSLNISP,NMDC STEEL 
526723,NTCIND,NTC INDUSTRIES
532555,NTPC,NTPC
531209,NUCLEUS,NUCLEUS SOFTWARE EXPORTS
543264,NURECA,NURECA 
531304,NUTECGLOB,NUTECH GLOBAL
530219,NUTRICIRCLE,NUTRICIRCLE 
543334,NUVOCO,NUVOCO VISTAS CORPORATION LIMI
543522,NVENTURES,NANAVATI VENTURES 
531889,NWIL,NURTURE WELL INDUSTRIES LIMITE
543913,NXST,NEXUS SELECT TRUST - REIT
543384,NYKAA,FSN E-COMMERCE VENTURES LIMITE
504378,NYSSACORP,NYSSA CORPORATION
500078,OAL,ORIENTAL AROMATICS
512489,OASISEC,OASIS SECURITIES
541206,OBCL,OBCL 
533273,OBEROIRLTY,OBEROI REALTY
540405,OCEANIC,OCEANIC FOODS 
538894,OCTAL,OCTAL CREDIT CAPITAL
521062,OCTAVE,PERFECT-OCTAVE MEDIA PROJECTS
542938,OCTAVIUSPL,OCTAVIUS PLANTATIONS 
540416,OCTAWARE,OCTAWARE TECHNOLOGIES 
531996,ODYCORP,ODYSSEY CORPORATION
530175,ODYSSEY,ODYSSEY TECHNOLOGIES
532466,OFSS,ORACLE FINANCIAL SERVICES SOFT
533106,OIL,OIL INDIA
500313,OILCOUNTUB,OIL COUNTRY TUBULAR
530805,OIVL,ONESOURCE INDUSTRIES AND VENTU
526415,OKPLA,OK PLAY INDIA
543578,OLATECH,OLATECH SOLUTIONS 
532439,OLECTRA,OLECTRA GREENTECH
534190,OLPCL,OLYMPIC CARDS
521105,OLYMPTX,OLYMPIA INDUSTRIES
507609,OLYOI,OLYMPIC OIL INDUSTRIES
520021,OMAXAUTO,OMAX AUTOS
532880,OMAXE,OMAXE
519479,OMEAG,OMEGA AG-SEEDS (PUNJAB)
511644,OMEGAIN,OMEGA INTERACTIVE TECHNOLOGIES
544564,OMFREIGHT,OM FREIGHT FORWARDERS 
531092,OMINFRAL,OM INFRA
532167,OMKARPH,OMKAR PHARMACHEM
544559,OML,OM METALLOGIC
544720,OMNI,OMNITECH ENGINEERING 
532340,OMNIAX,OMNI AXS SOFTWARE
543400,OMNIPOTENT,OMNIPOTENT INDUSTRIES 
514324,OMNITEX,OMNITEX INDUSTRIES (INDIA)
544750,OMPOWER,OM POWER TRANSMISSION
514330,ONEGLOBAL,ONE GLOBAL SERVICE PROVIDER LI
544852,ONEINDIG,ONEINDIG TECHNOLOGIES 
533632,ONELIFECAP,ONELIFE CAPITAL ADVISORS
544748,ONEPOINT,ONE POINT ONE SOLUTIONS LIMITE
500312,ONGC,OIL AND NATURAL GAS CORPORATIO
513119,ONIXSOLAR,ONIX SOLAR ENERGY
532944,ONMOBILE,ONMOBILE
540386,ONTIC,ONTIC FINSERVE 
517536,ONWARDTEC,ONWARD TECHNOLOGIES
535657,OONE,OBJECTONE INFORMATION SYSTEMS
539116,OPCHAINS,O. P. CHAINS 
530135,OPTIEMUS,OPTIEMUS INFRACOM
531254,OPTIFIN,OPTIMUS FINANCE 
512626,ORBTEXP,ORBIT EXPORTS
532271,ORCHASP,ORCHASP
524372,ORCHPHARMA,ORCHID PHARMA 
531157,ORGCOAT,ORGANIC COATINGS
507690,ORIBEVER,ORIENT BEVERAGES
513121,ORICONENT,ORICON ENTERPRISES
532817,ORIENTALTL,ORIENTAL TRIMEX
530365,ORIENTBELL,ORIENT BELL
535754,ORIENTCEM,ORIENT CEMENT
504879,ORIENTCER,ORIENT CERATECH
541301,ORIENTELEC,ORIENT ELECTRIC 
500314,ORIENTHOT,ORIENTAL HOTELS
526325,ORIENTLTD,ORIENT PRESS
502420,ORIENTPPR,ORIENT PAPER & INDUSTRIES
531512,ORIENTTR,ORIENT TRADELINK
531859,ORIRAIL,ORIENTAL RAIL INFRASTRUCTURE L
590086,ORISSAMINE,ORISSA MINERALS DEVELOPMENT CO
544595,ORKLAINDIA,ORKLA INDIA 
531626,OROSMITHS,OROSIL SMITHS INDIA
539287,ORTINGLOBE,ORTIN GLOBAL
540198,OSIAJEE,OSIAJEE TEXFAB
500317,OSWALAGRO,OSWAL AGRO MILLS
539290,OSWALGREEN,OSWAL GREENTECH 
514460,OSWAYRN,OSWAL YARNS
544498,OVAL,OVAL PROJECTS ENGINEERING LIMI
530741,OVOBELE,OVOBEL FOODS
514414,OXFORDIN,OXFORD INDUSTRIES
524636,OXYGENTAPH,OXYGENTA PHARMACEUTICAL LIMITE
543637,PACE,PACE E-COMMERCE VENTURES LIMIT
544550,PACEDIGITK,PACE DIGITEK 
523483,PACIFICI,PACIFIC INDUSTRIES
531779,PADALPO,PADMANABH ALLOYS & POLYMERS LT
531395,PADAMCO,PADAM COTTON YARNS
526905,PADMAIND,PADMANABH INDUSTRIES
532350,PADMALAYAT,PADMALAYA TELEFILMS
532827,PAGEIND,PAGE INDUSTRIES
532900,PAISALO,PAISALO DIGITAL
544657,PAJSON,PAJSON AGRO INDIA 
516030,PAKKA,PAKKA
540648,PALASHSECU,PALASH SECURITIES 
539121,PALCO,PALCO METALS 
541444,PALMJEWELS,PALM JEWELS 
532521,PALREDTEC,PALRED TECHNOLOGIES
544897,PALUCK,PALUCK TECHNOLOGIES 
538742,PANABYTE,PANABYTE TECHNOLOGIES
531349,PANACEABIO,PANACEA BIOTEC
504093,PANAENERG,PANASONIC ENERGY INDIA COMPANY
538860,PANAFIC,PANAFIC INDUSTRIALS
524820,PANAMAPET,PANAMA PETROCHEM
508941,PANCARBON,PANASONIC CARBON INDIA CO.LTD.
513511,PANCHMAHQ,PANCHMAHAL STEEL
531726,PANCHSHEEL,PANCHSHEEL ORGANICS
500322,PANCM,PANYAM CEMENTS & MINERAL INDUS
517397,PANELEC,PAN ELECTRONICS INDIA
544698,PANHR,PAN HR SOLUTION
524055,PANIDPR,PANTHER INDUSTRIAL PRODUCTS LT
511525,PANINDIAC,PAN INDIA CORPORATION
526345,PANJON,PANJON
531280,PANKAJPO,PANKAJ POLYMERS
539469,PANORAMA,PANORAMA STUDIOS INTERNATIONAL
539143,PANTH,PANTH INFINITY
530291,PAOS,PAOS INDUSTRIES
530555,PARACABLES,PARAMOUNT COMMUNICATIONS
543530,PARADEEP,PARADEEP PHOSPHATES 
539889,PARAGMILK,PARAG MILK FOODS 
531255,PARAGONF,PARAGON FINANCE
543367,PARAS,PARAS DEFENCE AND SPACE TECHNO
521246,PARASPETRO,PARAS PETROFILS
524628,PARKERAC,PARKER AGROCHEM EXPORTS
544645,PARKHOSPS,PARK MEDI WORLD
532911,PARLEIND,PARLE INDUSTRIES
507970,PARMCOS-B,PARAMOUNT COSMETICS (INDIA) LT
540467,PARMSILK,PARMESHWARI SILK MILLS
506128,PARNAXLAB,PARNAX LAB
542694,PARSHVA,PARSHVA ENTERPRISES 
511176,PARSHWANA,PARSHWANATH CORPORATION
532780,PARSVNATH,PARSVNATH DEVELOPERS
541347,PARVATI,PARVATI SWEETNERS AND POWER LT
521080,PASARI,PASARI SPINNING MILLS
544448,PASHUPATI,PASHUPATI COTSPIN 
511734,PASUFIN,PASUPATI FINCAP
500456,PASUPTAC,PASUPATI ACRYLON
503092,PASUSPG,PASUPATI SPG.& WVG.MILLS
500368,PATANJALI,PATANJALI FOODS 
544460,PATELCHEM,PATEL CHEM SPECIALITIES LIMITE
531120,PATELENG,PATEL ENGINEERING
544487,PATELRMART,PATEL RETAIL
517417,PATELSAI,PATELS AIRTEMP (INDIA)
524031,PATIDAR,PATIDAR BUILDCON
526381,PATINTLOG,PATEL INTEGRATED LOGISTICS
543798,PATRON,PATRON EXIM 
514326,PATSPINLTD,PATSPIN INDIA
532742,PAUSHAKLTD,PAUSHAK
543915,PAVNAIND,PAVNA INDUSTRIES 
543396,PAYTM,ONE 97 COMMUNICATIONS 
532676,PBAINFRA,PBA INFRASTRUCTURE
514087,PBMPOLY,PBM POLYTEX
506590,PCBL,PCBL CHEMICAL 
524136,PCCOSMA,PEE CEE COSMA SOPE
534809,PCJEWELLER,PC JEWELLER
543814,PCL,PROSPECT CONSUMER PRODUCTS LIM
517119,PCS,PCS TECHNOLOGY
539785,PDMJEPAPER,PUDUMJEE PAPER PRODUCTS LIMITE
538730,PDSL,PDS
523260,PEARLPOLY,PEARL POLYMERS
539273,PECOS,PECOS HOTELS AND PUBS 
531352,PEETISEC,PEETI SECURITIES
533100,PEIL,PREMIER ENERGY AND INFRASTRUCT
513228,PENIND,PENNAR INDUSTRIES
503031,PENINLAND,PENINSULA LAND
526435,PERFEPA,PERFECTPAC
504132,PERMAGN,PERMANENT MAGNETS
544901,PERNIASPOP,PURPLE STYLE LABS
533179,PERSISTENT,PERSISTENT SYSTEMS
517172,PERVASIVE,PERVASIVE COMMODITIES 
524046,PETPLST,PET PLASTICS
532522,PETRONET,PETRONET LNG
532810,PFC,POWER FINANCE CORPORATION
500680,PFIZER,PFIZER
531769,PFLINFOTC,PFL INFOTECH
532748,PFOCUS,PRIME FOCUS
533344,PFS,PTC INDIA FINANCIAL SERVICES L
543540,PGCRL,PEARL GREEN CLUBS AND RESORTS
533581,PGEL,PG ELECTROPLAST
526747,PGFOILQ,PG FOILS
500459,PGHH,PROCTER & GAMBLE HYGIENE & HEA
500126,PGHL,PROCTER & GAMBLE HEALTH LIMITE
532808,PGIL,PEARL GLOBAL INDUSTRIES LIMITE
543290,PGINVIT,POWERGRID INFRA INVESTMENT TRUST - INVIT
524572,PHARMAID,PHARMAIDS PHARMACEUTICALS
500143,PHCAP,P H CAPITAL
503100,PHOENIXLTD,THE PHOENIX MILLS
526481,PHOENXINTL,PHOENIX INTERNATIONAL
542123,PHOSPHATE,THE PHOSPHATE COMPANY 
526588,PHOTOQUP,PHOTOQUIP INDIA
523620,PHRMASI,PHAARMASIA
544902,PHYCHEM,PHYCHEM TECHNOLOGIES 
524808,PHYTO,PHYTO CHEM (INDIA)
530305,PICCADIL,PICCADILY AGRO INDUSTRIES
507498,PICCASUG,PICCADILY SUGAR & ALLIED INDUS
532355,PICTUREHS,PICTUREHOUSE MEDIA
500331,PIDILITIND,PIDILITE INDUSTRIES
543912,PIGL,POWER & INSTRUMENTATION (GUJAR
523642,PIIND,P.I.INDUSTRIES
539883,PILANIINVS,PILANI INVESTMENT AND INDUSTRI
500327,PILITA,PIL ITALICA LIFESTYLE 
544606,PINELABS,PINE LABS 
519439,PIONAGR,PIONEER AGRO EXTRACTS
514300,PIONEEREMB,PIONEER EMBROIDERIES
507864,PIONRINV,PIONEER INVESTCORP
544597,PIRAMALFIN,PIRAMAL FINANCE 
513519,PITTIENG,PITTI ENGINEERING
500333,PIXTRANS,PIX TRANSMISSIONS
539401,PJL,PATDIAM JEWELLERY 
523648,PLASTIBLEN,PLASTIBLENDS INDIA
534060,PMCFIN,PMC FINCORP
539113,PML,PAUL MERCHANTS
532461,PNB,PUNJAB NATIONAL BANK
532366,PNBGILTS,PNB GILTS
540173,PNBHOUSING,PNB HOUSING FINANCE 
532387,PNC,PNC MEDIA AND ENTERTAINMENT LI
539150,PNCINFRA,PNC INFRATECH 
544718,PNGSREVA,PNGS REVA DIAMOND JEWELLERY LI
524210,PNTKYOR,PENTOKEY ORGANY (INDIA)
543352,POBS,PLATINUMONE BUSINESS SERVICES
532626,POCL,PONDY OXIDES & CHEMICALS
524570,PODDARMENT,PODDAR PIGMENTS
539195,POEL,POCL ENTERPRISES
532486,POKARNA,POKARNA
543390,POLICYBZR,PB FINTECH 
507645,POLSON,POLSON
542652,POLYCAB,POLYCAB INDIA 
506605,POLYCHEM,POLYCHEM
526043,POLYCHMP,POLYMECHPLAST MACHINES
531397,POLYCON,POLYCON INTERNATIONAL
531454,POLYLINK,POLYLINK POLYMERS (INDIA)
537573,POLYMAC,POLYMAC THERMOFORMERS
531768,POLYMED,POLY MEDICURE
524051,POLYPLEX,POLYPLEX CORPORATION
539354,POLYSPIN,POLYSPIN EXPORTS
532460,PONNIERODE,PONNI SUGARS (ERODE)
540727,POOJA,POOJAWESTERN METALIKS 
532011,POOJAENT,VASHU BHAGNANI INDUSTRIES LIMI
519359,POONADAL,POONA DAL & OIL INDUSTRIES
524000,POONAWALLA,POONAWALLA FINCORP
531971,POPEES,POPEES BABY CARE INDIA
531870,POPULARES,POPULAR ESTATE MANAGEMENT
532933,PORWAL,PORWAL AUTO COMPONENTS
532898,POWERGRID,POWER GRID CORPORATION OF INDI
544744,POWERICA,POWERICA
543187,POWERINDIA,HITACHI ENERGY INDIA
539302,POWERMECH,POWER MECH PROJECTS 
532934,PPAP,PPAP
544844,PPEL,POOJAA PRECISION ENGG.
542684,PPL,PRAKASH PIPES 
543635,PPLPHARMA,PIRAMAL PHARMA
540717,PQIF,POLO QUEEN INDUSTRIAL AND FINT
530361,PRABHHANS,PRABHHANS INDUSTRIES
513532,PRADPME,PRADEEP METALS
531746,PRAENG,PRAJAY ENGINEERS SYNDICATE
500192,PRAGBOS,PRAG BOSIMI SYNTHETICS
522205,PRAJIND,PRAJ INDUSTRIES
506022,PRAKASH,PRAKASH INDUSTRIES
533239,PRAKASHSTL,PRAKASH STEELAGE
544909,PRANAV,PRANAV CONSTRUCTIONS
544538,PRARUH,PRARUH TECHNOLOGIES
544912,PRASOLCHEM,PRASOL CHEMICALS 
526490,PRATIK,PRATIK PANELS
531637,PRAVEG,PRAVEG
540901,PRAXIS,PRAXIS HOME RETAIL 
539636,PRECAM,PRECISION CAMSHAFTS 
517258,PRECISIO,PRECISION ELECTRONICS
523539,PRECWIRE,PRECISION WIRES INDIA
511016,PREMCAP,PREMIER CAPITAL SERVICES
530331,PREMCO,PREMCO GLOBAL
526247,PREMEXPLN,PREMIER EXPLOSIVES
500540,PREMIER,PREMIER
514354,PREMIERPOL,PREMIER POLYFILM
509835,PREMSYN,PREMIER SYNTHETICS
531802,PRERINFRA,PRERNA INFRABUILD
533274,PRESTIGE,PRESTIGE ESTATES PROJECTS
543363,PREVEST,PREVEST DENPRO 
540293,PRICOLLTD,PRICOL 
519262,PRIMAGR,PRIMA AGRO
531246,PRIMAIN,PRIMA INDUSTRIES
544855,PRIMAINNO,PRIMA INNOVATION 
530589,PRIMAPLA,PRIMA PLASTICS
535514,PRIMECAPM,PRIME CAPITAL MARKET
540404,PRIMEFRESH,PRIME FRESH
530695,PRIMEPRO,PRIME PROPERTY DEVELOPMENT COR
500337,PRIMESECU,PRIME SECURITIES
521149,PRIMEURB,PRIME URBAN DEVELOPMENT INDIA
519299,PRIMIND,PRIME INDUSTRIES
506852,PRIMO,PRIMO CHEMICALS 
542907,PRINCEPIPE,PRINCE PIPES AND FITTINGS LIMI
544899,PRIORITY,PRIORITY JEWELS 
531735,PRISMFN,PRISM FINANCE
512217,PRISMMEDI,PRISM MEDICO AND PHARMACY
501314,PRISMX,PRISMX GLOBAL VENTURES
531688,PRITHVIEXCH,PRITHVI EXCHANGE (INDIA) LIMIT
539359,PRITIKAUTO,PRITIKA AUTO INDUSTRIES LIMITE
530117,PRIVISCL,PRIVI SPECIALITY CHEMICALS LIM
524580,PRIYALT,PRIYA
540703,PROCLB,PRO CLB GLOBAL
544643,PRODOCS,PRODOCS SOLUTIONS
511557,PROFINC,PRO FIN CAPITAL SERVICES
526494,PROMACT,PROMACT PLASTICS 
543375,PROMAX,PROMAX POWER 
534675,PROZONER,PROZONE REALTY
500338,PRSMJOHNSN,PRISM JOHNSON
519014,PRSNTIN,PRASHANT INDIA
543527,PRUDENT,PRUDENT CORPORATE ADVISORY SER
500342,PRUDMOULI,PRUDENTIAL SUGAR CORPORATION L
533295,PSB,PUNJAB & SIND BANK
544752,PSCELESTIA,PROPSHARE CELESTIA
505502,PSITINFRA,PS IT INFRASTRUCTURE & SERVICE
540544,PSPPROJECT,PSP PROJECTS 
544462,PSTITANIA,PROPSHARE TITANIA
590108,PSUBNKBEES,NIPPON INDIA NIFTY PSU BANK BEES ETF
532524,PTC,PTC INDIA
539006,PTCIL,PTC INDUSTRIES
509220,PTL,PTL ENTERPRISES
512591,PULSRIN,PULSAR INTERNATIONAL
512461,PUNCTRD,PUNCTUAL TRADING
506618,PUNJABCHEM,PUNJAB CHEMICALS AND CROP PROT
500346,PUNJCOMMU,PUNJAB COMMUNICATIONS
530077,PURETROP,PURETROP FRUITS
523315,PURITY,PURITY FLEX PACK
538993,PUROHITCON,PUROHIT CONSTRUCTION 
540159,PURPLE,PURPLE AGROTECH INDUSTRIES LIM
544627,PURPLEWAVE,PURPLE WAVE INFOCOM
538647,PURSHOTTAM,PURSHOTTAM INVESTOFIN
532891,PURVA,PURAVANKARA 
517556,PVP,PVP VENTURES
532689,PVRINOX,PVR INOX
536659,PVVINFRA,PVV INFRA 
531437,PWASML,PRAKASH WOOLLEN & SYNTHETIC MI
544609,PWL,PHYSICSWALLAH 
543969,PYRAMID,PYRAMID TECHNOPLAST 
538646,QGO,QGO FINANCE
590099,QGOLDHALF,QUANTUM GOLD FUND ETF
590110,QNIFTY,QUANTUM NIFTY 50 ETF
543460,QRIL,QUALITY RO INDUSTRIES 
544872,QTFOODS,Q&T FOODS
511116,QUADRANT,QUADRANT TELEVENTURES
530281,QUANTDIA,QUANTUM DIGITAL VISION (INDIA)
539978,QUESS,QUESS CORP 
500069,QUESTCAP,QUEST CAPITAL MARKETS
539678,QUICKHEAL,QUICK HEAL TECHNOLOGIES LIMITE
539515,QUINT,QUINT DIGITAL 
524502,RAAJMEDI,RAAJ MEDISAFE INDIA
538540,RAAMA,RAAMA FINANCE
537785,RACE,RACE ECO CHAIN
544503,RACHIT,RACHIT PRINTS 
520073,RACLGEAR,RACL GEARTECH 
541703,RACONTEUR,RACONTEUR GLOBAL RESOURCES LIM
590070,RADAAN,RADAAN MEDIAWORKS (I)
531273,RADHEDE,RADHE DEVELOPERS (INDIA)
540125,RADHIKAJWE,RADHIKA JEWELTECH 
543732,RADIANTCMS,RADIANT CASH MANAGEMENT SERVIC
532497,RADICO,RADICO KHAITAN
540366,RADIOCITY,MUSIC BROADCAST 
531412,RADIXIND,RADIX INDUSTRIES (INDIA) LIMIT
538921,RAFL,RAGHUVANSH AGROFARMS 
526813,RAGHUNAT,RAGHUNATH INTERNATIONAL
514316,RAGHUSYN,RAGHUVIR SYNTHETICS
531552,RAGHUTOB,RAGHUNATH TOBACCO CO.LTD.
543265,RAILTEL,RAILTEL CORPORATION OF INDIA L
500339,RAIN,RAIN INDUSTRIES
543524,RAINBOW,RAINBOW CHILDREN'S MEDICARE LI
531694,RAINBOWF,RAINBOW FOUNDATIONS
503127,RAJABAH,RAJA BAHADUR INTERNATIONAL
531500,RAJESHEXPO,RAJESH EXPORTS
526823,RAJINFRA,RAJESWARI INFRASTRUCTURE LIMIT
539495,RAJKOTINV,RAJKOT INVESTMENT TRUST LIMITE
514028,RAJKSYN,RAJKAMAL SYNTHETICS
541601,RAJNISH,RAJNISH WELLNESS 
522257,RAJOOENG,RAJOO ENGINEERS
530111,RAJPACK,RAJ PACKAGING INDUSTRIES
532503,RAJPALAYAM,RAJAPALAYAM MILLS
539090,RAJPUTANA,RAJPUTANA INVESTMENT AND FINAN
517522,RAJRATAN,RAJRATAN GLOBAL WIRE
530699,RAJRILTD,RAJ RAYON INDUSTRIES
526873,RAJSEC,RAJASTHAN SECURITIES
506975,RAJSPTR,RAJASTHAN PETRO SYNTHETICS
500354,RAJSREESUG,RAJSHREE SUGARS & CHEMICALS LT
530253,RAJTUBE,RAJASTHAN TUBE MANUFACTURING C
532826,RAJTV,RAJ TELEVISION NETWORK
511185,RAJVI,RAJVI LOGITRADE
526095,RALEGRA,RAVILEELA GRANITES
500355,RALLIS,RALLIS INDIA
500356,RAMANEWS,SHREE RAMA NEWSPRINT
500358,RAMAPETRO,RAMA PETROCHEMICALS
524037,RAMAPHO,RAMA PHOSPHATES
500357,RAMAPPR-B,RAMA PAPER MILLS
539309,RAMASTEEL,RAMA STEEL TUBES 
523289,RAMAVISION,RAMA VISION
544803,RAMBHAJO,ADVIT JEWELS 
500260,RAMCOCEM,THE RAMCO CEMENTS
532369,RAMCOIND,RAMCO INDUSTRIES
532370,RAMCOSYS,RAMCO SYSTEMS
514223,RAMGOPOLY,RAMGOPAL POLYTEX
530951,RAMINFO,RAMINFO
533262,RAMKY,RAMKY INFRASTRUCTURE
522281,RAMRAT,RAM RATNA WIRES
530925,RAMSONS,RAMSONS PROJECTS
507490,RANASUG,RANA SUGARS
531228,RANDER,RANDER CORPORATION
505800,RANEHOLDIN,RANE HOLDINGS
541945,RANJEET,RANJEET MECHATRONICS 
531572,RANJITSE,RANJIT SECURITIES
531583,RAP,RAP CORP
500360,RAPICUT,RAPICUT CARBIDES
501351,RAPIDIN,RAPID INVESTMENTS
522207,RASANDIK,RASANDIK ENGINEERING INDUSTRIE
531233,RASIELEC,RASI ELECTRODES
507966,RASRESOR,RAS RESORTS & APART HOTELS
543417,RATEGAIN,RATEGAIN TRAVEL TECHNOLOGIES L
532918,RATHIBAR,RATHI BARS
504903,RATHIST,RATHI STEEL & POWER
540796,RATNABHUMI,RATNABHUMI DEVELOPERS 
520111,RATNAMANI,RATNAMANI METALS & TUBES
507300,RAVALSUGAR,THE RAVALGAON SUGAR FARM LIMIT
544629,RAVEL,RAVELCARE 
541634,RAWEDGE,RAW EDGE INDUSTRIAL SOLUTIONS
526640,RAYALEMA,ROYALE MANOR HOTELS & INDUSTRI
500330,RAYMOND,RAYMOND
543248,RBA,RESTAURANT BRANDS ASIA 
540065,RBLBANK,RBL BANK 
543285,RCAN,RAJESHWARI CANS 
538707,RCCL,RAJASTHAN CYLINDERS & CONTAINE
524230,RCF,RASHTRIYA CHEMICALS & FERTILIZ
539673,RCL,RADHAGOBIND COMMERCIAL 
532712,RCOM,RELIANCE COMMUNICATIONS
533285,RDBIPL,RDB INFRASTRUCTURE AND POWER L
533608,RDBRL,RDB RASAYANS
544640,RDEL,RIDDHI DISPLAY EQUIPMENTS LIMI
544552,RDGAIL,RUKMANI DEVI GARG AGRO IMPEX L
530053,REALECO,REAL ECO-ENERGY
532955,RECLTD,REC
544755,RECODE,RECODE STUDIOS
532805,REDINGTON,REDINGTON 
543957,REDTAPE,REDTAPE 
543617,REETECH,REETECH INTERNATIONAL
532884,REFEX,REFEX INDUSTRIES
544485,REGAAL,REGAAL RESOURCES
531033,REGAL,REGAL ENTERTAINMENT & CONSULTA
517393,REGANTO,REGANTO ENTERPRISES
515018,REGENCERAM,REGENCY CERAMICS
540175,REGENCY,REGENCY FINCORP
512624,REGENTRP,REGENT ENTERPRISES 
543208,REGIS,REGIS INDUSTRIES
530517,RELAXO,RELAXO FOOTWEARS
503162,RELCHEMQ,RELIANCE CHEMOTEX INDUSTRIES L
532124,RELIABVEN,RELIABLE VENTURES INDIA
500325,RELIANCE,RELIANCE INDUSTRIES
539760,RELICAB,RELICAB CABLE MANUFACTURING LI
511712,RELICTEC,RELIC TECHNOLOGIES
532915,RELIGARE,RELIGARE ENTERPRISES
500390,RELINFRA,RELIANCE INFRASTRUCTURE
504341,RELTD,RAVINDRA ENERGY
526570,REMAGNET,MIDWEST ENERGY
513043,REMIEDEL,REMI EDELSTAHL TUBULARS LIMITE
530919,REMSONSIND,REMSONS INDUSTRIES
544915,RENTOMOJO,RENTOMOJO 
532670,RENUKA,SHREE RENUKA SUGARS
535322,REPCOHOME,REPCO HOME FINANCE
544463,REPONO,REPONO
532687,REPRO,REPRO INDIA
543805,RESGEN,RESGEN
524218,RESONANCE,RESONANCE SPECIALTIES
505509,RESPONIND,RESPONSIVE INDUSTRIES
538273,RESPONSINF,RESPONSE INFORMATICS
515085,RESTILE,RESTILE CERAMICS
543902,RETINA,RETINA PAINTS 
531888,REXNORD,REXNORD ELECTRONICS & CONTROLS
543744,REXSEAL,REX SEALING AND PACKING INDUST
544771,RFIL,RAJNANDINI FASHION INDIA LIMIT
511740,RFL,RUPAREL FOOD PRODUCTS
543256,RFLL,RITA FINANCE AND LEASING LIMIT
539435,RFSL,RICHFIELD FINANCIAL SERVICES L
539669,RGF,RGF CAPITAL MARKETS 
539922,RGIL,ROTOGRAPHICS (INDIA) 
532923,RGL,RENAISSANCE GLOBAL
519191,RGRL,RETRO GREEN REVOLUTION 
543590,RHETAN,RHETAN TMT 
540709,RHFL,RELIANCE HOME FINANCE 
534076,RHIM,RHI MAGNESITA INDIA
543901,RHL,ROBUST HOTELS
531952,RIBATEX,RIBA TEXTILES
530271,RICHUNV,RICH UNIVERSE NETWORK
520008,RICOAUTO,RICO AUTO INDUSTRIES
524480,RIDDHI,RIDDHI SIDDHI GLUCO BIOLS
540590,RIDDHICORP,RIDDHI CORPORATE SERVICES LIMI
523445,RIIL,RELIANCE INDUSTRIAL INFRASTRUC
544734,RIIT,RAAJMARG INFRA INVESTMENT TRUST - INVIT
517035,RIR,RIR POWER ELECTRONICS
530251,RISAINTL,RISA INTERNATIONAL
531539,RISHDIGA,RISHABH DIGHA STEEL & ALLIED P
526861,RISHILASE,RISHI LASER
526492,RISHIROOP,RISHIROOP 
523021,RISHITECH,RISHI TECHTEX
542383,RITCO,RITCO LOGISTICS 
541556,RITES,RITES 
519097,RITESHIN,RITESH INTERNATIONAL
540843,RITHWIKFMS,RITHWIK FACILITY MANAGEMENT SE
544804,RIYAASAT,RIYAASAT LIFESTYLE 
509845,RJSHAH,R.J.SHAH & CO.LTD.
511169,RKDAGRRTL,RKD AGRI AND RETAIL
533294,RKDL,RAVI KUMAR DISTILLERIES
532527,RKFORGE,RAMKRISHNA FORGINGS
512618,RLF,RLF
540358,RMC,RMC SWITCHGEARS
544456,RMDRIP,R M DRIP AND SPRINKLERS SYSTEM
532661,RML,RANE (MADRAS)
538119,RNBDENIMS,R&B DENIMS
517286,RNITAI,RNIT AI SOLUTIONS
543787,ROBU,MACFOS 
531822,RODIUM,RODIUM REALTY
532699,ROHLTD,ROYAL ORCHID HOTELS
543171,ROJL,RO JEWELS 
505807,ROLCOEN,ROLCON ENGINEERING CO.LTD.
543325,ROLEXRINGS,ROLEX RINGS 
502448,ROLLT,ROLLATAINERS
533093,ROML,RAJ OIL MILLS
542145,RONI,RONI HOUSEHOLDS 
530991,ROOPAIND,ROOPA INDUSTRIES
542599,ROOPSHRI,ROOPSHRI RESORTS 
531324,ROSELABS,ROSELABS FINANCE
512115,ROSEMER,ROSE MERC.LTD.
543213,ROSSARI,ROSSARI BIOTECH
533168,ROSSELLIND,ROSSELL INDIA
517500,ROTO,ROTO PUMPS
543228,ROUTE,ROUTE MOBILE 
526193,ROYALCU,ROYAL CUSHION VINYL PRODUCTS L
512047,ROYALIND,ROYAL INDIA CORPORATION LIMITE
539837,RPEL,RAGHAV PRODUCTIVITY ENHANCERS
532983,RPGLIFE,RPG LIFE SCIENCES
532939,RPOWER,RELIANCE POWER
533284,RPPINFRA,RPP INFRA PROJECTS
542333,RPSGVENT,RPSG VENTURES
530525,RRETAIL,RAJNISH RETAIL
511626,RRFIN,RR FINANCIAL CONSULTANTS
531307,RRIL,RRIL
531667,RRMETAL,RR METALMAKERS INDIA
530917,RRSECUR,R.R.SECURITIES
530179,RSCINT,RSC INTERNATIONAL
539875,RSDFIN,RSD FINANCE 
544731,RSL,RAJPUTANA STAINLESS
517447,RSSOFTWARE,R.S.SOFTWARE INDIA
540082,RSTL,RIDDHI STEEL AND TUBE 
500350,RSWM,RSWM
532735,RSYSTEMS,R SYSTEMS INTERNATIONAL
538611,RTFL,REAL TOUCH FINANCE 
534597,RTNINDIA,RATTANINDIA ENTERPRISES LIMITE
533122,RTNPOWER,RATTANINDIA POWER
531215,RTSPOWR,RTS POWER CORPORATION
500367,RUBFILA,RUBFILA INTERNATIONAL
544578,RUBICON,RUBICON RESEARCH
503169,RUBYMILLS,RUBY MILLS
509020,RUCHINFRA,RUCHI INFRASTRUCTURE
532785,RUCHIRA,RUCHIRA PAPERS
539226,RUDRA,RUDRA GLOBAL INFRA PRODUCTS LI
514010,RUDRAECO,RUDRA ECOVATION
530449,RUNGTAIR,RUNGTA IRRIGATION
533552,RUPA,RUPA & COMPANY
533470,RUSHIL,RUSHIL DECOR
543669,RUSTOMJEE,KEYSTONE REALTORS 
543251,RVHL,RAVINDER HEIGHTS 
542649,RVNL,RAIL VIKAS NIGAM 
517273,S&SPOWER,S&S POWER SWITCHGEAR
544526,SAATVIKGL,SAATVIK GREEN ENERGY 
539112,SAB,SAB INDUSTRIES
530461,SABOOSOD,SABOO SODIUM CHLORO
531869,SACHEMT,SACHETA METALS
532710,SADBHAV,SADBHAV ENGINEERING
539346,SADBHIN,SADBHAV INFRASTRUCTURE PROJECT
506642,SADHNANIQ,SADHANA NITROCHEM
523025,SAFARI,SAFARI INDUSTRIES (INDIA)
544596,SAFECURE,SAFECURE SERVICES 
531436,SAFFRON,SAFFRON INDUSTRIES
540143,SAGARSOFT,SAGARSOFT (INDIA) 
502090,SAGCEM,SAGAR CEMENTS
511533,SAHARAHOUS,SAHARA HOUSINGFINA CORPORATION
511754,SAHLIBHFI,SHALIBHADRA FINANCE
532841,SAHYADRI,SAHYADRI INDUSTRIES
531931,SAICAPI,SAI CAPITAL
512097,SAICOM,SAIANAND COMMERCIAL
500113,SAIL,STEEL AUTHORITY OF INDIA
543541,SAILANI,SAILANI TOURS N TRAVELS LIMITE
530265,SAINIK,SAINIK FINANCE & INDUSTRIES LT
544742,SAIPARENT,SAI PARENTERAL'S 
507315,SAKHTISUG,SAKTHI SUGARS
590051,SAKSOFT,SAKSOFT
511066,SAKTHIFIN,SAKTHI FINANCE
532713,SAKUMA,SAKUMA EXPORTS
540642,SALASAR,SALASAR TECHNO ENGINEERING LIM
539353,SALAUTO,SAL AUTOMOTIVE
540181,SALEM,SALEM ERODE INVESTMENTS
526554,SALGUTI,SALGUTI INDUSTRIES
590056,SALONA,SALONA COTSPIN
500370,SALORAINTL,SALORA INTERNATIONAL
503635,SALSAIN,SHREE SALASAR INVESTMENT
532604,SALSTEEL,S.A.L.STEEL
517059,SALZERELEC,SALZER ELECTRONICS
521240,SAMBANDAM,SAMBANDAM SPINNING MILLS
511630,SAMBHAAV,SAMBHAAV MEDIA
544430,SAMBHV,SAMBHV STEEL TUBES
532005,SAMINDUS,SAM INDUSTRIES
520075,SAMKRG,SAMKRG PISTONS & RINGS
535789,SAMMAANCAP,SAMMAAN CAPITAL 
543376,SAMOR,SAMOR REALITY 
534598,SAMPANN,SAMPANN UTPADAN INDIA 
544520,SAMPAT,SAMPAT ALUMINIUM
530617,SAMPRE,SAMPRE NUTRITIONS
543229,SAMRATFORG,SAMRAT FORGINGS 
530125,SAMRATPH,SAMRAT PHARMACHEM
539267,SAMSRITA,SAMSRITA LABS
500371,SAMTELIN,SAMTEL INDIA
521206,SAMTEX,SAMTEX FASHIONS
530025,SAMYAKINT,SAMYAK INTERNATIONAL
521222,SANBLUE,SANBLUE CORPORATION
511563,SANCF,SANCHAY FINVEST
543897,SANCODE,SANCODE TECHNOLOGIES 
523116,SANCTRN,SANCO TRANS
526725,SANDESH,SANDESH
541163,SANDHAR,SANDHAR TECHNOLOGIES 
504918,SANDUMA,SANDUR MANGANESE & IRON ORES L
524703,SANDUPHQ,SANDU PHARMACEUTICALS
538714,SANGAMFIN,SANGAM FINSERV 
514234,SANGAMIND,SANGAM (INDIA)
530073,SANGHVIMOV,SANGHVI MOVERS
532435,SANINFRA,SANMIT INFRA
531569,SANJIVIN,SANJIVANI PARANTERAL
500674,SANOFI,SANOFI INDIA
516096,SANPA,SANGAL PAPERS
543358,SANSERA,SANSERA ENGINEERING 
514280,SANTETX,SANRHEA TECHNICAL TEXTILES
519260,SANWARIA,SANWARIA CONSUMER
538992,SAPL,SAR  AUTO PRODUCTS 
543397,SAPPHIRE,SAPPHIRE FOODS INDIA 
538795,SAPPL,SHREE AJIT PULP AND PAPER
504614,SARDAEN,SARDA ENERGY & MINERALS
532163,SAREGAMA,SAREGAMA INDIA
526885,SARLAPOLY,SARLA PERFORMANCE FIBERS
530993,SARTHAKGL,SARTHAK GLOBAL
531930,SARTHAKIND,SARTHAK INDUSTRIES
543688,SARVESHWAR,SARVESHWAR FOODS 
539124,SARVOTTAM,SURVOTTAM FINVEST
506313,SASHWAT,SASHWAT TECHNOCRATS
532663,SASKEN,SASKEN TECHNOLOGIES 
533202,SATCH,SATCHMO HOLDINGS
539201,SATIA,SATIA INDUSTRIES
539404,SATIN,SATIN CREDITCARE NETWORK LIMIT
539218,SAUMYA,SAUMYA CONSULTANTS
502175,SAURASHCEM,SAURASHTRA CEMENT
512634,SAVERA,SAVERA INDUSTRIES
531893,SAWACA,SAWACA ENTERPRISES
523710,SAYAJIHOTL,SAYAJI HOTELS
540728,SAYAJIIND,SAYAJI INDUSTRIES 
542725,SBC,SBC EXPORTS
513097,SBCL,SHIVALIK BIMETAL CONTROLS
532102,SBECSUG,SBEC SUGAR
517360,SBECSYS,SBEC SYSTEMS (INDIA)
543959,SBFC,SBFC FINANCE 
521131,SBFL,SHREE BHAVYA FABRICS 
543218,SBGLP,SURATWWALA BUSINESS GROUP LIMI
543066,SBICARD,SBI CARDS AND PAYMENT SERVICES
544829,SBIFUNDS,SBI FUNDS MANAGEMENT 
540719,SBILIFE,SBI LIFE INSURANCE COMPANY LIM
500112,SBIN,STATE BANK OF INDIA
535276,SBISENSEX,SBI MUTUAL FUND - SBI ETF SENS
538520,SBL,SHIVAMSHREE BUSINESSES
543366,SBLI,SBL INFRATECH 
540782,SBRANDS,SANGHVI BRANDS 
526081,SCAGRO,SC AGROTECH 
531797,SCANPRO,SCAN PROJECTS
511672,SCANSTL,SCAN STEELS 
543537,SCARNOSE,SCARNOSE INTERNATIONAL 
506906,SCBL,SAPTAK CHEM AND BUSINESS LIMIT
538857,SCC,SCINTILLA COMMERCIAL & CREDIT
544746,SCDL,SAFETY CONTROLS & DEVICES LIMI
505790,SCHAEFFLER,SCHAEFFLER INDIA 
540497,SCHAND,S CHAND AND COMPANY 
534139,SCHNEIDER,SCHNEIDER ELECTRIC INFRASTRUCT
523598,SCI,SHIPPING CORPORATION OF INDIA
531234,SCOOBEEDAY,SCOOBEE DAY GARMENTS (INDIA) L
540757,SCPL,SHEETAL COOL PRODUCTS
539526,SCTL,SUNCARE TRADERS 
507514,SDBL,SOM DISTILLERIES & BREWERIES L
535647,SDC,SDC TECHMEDIA
524727,SDL,SPAN DIVERGENT 
543782,SEALMATIC,SEALMATIC INDIA 
526807,SEAMECLTD,SEAMEC
514264,SEASONST,SEASONS TEXTILES
533268,SEATV,SEA TV NETWORK
543234,SECMARK,SECMARK CONSULTANCY 
512161,SECURKLOUD,SECUREKLOUD TECHNOLOGIES LIMIT
544723,SEDEMAC,SEDEMAC MECHATRONICS
544813,SEEMAX,SEEMAX RESOURCES 
539921,SEIL,SHANTI EDUCATIONAL INITIATIVES
532993,SEJALLTD,SEJAL GLASS
515043,SEKURITIND,SAINT-GOBAIN SEKURIT INDIA
509423,SEL,SANATHNAGAR ENTERPRISES LIMITE
544786,SELECTRIC,SCHNEIDER ELECTRIC PRESIDENT S
505368,SEMAC,SEMAC CONSTRUCTION 
543515,SEML,SUNRISE EFFICIENT MARKETING LI
543936,SENCO,SENCO GOLD 
532985,SENSEX1,KOTAK MAHINDRA MUTUAL FUND
538683,SENSEXBEES,NIPPON INDIA ETF SENSEX
532945,SEPC,SEPC
512399,SERA,SERA INVESTMENTS & FINANCE IND
531794,SESHACHAL,SESHACHAL TECHNOLOGIES
502450,SESHAPAPER,SESHASAYEE PAPER & BOARDS
505075,SETCO,SETCO AUTOMOTIVE
539031,SETFBSE100,SBI MUTUAL FUND
541972,SETFSN50,SBI MUTUAL FUND
533605,SETUINFRA,SETUBANDHAN INFRASTRUCTURE LIM
544428,SEVL,SUPERTECH EV
524324,SEYAIND,SEYA INDUSTRIES
540203,SFL,SHEELA FOAM 
526532,SFPIL,SQUARE FOUR PROJECTS INDIA LIM
543519,SFSL,SHASHWAT FURNISHING SOLUTIONS
501479,SFTL,SPRINGFORM TECHNOLOGY
539199,SGFIN,SG FINSERVE
543391,SGFRL,SUYOG GURBAXANI FUNICULAR ROPE
541929,SGIL,SYNERGY GREEN INDUSTRIES LIMIT
532730,SGL,STL GLOBAL
526544,SGLRES,SGL RESOURCES
512329,SGMART,SG MART
531812,SGNTE,SGN TELECOMS
540737,SGRL,SHREE GANESH REMEDIES 
544685,SHADOWFAX,SHADOWFAX TECHNOLOGIES
533275,SHAH,SHAH METACORP
513436,SHAHALLOYS,SHAH ALLOYS
519031,SHAHFOOD,SHAH FOODS
526508,SHAHISHIP,SHAHI SHIPPING 
542862,SHAHLON,SHAHLON SILK INDUSTRIES LIMITE
501423,SHAILY,SHAILY ENGINEERING PLASTICS LT
526841,SHAKTIPR,SHAKTI PRESS
531431,SHAKTIPUMP,SHAKTI PUMPS (INDIA)
540797,SHALBY,SHALBY 
532455,SHALIWIR,SHALIMAR WIRES INDUSTRIES
509874,SHALPAINTS,SHALIMAR PAINTS
512499,SHALPRO,SHALIMAR PRODUCTIONS
544869,SHAMFOAM,SHAM FOAM 
540259,SHANGAR,SHANGAR DECOR
540425,SHANKARA,SHANKARA BUILDING PRODUCTS LIM
544882,SHANKESH,SHANKESH JEWELLERS 
522034,SHANTIGEAR,SHANTHI GEARS
544459,SHANTIGOLD,SHANTI GOLD INTERNATIONAL LIMI
534708,SHANTIGURU,SHANTI GURU INDUSTRIES
531925,SHAQUAK,SHANTANU SHEOREY AQUAKULT
538666,SHARDACROP,SHARDA CROPCHEM 
535602,SHARDAMOTR,SHARDA MOTOR INDUSTRIES
512393,SHARDUL,SHARDUL SECURITIES
540725,SHAREINDIA,SHARE INDIA SECURITIES 
590109,SHARIABEES,NIPPON INDIA NIFTY SHARIAH BEES ETF
540786,SHARIKA,SHARIKA ENTERPRISES
524548,SHARMEH,SHARMA EAST INDIA HOSPITALS &
538212,SHARPINV,SHARP INVESTMENTS
543341,SHARPLINE,SHARPLINE BROADCAST
544506,SHARVAYA,SHARVAYA METALS
540221,SHASHANK,SHASHANK TRADERS 
540147,SHASHIJIT,SHASHIJIT INFRAPROJECTS LIMITE
526739,SHAWGELTIN,NARMADA GELATINES
544686,SHAYONAENG,SHAYONA ENGINEERING
526981,SHBAJRG,SHRI BAJRANG ALLIANCE
533301,SHEKHAWATI,SHEKHAWATI INDUSTRIES
543963,SHELTER,SHELTER PHARMA
538685,SHEMAROO,SHEMAROO ENTERTAINMENT
530757,SHENTRA,SHENTRACON CHEMICALS
526117,SHERVANI,SHERVANI INDUSTRIAL SYNDICATE
539111,SHESHAINDS,SHESHADRI INDUSTRIES
526137,SHETR,SHETRON
530797,SHGANEL,SHREE GANESH ELASTOPLAST
524336,SHHARICH,SHREE HARI CHEMICALS EXPORT LT
507952,SHIKHARLETR,SHIKHAR LEASING & TRADING
531201,SHILCTECH,SHILCHAR TECHNOLOGIES
513709,SHILGRAVQ,SHILP GRAVURES
530549,SHILPAMED,SHILPA MEDICARE
519397,SHINDL,SHARAT INDUSTRIES
543244,SHINEFASH,SHINE FASHIONS (INDIA) 
544871,SHIPROCKET,SHIPROCKET 
544646,SHIPWAVES,SHIPWAVES ONLINE 
540693,SHISHIND,SHISH INDUSTRIES 
539593,SHIVA,SHIVANSH FINSERV 
530433,SHIVAAGRO,SHIVA GLOBAL AGRO INDUSTRIES L
532323,SHIVACEM,SHIVA CEMENT
540072,SHIVAEXPO,SHIVA GRANITO EXPORT 
522237,SHIVAGR,SHIVAGRICO IMPLEMENTS
539148,SHIVALIK,SHIVALIK RASAYAN
532776,SHIVAMAUTO,SHIVAM AUTOTECH
540961,SHIVAMILLS,SHIVA MILLS 
511108,SHIVATEX,SHIVA TEXYARN
539450,SHK,S H KELKAR AND COMPANY 
532083,SHKALYN,SHRI KALYAN HOLDINGS
516106,SHKARTP,SHREE KARTHIK PAPERS
544582,SHLOKKA,SHLOKKA DYES
543970,SHOORA,SHOORA DESIGNS 
532638,SHOPERSTOP,SHOPPERS STOP
531771,SHRADDHA,SHRADDHA PRIME PROJECTS
530295,SHRAJOI,SHRI RAJIVLOCHAN OIL EXTRACTIO
503837,SHRAJSYNQ,SHREE RAJASTHAN SYNTEX
513548,SHRDAIS,SHARDA ISPAT
502180,SHREDIGCEM,SHREE DIGVIJAY CEMENT CO.LTD.
500387,SHREECEM,SHREE CEMENT
539470,SHREEGANES,SHREE GANESH BIOTECH (INDIA) L
544490,SHREEJISPG,SHREEJI SHIPPING GLOBAL LIMITE
527005,SHREEPAC,SHREE PACETRONIX
539334,SHREEPUSHK,SHREE PUSHKAR CHEMICALS & FERT
532310,SHREERAMA,SHREE RAMA MULTI-TECH
544458,SHREEREF,SHREE REFRIGERATIONS
538975,SHREESEC,SHREE SECURITIES
541112,SHREESHAY,SHREESHAY ENGINEERS 
531962,SHREMETAL,SHREE METALLOYS
516016,SHREYANIND,SHREYANS INDUSTRIES
526335,SHREYASI,SHREYAS INTERMEDIATES
508961,SHRICON,SHRICON INDUSTRIES
503804,SHRIDINE,SHRI DINESH MILLS
523309,SHRIGANG,SHRI GANG INDUSTRIES AND ALLIE
531080,SHRIKRISH,SHRI KRISHNA DEVCON
544512,SHRINGARMS,SHRINGAR HOUSE OF MANGALSUTRA
538897,SHRINIWAS,SHRI NIWAS LEASING AND FINANCE
511218,SHRIRAMFIN,SHRIRAM FINANCE 
543419,SHRIRAMPPS,SHRIRAM PROPERTIES 
511411,SHRISTI,SHRISTI INFRASTRUCTURE DEVELOP
512453,SHRJAGP,SHRI JAGDAMBA POLYMERS
503863,SHRMFGC,SHREE MANUFACTURING CO.LTD.
511493,SHRYDUS,SHRYDUS INDUSTRIES
544607,SHTL,SHINING TOOLS
542019,SHUBHAM,SHUBHAM POLYSPIN 
523790,SHUKJEW,SHUKRA JEWELLERS
524632,SHUKRAPHAR,SHUKRA PHARMACEUTICALS 
532007,SHVFL,SHREEVATSAA FINANCE & LEASING
521003,SHVSUIT,SHIVA SUITINGS
531219,SHYAMACOMP,SHYAMA COMPUTRONICS AND SERVIC
539252,SHYAMCENT,SHYAM CENTURY FERROUS 
543299,SHYAMMETL,SHYAM METALICS AND ENERGY LIMI
517411,SHYAMTEL,SHYAM TELECOM
505515,SHYMINV,SHYAMKAMAL INVESTMENTS
520141,SIBARAUT,SIBAR AUTO PARTS
533014,SICAGEN,SICAGEN INDIA
520086,SICALLOG,SICAL LOGISTICS
530907,SICAPIT,SI CAPITAL & FINANCIAL SERVICE
531640,SICL,SUVIDHA INFRAESTATE CORPORATIO
530439,SIDDHA,SIDDHA VENTURES
526877,SIDDHEGA,SIDDHESWARI GARMENTS
519234,SIEL,SUPERIOR INDUSTRIAL ENTERPRISE
500550,SIEMENS,SIEMENS
543389,SIGACHI,SIGACHI INDUSTRIES 
512131,SIGIND,SIGNET INDUSTRIES
543917,SIGMA,SIGMA SOLVE
532408,SIGMAADV,SIGMA ADVANCED SYSTEMS
507663,SIGNGCL,SIGNATURE GREEN CORPORATION LI
544585,SIHORA,SIHORA INDUSTRIES
540132,SIIL,SABRIMALA INDUSTRIES INDIA LIM
523606,SIKA,SIKA INTERPLANT SYSTEMS
530017,SIL,STANDARD INDUSTRIES
521194,SILINV,SIL INVESTMENTS
544810,SILL,SAMPARK INDIA LOGISTICS LIMITE
512197,SILVERO,SILVER OAK COMMERCIAL
543536,SILVERPRL,SILVER PEARL HOSPITALITY & LUX
543525,SILVERTUC,SILVER TOUCH TECHNOLOGIES LIMI
531635,SILVOAK,SILVER OAK (INDIA)
544662,SIMANDHAR,SIMANDHAR IMPEX
539742,SIMBHALS,SIMBHAOLI SUGARS
507998,SIMMOND,SIMMONDS MARSHALL
513472,SIMPLEXCAS,SIMPLEX CASTINGS
523838,SIMPLEXINF,SIMPLEX INFRASTRUCTURES
533019,SIMPLXPAP,SIMPLEX PAPERS
503229,SIMPLXREA,SIMPLEX REALTY
519566,SIMRAN,SIMRAN FARMS
523023,SINCLAIR,SINCLAIRS HOTELS
532029,SINDHUTRAD,SINDHU TRADE LINKS
509887,SINNAR,SINNAR BIDI UDYOG
526839,SIPL,SHELTER INFRA PROJECTS
543686,SIRCA,SIRCA PAINTS INDIA 
538667,SIROHIA,SIROHIA & SONS 
540673,SIS,SIS
543598,SISL,SHANTIDOOT INFRA SERVICES LIMI
512589,SITAENT,SITA ENTERPRISES
532795,SITINET,SITI NETWORKS
503811,SIYSIL,SIYARAM SILK MILLS
513496,SIZEMASTER,SIZEMASTERS TECHNOLOGY
543387,SJS,S.J.S. ENTERPRISES 
533206,SJVN,SJVN
530977,SKCIL,SHRI KESHAV CEMENTS AND INFRA
500472,SKFINDIA,SKF INDIA
544572,SKFINDUS,SKF INDIA (INDUSTRIAL)
542728,SKIEL,SK INTERNATIONAL EXPORT LIMITE
542146,SKIFL,SHREE KRISHNA INFRASTRUCTURE L
538562,SKIPPER,SKIPPER
540269,SKL,SUPER FINE KNITTERS
544584,SKM,SK MINERALS & ADDITIVES LIMITE
532143,SKMEGGPROD,SKM EGG PRODUCTS EXPORT (INDIA
500388,SKPMIL,SHREE KRISHNA PAPER MILLS & IN
531169,SKPSEC,SKP SECURITIES
531506,SKRABUL,SHUKRA BULLIONS
512036,SKYBIOTECH,SKYBIOTECH HEALTHCARE
541967,SKYGOLD,SKY GOLD AND DIAMONDS 
526479,SKYIND,SKY INDUSTRIES
505650,SKYLMILAR,SKYLINE MILLARS
544890,SKYWAYS,SKYWAYS AIR SERVICES
521161,SLSTLQ,SRI LAKSHMI SARASWATHI TEXTILE
544605,SMALL250,MIRAE ASSET NIFTY SMALLCAP 250 ETF
539494,SMARTFIN,SMART FINSEC 
532419,SMARTLINK,SMARTLINK HOLDINGS 
544447,SMARTWORKS,SMARTWORKS COWORKING SPACES LI
543065,SMAUTO,SM AUTO STAMPING 
543263,SMCGLOBAL,SMC GLOBAL SECURITIES 
541799,SMEL,SUNGOLD MEDIA AND ENTERTAINMEN
513418,SMFIL,SMITHS & FOUNDERS (INDIA) LIMI
542034,SMGOLD,S. M. GOLD 
505192,SMLMAH,SML MAHINDRA 
540393,SMLT,SARTHAK METALS 
544774,SMR,SMR JEWELS 
540686,SMRUTHIORG,SMRUTHI ORGANICS 
532815,SMSPHARMA,SMS PHARMACEUTICALS
538563,SMTEL,SMT ENGINEERING
539911,SNIM,SVARNIM TRADE UDYOG 
505827,SNL,SNL BEARINGS
538635,SNOWMAN,SNOWMAN LOGISTICS
542747,SNXT50BEES,NIPPON INDIA ETF SENSEX NEXT 5
532784,SOBHA,SOBHA
512014,SOBME,SOBHAGYA MERCHANTILE
544560,SODHACAP,SODHANI CAPITAL
538923,SOFCOM,SOFCOM SYSTEMS
531529,SOFTRAKV,SOFTRAK VENTURE INVESTMENT
543470,SOFTTECH,SOFTTECH ENGINEERS 
541540,SOLARA,SOLARA ACTIVE PHARMA SCIENCES
532725,SOLARINDS,SOLAR INDUSTRIES INDIA
544532,SOLARWORLD,SOLARWORLD ENERGY SOLUTIONS LI
544862,SOLEX,SOLEX ENERGY 
513699,SOLIDSTON,SOLID STONE COMPANY
522152,SOLIMAC,SOLITAIRE MACHINE TOOLS
544539,SOLVEX,SOLVEX EDIBLES 
531548,SOMANYCERA,SOMANY CERAMICS
521034,SOMATEX,SOMA TEXTILES & INDUSTRIES
533001,SOMICONVEY,SOMI CONVEYOR BELTINGS
543300,SONACOMS,SONA BLW PRECISION FORGINGS LI
538943,SONAL,SONAL MERCANTILE 
526901,SONALAD,SONAL ADHESIVES
543924,SONALIS,SONALIS CONSUMER PRODUCTS LIMI
532221,SONATSOFTW,SONATA SOFTWARE
544832,SOTEFIN,SOTEFIN BHARAT 
524667,SOTL,SAVITA OIL TECHNOLOGIES
521036,SOURCEIND,SOURCE INDUSTRIES (INDIA)
531398,SOURCENTRL,SOURCE NATURAL FOODS & HERBAL
532218,SOUTHBANK,SOUTH INDIAN BANK
540174,SOUTHERNIN,SOUTHERN INFOCONSULTANTS LIMIT
513498,SOUTHMG,SOUTHERN MAGNESIUM & CHEMICALS
514454,SOUTLAT,SOUTHERN LATEX
523826,SOVERDIA,SOVEREIGN DIAMONDS
542376,SPACAPS,SPA CAPITAL SERVICES 
541890,SPACEINCUBA,SPACE INCUBATRICS TECHNOLOGIES
540048,SPAL,S.P. APPARELS 
542759,SPANDANA,SPANDANA SPHOORTY FINANCIAL LI
531370,SPAR,SPARC ELECTREX
532872,SPARC,SUN PHARMA ADVANCED RESEARCH C
530037,SPARKLEGR,SPARKLE GOLD ROCK
530289,SPCAPIT,SP CAPITAL FINANCING
531982,SPECFOOD,SPECTRUM FOODS
534425,SPECIALITY,SPECIALITY RESTAURANTS
513687,SPECTRA,SPECTRA INDUSTRIES
542337,SPENCERS,SPENCER'S RETAIL 
526161,SPENTA,SPENTA INTERNATIONAL
590030,SPIC,SOUTHERN PETROCHEMICALS
526827,SPICEISLIN,SPICE ISLANDS INDUSTRIES LIMIT
500285,SPICEJET,SPICEJET
539895,SPICELOUNG,SPICE LOUNGE FOOD WORKS LIMITE
543464,SPITZE,MARUTI INTERIOR PRODUCTS LIMIT
532651,SPLIL,SPL INDUSTRIES
500405,SPLPETRO,SUPREME PETROCHEM
544738,SPML,SPECIALITY MEDICINES
500402,SPMLINFRA,SPML INFRA
539221,SPORTKING,SPORTKING INDIA
540079,SPRAYKING,SPRAYKING 
531205,SPRIGHT,SPRIGHT AGRO
533110,SPSL,SHREE PRECOATED STEELS
519238,SPTRSHI,SAPTARISHI AGRO INDUSTRIES
512221,SPVGLOBAL,SPV GLOBAL TRADING
531359,SRAMSET,SHRIRAM ASSET MANAGEMENT CO.LT
542232,SRD,SHANKAR LAL RAMPAL DYE-CHEM LI
519242,SRDAPRT,SARDA PROTEINS
514248,SRECR,SREECHEM RESINS
535601,SREEL,SREELEATHERS
539217,SRESTHA,SRESTHA FINVEST 
503806,SRF,SRF
536710,SRGFFL,SRG FINGROW FINANCE
534680,SRGHFL,SRG HOUSING FINANCE
532842,SRHHYPOLTD,SREE RAYALASEEMA HI-STRENGTH H
518053,SRICC,SRI CHAKRA CEMENT 
514442,SRIKPRIND,SRI KPR INDUSTRIES
521234,SRINACHA,SRI NACHAMMAI COTTON MILLS
521178,SRMCL,SRI RAMAKRISHNA MILLS (COIMBAT
523222,SRMENERGY,SRM ENERGY
543615,SRSOLTD,SILICON RENTAL SOLUTIONS LIMIT
544716,SRTL,SHREE RAM TWISTEX
540914,SRUSTEELS,SRU STEELS 
544621,SSMD,SSMD AGROTECH INDIA
530821,SSPDL,SSPDL
539026,SSPNFIN,SSPN FINANCE 
544840,SSPRL,SILVERSTORM PARKS AND RESORTS
543461,SSTL,SAFA SYSTEMS & TECHNOLOGIES LI
513262,SSWL,STEEL STRIPS WHEELS
513488,SSWRL,SHREE STEEL WIRE ROPES
544659,STANBIK,STANBIK AGRO
511700,STANCAP,STANDARD CAPITAL MARKETS
530931,STANPACK,STANPACKS (INDIA)
506105,STANROS,STANROSE MAFATLAL INVESTMENTS
532531,STAR,STRIDES PHARMA SCIENCE
540575,STARCEMENT,STAR CEMENT 
539255,STARDELTA,STAR DELTA TRANSFORMERS LIMITE
543412,STARHEALTH,STAR HEALTH AND ALLIED INSURAN
539017,STARHFL,STAR HOUSING FINANCE
544482,STARIMAGIN,STAR IMAGING AND PATH LAB LIMI
540492,STARLENT,STARLINEPS ENTERPRISES
520155,STARLOG,STARLOG ENTERPRISES 
516022,STARPAPER,STAR PAPER MILLS
506365,STARSOURCE,STARSOURCE MULTITRADE
512381,STARTECK,STARTECK FINANCE
512531,STCINDIA,STATE TRADING CORPORATION OF I
514197,STCORP,S&T CORPORATION
504180,STDBAT,STANDARD BATTERIES
526231,STDSFAC,STANDARD SURFACTANTS
523351,STDSHOE,STANDARD SHOE SOLE AND MOULD (
544914,STEAMHOUSE,STEAMHOUSE INDIA 
513517,STEELCAS,STEELCAST
500399,STEELCO,STEELCO GUJARAT
534748,STEELXIND,STEEL EXCHANGE INDIA
533316,STEL,STEL HOLDINGS
526071,STELLANT,STELLANT SECURITIES (INDIA) LT
536738,STELLAR,STELLAR CAPITAL SERVICES
531509,STEP2COR,STEP TWO CORPORATION
513575,STERPOW,STERLING POWERGENSYS
530759,STERTOOLS,STERLING TOOLS
516108,STHINPA,SOUTH INDIA PAPER MILLS
540738,STL,SHREEJI TRANSLOGISTICS 
513173,STLSTRINF,STEEL STRIPS INFRASTRUCTURES L
532374,STLTECH,STERLITE TECHNOLOGIES
543622,STML,STEELMAN TELECOM
504959,STOVACQ,STOVEC INDUSTRIES
543260,STOVEKRAFT,STOVE KRAFT
530495,STRATMONT,STRATMONT INDUSTRIES
526500,STRGRENWO,STERLING GREEN WOODS
544599,STUDDS,STUDDS ACCESSORIES 
544533,STYL,SESHAASAI TECHNOLOGIES 
526951,STYLAMIND,STYLAM INDUSTRIES
506222,STYRENIX,STYRENIX PERFORMANCE MATERIALS
532348,SUBEXLTD,SUBEX
517168,SUBROS,SUBROS
530231,SUBSM,SUBHASH SILK MILLS
530883,SUCROSA,SUPER CROP SAFE
506003,SUDAI,SUDAL INDUSTRIES
506390,SUDARCOLOR,SUDARSHAN COLORANTS INDIA LIMI
506655,SUDARSCHEM,SUDARSHAN CHEMICAL INDUSTRIES
543828,SUDARSHAN,SUDARSHAN PHARMA INDUSTRIES LI
544619,SUDEEPPHRM,SUDEEP PHARMA 
521113,SUDTIND-B,SUDITI INDUSTRIES
511654,SUGALDAM,SUGAL & DAMANI SHARE BROKERS L
544501,SUGSLLOYD,SUGS LLOYD
539117,SUJALA,SUJALA TRADING & HOLDING
524542,SUKHJITS,SUKHJIT STARCH & CHEMICALS
543711,SULA,SULA VINEYARDS 
508969,SULABEN,SULABH ENGINEERS & SERVICES LT
530419,SUMEDHA,SUMEDHA FISCAL SERVICES
514211,SUMEETINDS,SUMEET INDUSTRIES
530445,SUMERUIND,SUMERU INDUSTRIES
542920,SUMICHEM,SUMITOMO CHEMICAL INDIA LIMITE
533306,SUMMITSEC,SUMMIT SECURITIES
530795,SUNCITYSY,SUNCITY SYNTHETICS
533166,SUNDARAM,SUNDARAM MULTI PAP
590071,SUNDARMFIN,SUNDARAM FINANCE
590072,SUNDRMBRAK,SUNDARAM BRAKE LININGS
500403,SUNDRMFAST,SUNDRAM FASTENERS
500215,SUNDROP,SUNDROP BRANDS
500404,SUNFLAG,SUNFLAG IRON & STEEL CO.LTD.
531433,SUNGOLD,SUNGOLD CAPITAL
530953,SUNILAGR,SUNIL AGRO FOODS
521232,SUNILTX,SUNIL INDUSTRIES
537253,SUNLOC,SUNIL HEALTHCARE
524715,SUNPHARMA,SUN PHARMACEUTICAL INDUSTRIES
523425,SUNRAJDI,SUNRAJ DIAMOND EXPORTS
539300,SUNRAKSHAK,SUNRAKSHAKK INDUSTRIES INDIA L
542025,SUNRETAIL,SUN RETAIL 
501110,SUNRINV,SUNRISE INDUSTRIAL TRADERS
530845,SUNSHIEL,SUNSHIELD CHEMICALS
544881,SUNSHINE,SUNSHINE PICTURES 
544566,SUNSKY,SUNSKY LOGISTICS 
512179,SUNTECK,SUNTECK REALTY
532733,SUNTV,SUN TV NETWORK
512527,SUPER,SUPER SALES INDIA
530735,SUPERBAK,SUPER BAKERS (INDIA)
523283,SUPERHOUSE,SUPERHOUSE
539835,SUPERIOR,SUPERIOR FINLEASE 
541701,SUPERSHAKT,SUPERSHAKTI METALIKS 
521180,SUPERSPIN,SUPER SPINNING MILLS
526133,SUPERTEX,SUPERTEX INDUSTRIES
539561,SUPHA,SUPHA PHARMACHEM
532509,SUPRAJIT,SUPRAJIT ENGINEERING
540168,SUPRAPFSL,SUPRA PACIFIC FINANCIAL SERVIC
511539,SUPRATRE,SUPRA TRENDS 
530677,SUPREME,SUPREME HOLDINGS & HOSPITALITY
509930,SUPREMEIND,SUPREME INDUSTRIES
532904,SUPREMEINF,SUPREME INFRASTRUCTURE INDIA L
543434,SUPRIYA,SUPRIYA LIFESCIENCE 
523842,SUPTANERY,SUPER TANNERY
518075,SURAJ,SURAJ PRODUCTS
890226,SURAJINDPP,SURAJ INDUSTRIES .
531638,SURAJLTD,SURAJ
533298,SURANASOL,SURANA SOLAR
517530,SURANAT&P,SURANA TELECOM AND POWER LIMIT
530185,SURATRAML,SURAT TRADE AND MERCANTILE LIM
514260,SURBHIN,SURBHI INDUSTRIES
519604,SURFI,SURYO FOODS & INDUSTRIES
526211,SURJIND,SURAJ INDUSTRIES
533101,SURYAAMBA,SURYAAMBA SPINNING MILLS
514138,SURYALA,SURYALATA SPINNING MILLS
521200,SURYALAXMI,SURYALAKSHMI COTTON MILLS
500336,SURYAROSNI,SURYA ROSHNI
543279,SURYODAY,SURYODAY SMALL FINANCE BANK LI
544793,SUSAN,SUSAN ELECTRICALS INDIA LIMITE
532782,SUTLEJTEX,SUTLEJ TEXTILES & INDUSTRIES L
530239,SUVEN,SUVEN LIFE SCIENCES
543281,SUVIDHAA,SUVIDHAA INFOSERVE 
537259,SUYOG,SUYOG TELEMATICS
532667,SUZLON,SUZLON ENERGY
523722,SVAMSOF,SVAM SOFTWARE
512257,SVARTCORP,SWASTI VINAYAKA ART AND HERITA
524488,SVCIND,SVC INDUSTRIES
535621,SVGLOBAL,S V GLOBAL MILL
543799,SVJ,S. V. J. ENTERPRISES 
505590,SVPGLOB,SVP GLOBAL TEXTILES
543373,SVRL,SHRI VENKATESH REFINERIES LIMI
543745,SVS,SVS VENTURES
503659,SW1,SW INVESTMENTS
506863,SWADEIN,SWADESHI INDUSTRIES LEASING CO
531039,SWADHATURE,SWADHA NATURE 
503816,SWADPOL,SWADESHI POLYTEX
539406,SWAGTAM,SWAGATAM TRADING & SERVICES LI
503310,SWANCORP,SWAN CORP 
533107,SWANDEF,SWAN DEFENCE AND HEAVY INDUSTR
544861,SWARAJ,SWARAJ SUITING 
500407,SWARAJENG,SWARAJ ENGINES
526365,SWARNSAR,SWARNSARITA JEWELS INDIA LIMIT
530585,SWASTIKA,SWASTIKA INVESTMART
544452,SWASTIKAAL,SWASTIKA CASTAL 
510245,SWASTIVI,SWASTI VINAYAKA SYNTHETICS
543914,SWATIPRO,SWATI PROJECTS 
532051,SWELECTES,SWELECT ENERGY SYSTEMS
523558,SWISSMLTRY,SWISS MILITARY CONSUMER GOODS
517201,SWITCHTE,SWITCHING TECHNOLOGIES GUNTHER
530217,SWOJAS,SWOJAS FOODS
512359,SWORDEDGE,SWORD-EDGE COMMERCIALS
531003,SWRNASE,SWARNA SECURITIES
542760,SWSOLAR,STERLING AND WILSON RENEWABLE
511447,SYLPH,SYLPH INDUSTRIES 
544889,SYMBIOTEC,SYMBIOTEC PHARMALAB
539278,SYMBIOX,SYMBIOX INVESTMENT & TRADING C
517385,SYMPHONY,SYMPHONY
524470,SYNCOMF,SYNCOM FORMULATIONS (INDIA) LT
539268,SYNGENE,SYNGENE INTERNATIONAL 
543573,SYRMA,SYRMA SGS TECHNOLOGY 
531173,SYSCHEM,SYSCHEM (INDIA)
544541,SYSTEMATIC,SYSTEMATIC INDUSTRIES
526506,SYSTMTXC,SYSTEMATIX CORPORATE SERVICES
531432,SYTIXSE,SYSTEMATIX SECURITIES
539956,TAALTECH,TAAL TECH
516032,TAHMARENT,TAHMAR ENTERPRISES
519483,TAIIND,TAI INDUSTRIES
507785,TAINWALCHM,TAINWALA CHEMICALS & PLASTICS
532390,TAJGVK,TAJGVK HOTELS & RESORTS
532890,TAKE,TAKE
544471,TAKYON,TAKYON NETWORKS
505160,TALBROAUTO,TALBROS AUTOMOTIVE COMPONENTS
538987,TALBROSENG,TALBROS ENGINEERING
533170,TAMBOLIIN,TAMBOLI INDUSTRIES
522229,TANAA,TANEJA AEROSPACE & AVIATION LT
512062,TANDHANIN,TANDHAN INDUSTRIES
506854,TANFACIND,TANFAC INDUSTRIES
532790,TANLA,TANLA PLATFORMS
540332,TANVI,TANVI FOODS (INDIA) 
505685,TAPARIA,TAPARIA TOOLS
519285,TARAI,TARAI FOODS
533203,TARAPUR,TARAPUR TRANSFORMERS
543249,TARC,TARC
532928,TARIL,TRANSFORMERS AND RECTIFIERS (I
538496,TARINI,TARINI INTERNATIONAL
532869,TARMAT,TARMAT
543399,TARSONS,TARSONS PRODUCTS 
519091,TASTYBITE,TASTY BITE EATABLES
544574,TATACAP,TATA CAPITAL 
500770,TATACHEM,TATA CHEMICALS
500483,TATACOMM,TATA COMMUNICATIONS
500800,TATACONSUM,TATA CONSUMER PRODUCTS
500408,TATAELXSI,TATA ELXSI
501301,TATAINVEST,TATA INVESTMENT CORPORATION LT
500400,TATAPOWER,TATA POWER CO.LTD.
500470,TATASTEEL,TATA STEEL
521228,TATIAGLOB,TATIA GLOBAL VENNTURE
543321,TATVA,TATVA CHINTAN PHARMA CHEM LIMI
539519,TAVEXIA,TAVEXIA LIFECARE
534369,TBZ,TRIBHOVANDAS BHIMJI ZAVERI
512038,TCC,TCC CONCEPT
532284,TCFCFINQ,TCFC FINANCE
532349,TCI,TRANSPORT CORPORATION OF INDIA
540212,TCIEXP,TCI EXPRESS 
501242,TCIFINANCE,TCI FINANCE
532262,TCIIND,TCI INDUSTRIES
524156,TCMLMTD,TCM
523301,TCPLPACK,TCPL PACKAGING
532540,TCS,TATA CONSULTANCY SERVICES
533553,TDPOWERSYS,T D POWER SYSTEMS
540955,TDSL,TASTY DAIRY SPECIALITIES LIMIT
511559,TEAMGTY,TEAM INDIA GUARANTY
539658,TEAMLEASE,TEAMLEASE SERVICES 
509917,TECHCON,TECHNOJET CONSULTANTS
532755,TECHM,TECH MAHINDRA
544864,TECHNOCRAF,TECHNOCRAFT VENTURES 
544877,TECHNOCRAT,TECHNOCRATS PLASMA SYSTEMS LIM
542141,TECHNOE,TECHNO ELECTRIC & ENGINEERING
543656,TECHNOPACK,TECHNOPACK POLYMERS 
501421,TECHNVISN,TECHNVISION VENTURES 
506680,TECILCHEM,TECIL CHEMICALS & HYDRO POWER
524204,TEEAI,TEESTA AGRO INDUSTRIES
543413,TEGA,TEGA INDUSTRIES 
540595,TEJASNET,TEJAS NETWORKS 
531628,TEJASSVI,TEJASSVI AAHARAM
539428,TEJNAKSH,TEJNAKSH HEALTHCARE 
530595,TELECANOR,TELECANOR GLOBAL
544544,TELGE,TELGE PROJECTS
532975,TELOGICA,TELOGICA
544886,TEMPSENS,TEMPSENS INSTRUMENTS (INDIA) L
544612,TENNIND,TENNECO CLEAN AIR INDIA LIMITE
530533,TERAI,TERAI TEA CO.LTD.
533982,TERASOFT,TERA SOFTWARE
526638,TEXELIN,TEXEL INDUSTRIES
505400,TEXINFRA,TEXMACO INFRASTRUCTURE & HOLDI
533164,TEXMOPIPES,TEXMO PIPES & PRODUCTS
533326,TEXRAIL,TEXMACO RAIL & ENGINEERING
526650,TFCILTD,TOURISM FINANCE CORPORATION OF
532812,TFL,TRANSWARRANTY FINANCE
539468,TFSL,TYPHOON FINANCIAL SERVICES LIM
532845,TGBHOTELS,TGB BANQUETS AND HOTELS
507753,TGVSL,TGV SRAAC 
509945,THACKER,THACKER & CO.LTD.
526654,THAKDEV,THAKKERS DEVELOPERS
507530,THAKKERS,THAKKERS GROUP
509015,THAKRAL,THAKRAL SERVICES (INDIA)
533158,THANGAMAYL,THANGAMAYIL JEWELLERY
530023,THEINVEST,THE INVESTMENT TRUST OF INDIA
530199,THEMISMED,THEMIS MEDICARE
500411,THERMAX,THERMAX
539310,THINKINK,THINKINK PICTUREZ
500413,THOMASCOOK,THOMAS COOK (INDIA)
533941,THOMASCOTT,THOMAS SCOTT (INDIA)
523120,THRIVE,THRIVE FUTURE HABITATS
539871,THYROCARE,THYROCARE TECHNOLOGIES 
507205,TI,TILAKNAGAR INDUSTRIES
532738,TICL,TWAMEVCONSTRUCTION AND INFRAST
543531,TIERRA,TIERRA AGROTECH 
536264,TIGERLOGS,TIGER LOGISTICS (INDIA)
522294,TIGLOB,T & I GLOBAL
523752,TIHIL,TRANS INDIA HOUSE IMPEX LIMITE
532804,TIIL,TECHNOCRAFT INDUSTRIES (INDIA)
540762,TIINDIA,TUBE INVESTMENTS OF INDIA
533629,TIJARIA,TIJARIA POLYPIPES
505196,TIL,TIL
503663,TILAK,TILAK VENTURES 
543310,TIMESGREEN,TIMES GREEN ENERGY (INDIA) LIM
532856,TIMETECHNO,TIME TECHNOPLAST
500414,TIMEX,TIMEX GROUP INDIA
522113,TIMKEN,TIMKEN INDIA
530475,TINNARUBR,TINNA RUBBER AND INFRASTRUCTUR
543614,TIPSFILMS,TIPS FILMS 
532375,TIPSMUSIC,TIPS MUSIC
531814,TIRSARJ,TIRUPATI SARJAN
526675,TIRTPLS,TIRTH PLASTIC
540904,TIRUFOAM,TIRUPATI FOAM
500412,TIRUMALCHM,THIRUMALAI CHEMICALS
539040,TIRUPATIIN,TIRUPATI INNOVAR
524582,TIRUSTA,TIRUPATI STARCH & CHEMICALS LT
539985,TITAANIUM,TITAANIUM TEN ENTERPRISE LIMIT
532966,TITAGARH,TITAGARH RAIL SYSTEMS
500114,TITAN,TITAN COMPANY
524717,TITANBIO,TITAN BIOTECH
521005,TITANIN,TITAN INTECH
530045,TITANSEC,TITAN SECURITIES
543616,TLL,TRIDENT LIFELINE 
543596,TMB,TAMILNAD MERCANTILE BANK LIMIT
544569,TMCV,TATA MOTORS 
500570,TMPV,TATA MOTORS PASSENGER VEHICLES
500777,TNPETRO,TAMILNADU PETROPRODUCTS
531426,TNPL,TAMIL NADU NEWSPRINT & PAPERS
513540,TNSTLTU,TAMILNADU STEEL TUBES
523419,TNTELE,TAMILNADU TELECOMMUNICATIONS L
531644,TOKYOFIN,TOKYO FINANCE
500418,TOKYOPLAST,TOKYO PLAST INTERNATIONAL
544427,TOP15IETF,ICICI PRUDENTIAL NIFTY TOP 15 EQUAL WEIGHT ETF
500420,TORNTPHARM,TORRENT PHARMACEUTICALS
532779,TORNTPOWER,TORRENT POWER
538607,TOYAMSL,TOYAM SPORTS
533048,TPHQ,TEAMO PRODUCTIONS HQ 
500421,TPINDIA,TPI INDIA
526582,TPLPLASTEH,TPL PLASTECH
538464,TPROJECT,THIRANI PROJECTS
526139,TRABI,TRANSGENE BIOTEK
543638,TRACXN,TRACXN TECHNOLOGIES 
544594,TRADEUNO,GAME CHANGERS TEXFAB
531203,TRADEWELL,TRADEWELL HOLDINGS
509953,TRADWIN,TRADE WINGS
500422,TRANSCHEM,TRANSCHEM
532410,TRANSCOR,TRANSCORP INTERNATIONAL
519367,TRANSFD,TRANSGLOBE FOODS
513063,TRANSFRE,TRANS-FREIGHT CONTAINERS
542765,TRANSPACT,TRANSPACT ENTERPRISES 
506687,TRANSPEK,TRANSPEK INDUSTRY
543754,TRANSVOY,TRANSVOY LOGISTICS INDIA LIMIT
520151,TRANSWORLD,TRANSWORLD SHIPPING LINES LIMI
542923,TRANWAY21,TRANWAY21 TECHNOLOGIES
544443,TRAVELFOOD,TRAVEL FOOD SERVICES
533540,TREEHOUSE,TREE HOUSE EDUCATION & ACCESSO
542233,TREJHARA,TREJHARA SOLUTIONS 
543955,TREL,TRANSINDIA REAL ESTATE 
500251,TRENT,TRENT
532159,TRESCON,TRESCON
505854,TRF,TRF
531716,TRICOMFRU,TRICOM FRUIT PRODUCTS
521064,TRIDENT,TRIDENT
517562,TRIGYN,TRIGYN TECHNOLOGIES
509046,TRILIANCE,TRILIANCE POLYMERS
531846,TRINITYLEA,TRINITY LEAGUE INDIA
534755,TRIOMERC,TRIO MERCANTILE & TRADING
531279,TRISHAKT,TRISHAKTI INDUSTRIES 
505978,TRITONV,TRITON VALVES
533655,TRITURBINE,TRIVENI TURBINE
532131,TRIUMPIN,TRIUMPH INTERNATIONAL FINANCE
532356,TRIVENI,TRIVENI ENGINEERING & INDUSTRI
538569,TRIVENIENT,TRIVENI ENTERPRISES
502281,TRIVENIGQ,TRIVENI GLASS
541228,TRL,TAYLORMADE RENEWABLES 
540268,TRU,TRUCAP FINANCE 
544545,TRUALT,TRUALT BIOENERGY
544531,TRUECOLORS,TRUE COLORS
533407,TRUEGREEN,TRUE GREEN BIO ENERGY
532056,TRUSTEDGE,TRUSTEDGE CAPITAL 
508963,TRUSTWAVE,TRUSTWAVE SECURITIES
532444,TSPIRITUAL,T.SPIRITUAL WORLD
540726,TTFL,TRIDENT TEXOFAB 
512018,TTGIL,TOMORROW TECHNOLOGIES GLOBAL I
538597,TTIENT,TTI ENTERPRISE
507747,TTKHLTCARE,TTK HEALTHCARE
517506,TTKPRESTIG,TTK PRESTIGE
514142,TTL,T T
532371,TTML,TATA TELESERVICES (MAHARASHTRA
524514,TULASEEBIOE,TULASEE BIO-ETHANOL
513629,TULSYAN,TULSYAN NEC
531411,TUNITEX,TUNI TEXTILE MILLS
544799,TURTLEMINT,TURTLEMINT FINTECH SOLUTIONS L
531301,TUSALDAH,TUSALDAH
506808,TUTIALKA,TUTICORIN ALKALI CHEMICALS AND
511096,TVOLCON,TIVOLI CONSTRUCTION
532513,TVSELECT,TVS ELECTRONICS
520056,TVSHLTD,TVS HOLDINGS 
532343,TVSMOTOR,TVS MOTOR COMPANY
543965,TVSSCS,TVS SUPPLY CHAIN SOLUTIONS LIM
509243,TVSSRICHAK,TVS SRICHAKRA
532515,TVTODAY,TV TODAY NETWORK
540083,TVVISION,TV VISION
512117,TWIROST,TWIN ROSES TRADES & AGENCIES L
532384,TYCHE,TYCHE INDUSTRIES
526945,TYROON,TYROON TEA CO.LTD.
532478,UBL,UNITED BREWERIES
500464,UCAL,UCAL
541358,UCIL,UNIFINZ CAPITAL INDIA
532505,UCOBANK,UCO BANK
539518,UDAYJEW,UDAY JEWELLERY INDUSTRIES LIMI
533644,UEL,UJAAS ENERGY
543283,UFBL,UNITED FOODBRANDS
500148,UFLEX,UFLEX
539141,UFO,UFO MOVIEZ INDIA 
530363,UGARSUGAR,UGAR SUGAR WORKS
511742,UGROCAP,UGRO CAPITAL
544779,UHMVL,UHM VACATION 
541338,UHZAVERI,U. H. ZAVERI
542904,UJJIVANSFB,UJJIVAN SMALL FINANCE BANK LIM
538706,ULTRACAB,ULTRACAB (INDIA) 
532538,ULTRACEMCO,ULTRATECH CEMENT
506685,ULTRAMAR,ULTRAMARINE & PIGMENTS
543513,UMAEXPORTS,UMA EXPORTS 
532398,UMESLTD,USHA MARTIN EDUCATION & SOLUTI
539798,UMIYA,UMIYA TUBES 
532376,UMIYA-MRO,UMIYA BUILDCON
544464,UML,UMIYA MOBILE 
504605,UNIABEXAL,UNI ABEX ALLOY PRODUCTS
539314,UNIAUTO,UNIVERSAL AUTOFOUNDRY 
506690,UNICHEMLAB,UNICHEM LABORATORIES
541503,UNICK,UNICK FIX-A- FORM AND PRINTERS
522014,UNIDT,UNITED DRILLING TOOLS
500429,UNIENTER,UNIPHOS ENTERPRISES
523519,UNIOFFICE,UNIVERSAL OFFICE AUTOMATION LT
532477,UNIONBANK,UNION BANK OF INDIA
543689,UNIPARTS,UNIPARTS INDIA 
530997,UNIQUEO,UNIQUE ORGANICS
521226,UNIROYAL,UNIROYAL INDUSTRIES
544648,UNISEM,UNISEM AGRITECH
537582,UNISHIRE,UNISHIRE URBAN INFRA
538610,UNISON,UNISON METALS
531091,UNITDCR,UNITED CREDIT
532432,UNITDSPR,UNITED SPIRITS
507878,UNITECH,UNITECH
502893,UNITEDINT,UNITED INTERACTIVE
544756,UNITEDPOLY,UNITED POLYFAB GUJARAT 
531867,UNITINT,UNITECH INTERNATIONAL
532378,UNIVARTS,UNIVERSAL ARTS
504212,UNIVCABLES,UNIVERSAL CABLES
542933,UNIVPHOTO,UNIVERSUS PHOTO IMAGINGS LIMIT
524408,UNIVSTAR,UNIVERSAL STARCH-CHEM ALLIED L
531762,UNJHAFOR,UNJHA FORMULATIONS
532539,UNOMINDA,UNO MINDA 
526113,UNRYLMA,UNIROYAL MARINE EXPORTS
507808,UNTTEMI,UNITED LEASING & INDUSTRIES LT
509960,UPHOT,U.P.HOTELS
512070,UPL,UPL
540189,UPROTECH,UNIPRO TECHNOLOGIES 
531390,UPSURGE,UPSURGE INVESTMENT & FINANCE L
543930,URAVIDEF,URAVI DEFENCE AND TECHNOLOGY L
544515,URBANCO,URBAN COMPANY 
526987,URJA,URJA GLOBAL
539097,URSUGAR,UR SUGAR INDUSTRIES
532402,USGTECH,USG TECH SOLUTIONS
511507,USHAKIRA,USHAKIRAN FINANCE
517146,USHAMART,USHA MARTIN
543861,USK,UDAYSHIVAKUMAR INFRA 
543238,UTIAMC,UTI ASSET MANAGEMENT COMPANY L
500014,UTIQUE,UTIQUE ENTERPRISES
543942,UTKARSHBNK,UTKARSH SMALL FINANCE BANK LIM
500426,UTLINDS,UTL INDUSTRIES
544613,UTLSOLAR,FUJIYAMA POWER SYSTEMS 
532729,UTTAMSUGAR,UTTAM SUGAR MILLS
522091,UVDRHOR,UNITED VAN DER HORST
531652,UVS,UVS HOSPITALITY AND SERVICES L
530579,UYFINCORP,U. Y. FINCORP
532867,V2RETAIL,V2 RETAIL
532320,VAARAD,VAARAD VENTURES
519156,VADILALIND,VADILAL INDUSTRIES
519152,VADILENT,VADILAL ENTERPRISES
544778,VAHH,VAHH CHEMICALS 
532156,VAIBHAVGBL,VAIBHAV GLOBAL
526941,VAICC,VAISHNO CEMENT CO.LTD.
511431,VAKRANGEE,VAKRANGEE
542910,VALENCIA,VALENCIA NUTRITION 
526775,VALIANT,VALIANT COMMUNICATIONS
540145,VALIANTORG,VALIANT ORGANICS 
544433,VALINDIA,VALENCIA INDIA 
513397,VALLABHSQ,VALLABH STEELS
544565,VALPLAST,VALPLAST TECHNOLOGIES 
530459,VALSONQ,VALSON INDUSTRIES
512175,VAMA,VAMA INDUSTRIES
544780,VAML,VEDANTA ALUMINIUM METAL LIMITE
530369,VAMSHIRU,VAMSHI RUBBER
544436,VANDAN,VANDAN FOODS
538918,VANICOM,VANI COMMERCIALS 
540729,VANTABIO,VANTA BIOSCIENCE 
502589,VAPIENTER,VAPI ENTERPRISE
542931,VARDHANCFL,VARDHAN CAPITAL & FINANCE LIMI
514175,VARDMNPOLY,VARDHMAN POLYTEX
540570,VARIMAN,VARIMAN GLOBAL ENTERPRISES LIM
541578,VARROC,VARROC ENGINEERING 
533156,VASCONEQ,VASCON ENGINEERS
544508,VASHISHTHA,VASHISHTHA LUXURY FASHION LIMI
531574,VASINFRA,VAS INFRASTRUCTURE
538092,VASUPRADA,SHRI VASUPRADA PLANTATIONS LIM
533576,VASWANI,VASWANI INDUSTRIES
511110,VBDESAI,V.B.DESAI FINANCIAL SERVICES L
539123,VBIND,V B INDUSTRIES
540180,VBL,VARUN BEVERAGES 
536672,VCU,VCU DATA MANAGEMENT
543623,VEDANTASSET,VEDANT ASSET
533056,VEDAVAAG,VEDAVAAG SYSTEMS
500295,VEDL,VEDANTA
544781,VEDPOWER,VEDANTA POWER 
590005,VEEDOL,VEEDOL CORPORATION
543931,VEEFIN,VEEFIN SOLUTIONS
503657,VEERENRGY,VEER ENERGY & INFRASTRUCTURE L
511523,VEERHEALTH,VEERHEALTH CARE
543545,VEERKRUPA,VEERKRUPA JEWELLERS 
512026,VEGA,VEGA JEWELLERS
542803,VEL,VAXFAB ENTERPRISES 
526755,VELHO,VELAN HOTELS
505232,VELJAN,VELJAN DENISON
531257,VELLORA,VELLORA IMPACT
523261,VENKEYS,VENKYS (INDIA)
524038,VENLONENT,VENLON ENTERPRISES
531015,VENMAX,VENMAX DRUGS AND PHARMACEUTICA
516098,VENTURA,VENTURA TEXTILES
543528,VENUSPIPES,VENUS PIPES & TUBES 
526953,VENUSREM,VENUS REMEDIES
543514,VERANDA,VERANDA LEARNING SOLUTIONS LIM
512229,VERITAS,VERITAS (INDIA)
531950,VERTEX,VERTEX SECURITIES
890234,VERTEXPP,VERTEX SECURITIES
520113,VESUVIUS,VESUVIUS INDIA
539331,VETO,VETO SWITCHGEARS AND CABLES LI
538732,VGCL,VIBRANT GLOBAL CAPITAL 
543241,VGIL,VEER GLOBAL INFRACONSTRUCTION
514274,VGL,VARVEE GLOBAL
532953,VGUARD,V-GUARD INDUSTRIES
500439,VHL,VARDHMAN HOLDINGS
523796,VHLTD,VICEROY HOTELS
503349,VICTMILL,VICTORIA MILLS
531717,VIDHIING,VIDHI SPECIALTY FOOD INGREDIEN
544633,VIDYAWIRES,VIDYA WIRES
543350,VIJAYA,VIJAYA DIAGNOSTIC CENTRE LIMIT
537820,VIJIFIN,VIJI FINANCE
531069,VIJSOLX,VIJAY SOLVEX
531334,VIKALPS,VIKALP SECURITIES
530961,VIKASECO,VIKAS ECOTECH 
542655,VIKASLIFE,VIKAS LIFECARE
531518,VIKASPROP,VIKAS PROPPANT & GRANITE
519307,VIKASWSP,VIKAS WSP
544488,VIKRAMSOLR,VIKRAM SOLAR 
530477,VIKRAMTH,VIKRAM THERMO (INDIA)
544496,VIKRAN,VIKRAN ENGINEERING 
524394,VIMTALABS,VIMTA LABS
524200,VINATIORGA,VINATI ORGANICS
534639,VINAYAKPOL,VINAYAK POLYCON INTERNATIONAL
538920,VINCOFE,VINTAGE COFFEE AND BEVERAGES L
517015,VINDHYATEL,VINDHYA TELELINKS
543298,VINEETLAB,VINEET LABORATORIES 
543670,VINNY,VINNY OVERSEAS
526075,VINRKLB,REKVINA LABORATORIES
531051,VINTAGES,VINTAGE SECURITIES
524129,VINYLINDIA,VINYL CHEMICALS (INDIA)
530401,VINYOFL,VINYOFLEX
532613,VIPCLOTHNG,VIP CLOTHING 
507880,VIPIND,V.I.P.INDUSTRIES
514302,VIPPYSP,VIPPY SPINPRO
511726,VIPULLTD,VIPUL
530627,VIPULORG,VIPUL ORGANICS 
530521,VIRAT,VIRAT INDUSTRIES
519457,VIRATCRA,VIRAT CRANE INDUSTRIES
532354,VIRGOGLOB,VIRGO GLOBAL 
532372,VIRINCHI,VIRINCHI 
534741,VIRTUALG,VIRTUAL GLOBAL EDUCATION
512479,VIRYA,VIRYA RESOURCES
532721,VISACHROME,VISA CHROME 
531025,VISAGAR,VISAGAR FINANCIAL SERVICES
509055,VISAKAIND,VISAKA INDUSTRIES
538598,VISHAL,VISHAL FABRICS
539398,VISHALBL,VISHAL BEARINGS 
516072,VISHNU,VISHNU CHEMICALS
542852,VISHWARAJ,VISHWARAJ SUGAR INDUSTRIES LIM
526441,VISIONCINE,VISION CINEMAS
531668,VISIONCO,VISION CORPORATION
544784,VISL,VEDANTA IRON AND STEEL 
524711,VISTAPH,VISTA PHARMACEUTICALS
538565,VISTARAMAR,VISTAR AMAR 
512064,VISVEN,VISHVPRABHA VENTURES
541735,VIVANTA,VIVANTA INDUSTRIES 
530057,VIVANZA,VIVANZA BIOSCIENCES 
506146,VIVIDHA,VISAGAR POLYTEX
524576,VIVIDIND,VIVID GLOBAL INDUSTRIES
542046,VIVIDM,VIVID MERCANTILE
532660,VIVIMEDLAB,VIVIMED LABS
511509,VIVOBIOT,VIVO BIO TECH
512529,VIYASH,VIYASH SCIENTIFIC
522267,VJLAXMIE,VEEJAY LAKSHMI ENGINEERING WOR
509026,VJTFEDU,VJTF EDUSERVICES
539761,VKAL,VANTAGE KNOWLEDGE ACADEMY LIMI
530177,VKGLOBAL,VK GLOBAL INDUSTRIES 
543958,VLEGOV,VL E-GOVERNANCE & IT SOLUTIONS
539167,VLL,VIRAT LEASING 
511333,VLSFINANCE,VLS FINANCE
534976,VMART,V-MART RETAIL
533427,VMS,VMS INDUSTRIES
544521,VMSTMT,VMS TMT
543597,VOEPL,VIRTUOSO OPTOELECTRONICS LIMIT
544782,VOGL,VEDANTA OIL AND GAS 
522122,VOITHPAPR,VOITH PAPER FABRICS INDIA
506122,VOLKAI,KAIROSOFT AI SOLUTIONS 
509038,VOLLF,VOLTAIRE LEASING & FINANCE
532757,VOLTAMP,VOLTAMP TRANSFORMERS
500575,VOLTAS,VOLTAS
544765,VPAL,VEGORAMA PUNJABI ANGITHI LIMIT
543974,VPRPL,VISHNU PRAKASH R PUNGLIA LIMIT
542654,VRFILMS,V R FILMS & STUDIOS
538634,VRL,VASUNDHARA RASAYANS
539118,VRLLOG,VRL LOGISTICS 
519331,VSFPROJ,VSF PROJECTS
540252,VSL,VIRAM SUVARN 
534392,VSSL,VARDHMAN SPECIAL STEELS
509966,VSTIND,VST INDUSTRIES
531266,VSTTILLERS,V.S.T.TILLERS TRACTORS
502986,VTL,VARDHMAN TEXTILES
532893,VTMLTD,VTM
517399,VXLINSTR,VXL INSTRUMENTS
541445,WAA,WAA SOLAR 
539337,WAAREE,WAAREE TECHNOLOGIES
533257,WAAREEINDO,INDOSOLAR
534618,WAAREERTL,WAAREE RENEWABLE TECHNOLOGIES
533269,WABAG,VA TECH WABAG
503675,WAGEND,WAGEND INFRA VENTURE
544642,WAKEFIT,WAKEFIT INNOVATIONS 
507410,WALCHANNAG,WALCHANDNAGAR INDUSTRIES
501370,WALCHPF,WALCHAND PEOPLEFIRST
532053,WALLFORT,WALLFORT FINANCIAL SERVICES LT
524212,WANBURY,WANBURY
512063,WARDHEALTH,WARDWIZARD HEALTHCARE
538970,WARDINMOBI,WARDWIZARD INNOVATIONS AND MOB
539132,WARDWIZFBL,WARDWIZARD FOODS AND BEVERAGES
508494,WARRENTEA,WARREN TEA
523660,WATERBASE,WATERBASE
544536,WEALTH,WEALTH FIRST PORTFOLIO MANAGER
517498,WEBELSOLAR,WEBSOL ENERGY SYSTEM
523011,WEIZMANIND,WEIZMANN
543449,WEL,WONDER ELECTRICALS
532144,WELCORP,WELSPUN CORP
524661,WELCURE,WELCURE DRUGS & PHARMACEUTICAL
532553,WELENT,WELSPUN ENTERPRISES LIMTED
533252,WELINV,WELSPUN INVESTMENTS AND COMMER
500365,WELSPLSOL,WELSPUN SPECIALTY SOLUTIONS LI
514162,WELSPUNLIV,WELSPUN LIVING
526431,WELTI,WELTERMAN INTERNATIONAL
505412,WENDT,WENDT (INDIA)
532373,WEPSOLN,WEP SOLUTIONS
538382,WESTLEIRES,WEST LEISURE RESORTS
505533,WESTLIFE,WESTLIFE FOODWORLD
543535,WEWIN,WE WIN 
544570,WEWORK,WEWORK INDIA MANAGEMENT LIMITE
501391,WHBRADY,W.H.BRADY & CO.LTD.
590073,WHEELS,WHEELS INDIA
500238,WHIRLPOOL,WHIRLPOOL OF INDIA
513713,WHITEORG,WHITE ORGANIC AGRO 
519224,WILLAMAGOR,WILLIAMSON MAGOR & COMPANY
519214,WILLIMFI,WILLIAMSON FINANCIAL SERVICES
543329,WINDLAS,WINDLAS BIOTECH 
522029,WINDMACHIN,WINDSOR MACHINES
526471,WINSOMBR,WINSOME BREWERIES
514470,WINSOMTX,WINSOME TEXTILE INDUSTRIES
507685,WIPRO,WIPRO
507817,WIREFABR,WIRES & FABRIKS (SA)
543436,WITS,WHERRELZ IT SOLUTIONS 
504998,WMINIMT,WESTERN MINISTIL
532300,WOCKPHARMA,WOCKHARDT
531396,WOMENNET,WOMEN NETWORKS
538268,WONDERLA,WONDERLA HOLIDAYS
526959,WOODSVILA,WOODSVILLA
544610,WORKMATES,WORKMATES CORE2CLOUD SOLUTION
538451,WORTH,WORTH INVESTMENT & TRADING CO
544577,WORTHPERI,WORTH PERIPHERALS 
544636,WOSAL,WESTERN OVERSEAS STUDY ABROAD
505872,WPIL,WPIL
511147,WSFX,WSFX GLOBAL PAY 
504220,WSI,W.S.INDUSTRIES (INDIA)
500444,WSTCSTPAPR,WEST COAST PAPER MILLS 
526525,WWALUM,WORLDWIDE ALUMINIUM
532616,XCHANGING,XCHANGING SOLUTIONS
542367,XELPMOC,XELPMOC DESIGN AND TECH LIMITE
590013,XPROINDIA,XPRO INDIA
531225,XTGLOBAL,XTGLOBAL INFOTECH
544838,XTRANET,XTRANET TECHNOLOGIES
538521,YAANENT,YAAN ENTERPRISES
544770,YAASHVI,YAASHVI JEWELLERS
544676,YAJUR,YAJUR FIBRES
511012,YAMNINV,YAMINI INVESTMENTS COMPANY
514378,YARNSYN,YARN SYNDICATE
539939,YASHCHEM,YASH CHEMEX 
544708,YASHHTEJ,YASHHTEJ INDUSTRIES (INDIA) LI
523650,YASHINNO,YASH INNOVENTURES
511601,YASHMGM,YASH MANAGEMENT & SATELLITE LT
541167,YASHO,YASHO INDUSTRIES
530063,YASHRAJC,YASHRAJ CONTAINEURS
543950,YATHARTH,YATHARTH HOSPITAL & TRAUMA CAR
532648,YESBANK,YES BANK
511702,YOGI,YOGI
522209,YOGISUNG,YOGI SUNG-WON (INDIA)
530675,YORKEXP,YORK EXPORTS
540980,YSL,THE YAMUNA SYNDICATE
540550,YUG,YUG DECOR 
522108,YUKEN,YUKEN INDIA
533149,YUNIKM,YUNIK MANAGING ADVISORS LIMITE
536846,YURANUS,YURANUS INFRASTRUCTURE
531663,YUVRAAJHPL,YUVRAAJ HYGIENE PRODUCTS
544568,ZAPPFRESH,DSM FRESH FOODS 
523054,ZBINTXPP,BINAYAK TEX PROCESSORS
531043,ZDHJERK,DHANVANTRI JEEVAN REKHA
539963,ZEAL,ZEAL AQUA 
505537,ZEEL,ZEE ENTERTAINMENT ENTERPRISES
533287,ZEELEARN,ZEE LEARN
532794,ZEEMEDIA,ZEE MEDIA CORPORATION
544563,ZELIO,ZELIO E MOBILITY 
514266,ZENIFIB,ZENITH FIBRES
512553,ZENITHEXPO,ZENITH EXPORTS
530665,ZENITHHE,ZENITH HEALTH CARE
531845,ZENITHSTL,ZENITH STEEL PIPES AND  INDUST
532039,ZENOTECH,ZENOTECH LABORATORIES
504067,ZENSARTECH,ZENSAR TECHNOLOGIES
533339,ZENTEC,ZEN TECHNOLOGIES
533023,ZFCVINDIA,ZF COMMERCIAL VEHICLE CONTROL
505163,ZFSTEERING,Z.F.STEERING GEAR (INDIA)
502850,ZGAEKWAR,GAEKWAR MILLS
501111,ZGOLDINV,GOLD ROCK INVESTMENTS
505520,ZHEMHOLD,HEM HOLDINGS & TRADING
541400,ZIMLAB,ZIM LABORATORIES 
538579,ZINEMA,ZINEMA MEDIA AND ENTERTAINMENT
513012,ZJEETMAC,JEET MACHINE TOOLS
505585,ZKOVALIN,KOVALAM INVESTMENT & TRADING C
511018,ZMILGFIN,MILGREY FINANCE & INVESTMENT L
504356,ZMULTIPU,MULTIPURPOSE TRADING & AGENCIE
521163,ZODIACLOTH,ZODIAC CLOTHING CO.LTD.
503641,ZODIACVEN,ZODIAC VENTURES
512587,ZODJRDMKJ,ZODIAC-JRD-MKJ
506640,ZR2,ZR2 BIOENERGY
512020,ZSARACOM,SARASWATI COMMERCIAL (INDIA) L
503893,ZSATYASL,SATYAM SILK MILLS
509910,ZSOUTGAS,THE SOUTHERN GAS 
503624,ZSVARAJT,SVARAJ TRADING & AGENCIES
534742,ZUARI,ZUARI AGRO CHEMICALS
500780,ZUARIIND,ZUARI INDUSTRIES 
504988,ZWELCAST,WELCAST STEELS
532321,ZYDUSLIFE,ZYDUS LIFESCIENCES 
531335,ZYDUSWELL,ZYDUS WELLNESS
