Date,Client_Index_Futures_Long,Client_Index_Futures_Short,Client_Index_Futures_Net,Client_Stock_Futures_Long,Client_Stock_Futures_Short,Client_Stock_Futures_Net,Client_Index_Call_Long,Client_Index_Call_Short,Client_Index_Put_Long,Client_Index_Put_Short,DII_Index_Futures_Long,DII_Index_Futures_Short,DII_Index_Futures_Net,DII_Stock_Futures_Long,DII_Stock_Futures_Short,DII_Stock_Futures_Net,DII_Index_Call_Long,DII_Index_Call_Short,DII_Index_Put_Long,DII_Index_Put_Short,FII_Index_Futures_Long,FII_Index_Futures_Short,FII_Index_Futures_Net,FII_Stock_Futures_Long,FII_Stock_Futures_Short,FII_Stock_Futures_Net,FII_Index_Call_Long,FII_Index_Call_Short,FII_Index_Put_Long,FII_Index_Put_Short,Pro_Index_Futures_Long,Pro_Index_Futures_Short,Pro_Index_Futures_Net,Pro_Stock_Futures_Long,Pro_Stock_Futures_Short,Pro_Stock_Futures_Net,Pro_Index_Call_Long,Pro_Index_Call_Short,Pro_Index_Put_Long,Pro_Index_Put_Short,Total_Index_Futures_OI,FII_Long_Ratio_Pct
2024-01-01,183839,243040,-59201,1606742,225809,1380933,4795416,5054679,4023569,4499891,75618,73647,1971,73830,2055584,-1981754,0,0,51490,0,148654,67297,81357,1397510,1068069,329441,1292263,793188,1506615,997728,28249,52376,-24127,434894,163514,271380,1468671,1708483,1624833,1708888,436360,68.84
2024-01-02,195331,237965,-42634,1626579,249785,1376794,6280912,6250446,3736471,4306826,61533,74099,-12566,75446,2059977,-1984531,0,0,62135,0,150027,70562,79465,1425213,1093493,331720,1636648,1178338,1397784,859925,31786,56051,-24265,448364,172347,276017,1776572,2265348,1540052,1569691,438677,68.01
2024-01-03,190653,222108,-31455,1647112,248958,1398154,4252096,4363290,3038646,3462806,58639,77605,-18966,74491,2067473,-1992982,0,0,63594,0,148146,77548,70598,1414441,1121956,292485,1118687,832750,1014892,711454,24952,45129,-20177,473224,170881,302343,1246630,1421373,1296336,1239208,422390,65.64
2024-01-04,194255,226533,-32278,1669200,256405,1412795,2885314,3191812,3394011,3582969,58535,78040,-19505,73033,2087197,-2014164,0,0,65962,0,148523,76456,72067,1416082,1132493,283589,729043,463513,831868,653110,22858,43142,-20284,488914,171134,317780,1139646,1098678,1414046,1469808,424171,66.02
2024-01-05,189489,225431,-35942,1662387,260822,1401565,4666702,5120968,3745783,4339977,59660,78034,-18374,73189,2077976,-2004787,0,0,66532,0,151352,75099,76253,1424992,1143687,281305,1132425,795297,1121257,721194,19446,41383,-21937,491586,169669,321917,1384039,1266901,1416403,1288804,419947,66.84
2024-01-08,197049,234261,-37212,1677224,260940,1416284,6657085,6311289,3703911,4075376,59660,79049,-19389,73895,2067691,-1993796,0,0,72446,0,152854,93872,58982,1419606,1179965,239641,1360438,1284616,1156891,993217,40026,42407,-2381,514924,177053,337871,1846314,2267932,1598068,1462723,449589,61.95
2024-01-09,184395,232078,-47683,1671437,258495,1412942,6474592,6242166,3608960,3976495,59660,79064,-19404,74401,2066335,-1991934,0,0,72474,0,164765,90877,73888,1442048,1191994,250054,1320520,1140485,1166029,996314,34381,41182,-6801,510462,181524,328938,1660684,2073145,1498368,1373022,443201,64.45
2024-01-10,180562,222150,-41588,1699909,253113,1446796,3666757,3865413,3425983,3771706,58082,77068,-18986,74550,2089705,-2015155,0,0,72470,0,158987,93000,65987,1447692,1213208,234484,796917,632464,983388,766719,35898,41311,-5413,517779,183904,333875,1245199,1210996,1371426,1314842,433529,63.09
2024-01-11,190940,231247,-40307,1723892,276883,1447009,3246572,3332712,2647460,3112936,55182,81468,-26286,81763,2098155,-2016392,0,0,72474,0,158011,91391,66620,1467417,1211337,256080,683032,574029,793616,616169,42077,42104,-27,521709,208406,313303,1178308,1201171,1427666,1212111,446210,63.36
2024-01-12,189917,231913,-41996,1717951,277499,1440452,3593334,3991856,4357919,4696806,54952,81368,-26416,88478,2106274,-2017796,0,0,79404,0,158057,91438,66619,1471574,1203576,267998,1069803,789949,1287572,1014822,37261,35468,1793,535272,225926,309346,1393610,1274942,1655346,1668613,440187,63.35
2024-01-15,195133,246036,-50903,1718708,281357,1437351,4132198,4422445,5668584,5646170,56232,85822,-29590,89860,2105255,-2015395,0,0,79346,0,168754,87059,81695,1482726,1214010,268716,1255018,936898,1578879,1322892,37211,38413,-1202,545669,236341,309328,1411937,1439810,1737628,2095375,457330,65.97
2024-01-16,190414,244020,-53606,1714396,284155,1430241,4893385,5123444,4888035,5341220,56486,85846,-29360,90398,2094056,-2003658,0,0,76846,0,167618,88019,79599,1470342,1211423,258919,1507892,1087922,1648382,1120895,44544,41177,3367,555605,241107,314498,1417711,1607622,1535877,1687025,459062,65.57
2024-01-17,247279,227800,19479,1756270,261932,1494338,5268881,4851385,2739140,3122001,55022,85782,-30760,91767,2117578,-2025811,0,0,69367,0,133378,112724,20654,1467435,1288020,179415,1093262,1125875,1247091,1136807,51322,60695,-9373,594380,242322,352058,1438370,1823253,1298247,1095037,487001,54.2
2024-01-18,279372,224032,55340,1798113,245624,1552489,4375941,4058509,2602652,3006651,54541,86568,-32027,92561,2144198,-2051637,0,0,64156,0,125972,130631,-4659,1455587,1302537,153050,850304,827163,1083783,850139,50616,69270,-18654,608429,262331,346098,1366307,1706880,1261264,1155065,510501,49.09
2024-01-19,282062,218692,63370,1793564,250752,1542812,5621894,5257806,3217322,3649655,54549,88804,-34255,100431,2157087,-2056656,0,0,62642,0,124833,141073,-16240,1512453,1299905,212548,1218345,1182564,1307858,1056621,57408,70283,-12875,586946,285650,301296,1588908,1988777,1487908,1369454,518852,46.95
2024-01-23,287427,227240,60187,1761568,244014,1517554,7058353,6596980,3531020,3840428,54678,86429,-31751,113722,2133872,-2020150,0,0,61595,0,126211,145040,-18829,1563444,1334426,229018,1370528,1290008,1321585,1129595,62211,71818,-9607,564603,291025,273578,2009379,2551272,1391492,1335669,530527,46.53
2024-01-24,289657,240579,49078,1781584,246178,1535406,7308773,6927127,4594763,4678197,55034,91725,-36691,113042,2192355,-2079313,0,0,53633,0,131082,139638,-8556,1601668,1298633,303035,1480277,1427310,1556906,1427680,83361,87192,-3831,548149,307277,240872,1986603,2421216,1636704,1736129,559134,48.42
2024-01-25,324837,227300,97537,1824947,179375,1645572,2793827,2697209,1883634,2238795,56514,90925,-34411,58390,2122815,-2064425,0,0,17651,0,42771,151654,-108883,1490432,1382808,107624,637682,608348,761971,588317,93872,48115,45757,446145,134916,311229,959085,1085037,966942,803086,517994,22.0
2024-01-29,322429,219388,103041,1798698,204329,1594369,4271334,4151541,3812863,3969290,56372,95773,-39401,62378,2152394,-2090016,0,0,18641,0,48167,147287,-99120,1562704,1357897,204807,976191,1001926,1195157,1110922,82067,46587,35480,444596,153756,290840,1447285,1541343,1459309,1405758,509035,24.64
2024-01-30,314558,200611,113947,1818159,205262,1612897,5253269,4938143,3414448,3793094,58076,97216,-39140,62609,2171415,-2108806,0,0,21818,0,46249,146205,-99956,1555881,1353507,202374,1043465,1169408,1164380,1057393,68502,43353,25149,451385,157850,293535,1681092,1870275,1477722,1227881,487385,24.03
2024-01-31,286361,195253,91108,1793713,218947,1574766,3259965,2877599,2541540,2570036,56529,91216,-34687,63431,2186881,-2123450,0,0,24780,0,64525,151876,-87351,1571610,1310576,261034,616143,804545,711909,717283,67249,36319,30930,450431,162781,287650,1077126,1271090,1022464,1013374,474664,29.82
2024-02-01,285623,201145,84478,1824022,226497,1597525,3614522,3346345,2865248,3008335,56204,88916,-32712,61140,2186008,-2124868,0,0,24780,0,67523,147863,-80340,1577870,1340521,237349,767640,833194,798935,699282,67473,38899,28574,462284,172290,289994,1146975,1349598,1069337,1050683,476823,31.35
2024-02-02,287067,197491,89576,1789090,232168,1556922,4731095,4459857,3487206,3664646,56219,90258,-34039,69698,2212014,-2142316,0,0,24754,0,69557,144454,-74897,1630414,1309189,321225,956755,1028894,1050207,1031466,64490,45130,19360,453044,188875,264169,1436374,1635473,1372242,1238297,477333,32.5
2024-02-05,281556,197150,84406,1808036,246362,1561674,6251672,5744996,4066380,4215633,56180,90258,-34078,75149,2201282,-2126133,0,0,24754,0,81398,143396,-61998,1638597,1331722,306875,1045205,1230377,1067987,1078956,58173,46503,11670,453332,195748,257584,1778267,2099771,1509063,1373595,477307,36.21
2024-02-06,282645,214184,68461,1833275,257582,1575693,5867266,5614768,4600807,4656101,56227,90258,-34031,77009,2211305,-2134296,0,0,24754,0,88590,148865,-60275,1611934,1323888,288046,1163846,1231247,1113757,1089162,71383,45538,25845,472699,202142,270557,1685306,1870403,1521419,1515474,498845,37.31
2024-02-07,283916,209078,74838,1864408,250679,1613729,3622756,3623873,3218621,3472900,56272,88258,-31986,79596,2218658,-2139062,0,0,24754,0,88281,168632,-80351,1580112,1343631,236481,679295,662252,841504,714985,84993,47494,37499,490719,201867,288852,1202585,1218511,1216978,1113972,513462,34.36
2024-02-08,298798,215215,83583,1903603,229836,1673767,4140028,3919935,2511397,2952748,56808,83258,-26450,83648,2224434,-2140786,0,0,24754,0,87405,180165,-92760,1554011,1398799,155212,830770,845426,931532,770865,81526,45899,35627,509199,197392,311807,1490582,1696019,1364477,1108547,524537,32.67
2024-02-09,275982,205341,70641,1898044,228454,1669590,4305800,4325571,3665102,3921986,56817,80758,-23941,89680,2218386,-2128706,0,0,24754,0,90876,174729,-83853,1562708,1429056,133652,907870,906212,1006217,899434,77015,39862,37153,526437,200973,325464,1560286,1542173,1473941,1348594,500690,34.21
2024-02-12,298692,214823,83869,1887387,224702,1662685,6547330,6101415,3703607,4035758,56863,78258,-21395,89957,2228781,-2138824,0,0,24754,0,92567,178902,-86335,1588225,1435968,152257,1162184,1268049,1135584,1038529,68274,44413,23861,531608,207726,323882,1997147,2337197,1655621,1445279,516396,34.1
2024-02-13,280824,221872,58952,1888561,230214,1658347,4858788,5016990,4508994,4693899,55353,75984,-20631,90653,2248525,-2157872,0,0,24754,0,98261,180536,-82275,1600270,1419990,180280,1014099,1056402,1163291,1065952,88929,44975,43954,529519,210274,319245,1748993,1548488,1743902,1681090,523367,35.24
2024-02-14,265013,205446,59567,1914507,231909,1682598,3072535,3222635,3531048,3781619,55432,77990,-22558,92146,2254049,-2161903,0,0,24754,0,103459,183989,-80530,1600998,1433436,167562,723744,658383,978840,739131,83416,39895,43521,531857,220114,311743,1152580,1067841,1340535,1354427,507320,35.99
2024-02-15,259050,194944,64106,1938059,230202,1707857,2718320,2856815,3289713,3457902,57225,75520,-18295,94124,2261105,-2166981,0,0,25064,0,101343,176541,-75198,1599477,1458817,140660,785516,757506,833954,734905,67545,38158,29387,543364,224900,318464,1150422,1039937,1311207,1267131,485163,36.47
2024-02-16,260480,195249,65231,1933852,228460,1705392,3658792,3721035,4277914,4377565,57235,77755,-20520,95145,2272133,-2176988,0,0,29064,0,111842,180632,-68790,1614300,1458379,155921,946250,1000887,1108076,1028296,63319,39240,24079,542933,227258,315675,1276631,1159751,1488339,1497532,492876,38.24
2024-02-19,256764,195898,60866,1947383,229407,1717976,4481847,4424858,5162521,5116809,57946,77755,-19809,96597,2271513,-2174916,0,0,29064,0,116489,180298,-63809,1600673,1465863,134810,996550,1109914,1181790,1172981,60806,38054,22752,553784,231654,322130,1370872,1314497,1603584,1687169,492005,39.25
2024-02-20,254877,194687,60190,1930021,236094,1693927,4047960,4188680,5909808,5697397,57973,82755,-24782,98299,2250775,-2152476,0,0,29064,0,120958,175772,-54814,1588555,1472306,116249,1018422,1140188,1345696,1323002,57235,37829,19406,574052,231752,342300,1558281,1295795,1694244,1958413,491043,40.76
2024-02-21,256640,195685,60955,1930569,240841,1689728,4014718,3978358,3144807,3467022,58364,79986,-21622,100166,2232050,-2131884,0,0,29064,0,130909,178339,-47430,1587761,1473152,114609,824048,788754,912799,779988,55934,47837,8097,576370,248823,327547,1232844,1304498,1246930,1086590,501847,42.33
2024-02-22,264995,199212,65783,1957726,238456,1719270,2968202,3083054,2815946,3167417,56891,86030,-29139,102480,2247346,-2144866,0,0,29064,0,134577,169246,-34669,1616101,1519251,96850,704689,623041,868408,664470,46944,48919,-1975,597510,268764,328746,1183283,1150079,1225823,1107354,503407,44.29
2024-02-23,269716,201548,68168,1940849,242853,1697996,4426155,4393546,3505935,3958799,56961,83980,-27019,103304,2237825,-2134521,0,0,43064,0,129896,166954,-37058,1636643,1496016,140627,949017,924734,1106615,892205,48638,52729,-4091,595554,299656,295898,1369800,1426692,1443268,1247878,505211,43.76
2024-02-26,279289,202665,76624,1942213,245684,1696529,5671817,5519813,3919612,4372867,56993,83980,-26987,98891,2238529,-2139638,0,0,41817,0,135063,164200,-29137,1623880,1475624,148256,1073211,1110493,1186467,1040092,48215,68715,-20500,597187,302334,294853,1630469,1745191,1708586,1443523,519560,45.13
2024-02-27,283413,204045,79368,1947820,243405,1704415,5414932,5396126,4146361,4578688,56911,87980,-31069,98391,2233269,-2134878,0,0,49064,0,142334,169376,-27042,1655435,1522243,133192,1157376,1156857,1250518,1085424,49087,70344,-21257,590164,292893,297271,1478303,1497628,1649468,1431299,531745,45.66
2024-02-28,297836,222756,75080,1921863,232291,1689572,7952426,7161511,4138172,4473840,55413,87980,-32567,107960,2223040,-2115080,0,0,45602,0,141858,171825,-29967,1664948,1536755,128193,1486944,1725391,1354155,1343947,55451,67997,-12546,580971,283656,297315,2065965,2618433,1735345,1455487,550558,45.22
2024-02-29,285811,206265,79546,1894124,182337,1711787,2273905,2361366,2023898,2365463,54047,82034,-27987,71441,2220776,-2149335,0,0,36680,0,68757,127725,-58968,1631721,1554101,77620,590332,520943,687032,492936,58273,50864,7409,493786,133858,359928,1008821,990749,1004200,893411,466888,34.99
2024-03-01,355122,262107,93015,1871569,198155,1673414,3109061,3366422,4454718,4493062,54482,89587,-35105,76403,2228034,-2151631,0,0,37581,0,72084,134845,-62761,1670078,1527943,142135,953371,949289,1190949,1058526,56263,51412,4851,482398,146316,336082,1572215,1318936,1592328,1723988,537951,34.84
2024-03-04,389917,303418,86499,1895871,199770,1696101,4262349,4335616,5485416,5331650,60300,89587,-29287,83411,2233833,-2150422,0,0,42191,0,79148,129195,-50047,1648296,1519354,128942,1077609,1108615,1104290,1142131,51626,58791,-7165,481715,156336,325379,1591324,1487051,1821565,1979681,580991,37.99
2024-03-05,433998,352296,81702,1934665,207636,1727029,4225390,4281295,5349833,5230715,60734,85754,-25020,86241,2234663,-2148422,0,0,42214,0,78694,143635,-64941,1642391,1567955,74436,1047092,1148591,1198133,1234343,65047,56788,8259,506555,159598,346957,1606766,1449362,1740404,1865526,638473,35.4
2024-03-06,433179,383111,50068,1933750,209627,1724123,3062689,3272997,3882540,3979801,60931,85754,-24823,94335,2237484,-2143149,0,0,42271,0,89321,135662,-46341,1623319,1551499,71820,773211,713432,968749,841586,73233,52137,21096,512998,165792,347206,1407937,1257408,1473556,1545729,656664,39.7
2024-03-07,437381,376749,60632,1912331,222067,1690264,3219222,3303127,3178931,3422805,58204,86318,-28114,106838,2234024,-2127186,0,0,42317,0,86929,120724,-33795,1630524,1521265,109259,854756,761215,930592,804964,55776,54499,1277,504509,176846,327663,1303318,1312954,1395570,1319641,638290,41.86
2024-03-11,454109,390108,64001,1917279,230688,1686591,5537802,5329866,3739946,4086889,61295,78218,-16923,107332,2244713,-2137381,0,0,42338,0,83947,118922,-34975,1632405,1509662,122743,1128240,1126807,1114810,1044038,54344,66447,-12103,522367,194320,328047,1881933,2091302,1775194,1541361,653695,41.38
2024-03-12,462959,396393,66566,1897407,228946,1668461,5013872,5029231,3752663,4047373,60372,80668,-20296,110913,2263001,-2152088,0,0,42338,0,91508,121829,-30321,1633318,1477245,156073,1035394,1010161,932561,885706,66937,82886,-15949,529092,201538,327554,1940443,1950317,1716975,1511458,681776,42.89
2024-03-13,472277,395173,77104,1849439,237615,1611824,4910244,4700880,2772249,3143261,60158,71285,-11127,113951,2277047,-2163096,0,0,46354,0,89080,132900,-43820,1665304,1452096,213208,1049042,1020094,1049017,923738,65010,87167,-22157,545232,207168,338064,1694718,1933030,1553909,1354530,686525,40.13
2024-03-14,478702,409596,69106,1855315,234066,1621249,3292243,3313406,2652278,2998809,60637,71233,-10596,114721,2299370,-2184649,0,0,48854,0,93279,144270,-50991,1656918,1420717,236201,724639,646568,809521,629874,76507,84026,-7519,539105,211906,327199,1428373,1485281,1457598,1339568,709125,39.27
2024-03-15,487779,408065,79714,1865837,237315,1628522,4626679,4562671,3407471,3731841,61436,71229,-9793,119267,2290209,-2170942,0,0,48854,0,86574,143964,-57390,1665113,1446996,218117,1101433,1052397,1086112,977220,75978,88509,-12531,549639,225336,324303,1642412,1755456,1650681,1484057,711767,37.55
2024-03-18,496654,406287,90367,1892310,252674,1639636,5070579,5047947,4077326,4277616,61686,75650,-13964,118961,2295130,-2176169,0,0,48838,0,86715,148030,-61315,1664086,1454674,209412,1094153,1066918,1017641,964634,77610,92698,-15088,553208,226087,327121,1766385,1816252,1657394,1558949,722665,36.94
2024-03-19,503765,403548,100217,1893467,259160,1634307,6138616,5776088,3809942,4078803,62466,60062,2404,119000,2316732,-2197732,0,0,48900,0,79616,164975,-85359,1673726,1452229,221497,1201181,1276106,1127099,1128757,74648,91910,-17262,579222,237294,341928,1851708,2139311,1687913,1466294,720495,32.55
2024-03-20,509887,397373,112514,1893637,269178,1624459,4001122,4011454,2902353,3183951,62466,65021,-2555,119545,2330338,-2210793,0,0,48922,0,79298,174522,-95224,1701839,1456519,245320,814670,782561,878277,766982,74621,89356,-14735,592876,251862,341014,1471169,1492946,1438067,1316686,726272,31.24
2024-03-21,508086,395388,112698,1888860,253054,1635806,3270058,3303289,3102555,3366739,62425,64965,-2540,121640,2350203,-2228563,0,0,49285,0,86956,176305,-89349,1727153,1441244,285909,770625,695312,896347,761277,77049,97858,-20809,573965,267117,306848,1455592,1497674,1530400,1450571,734516,33.03
2024-03-22,489481,399386,90095,1874808,259148,1615660,3628654,3771454,4146407,4303109,62385,60417,1968,123630,2365672,-2242042,0,0,48664,0,81266,153645,-72379,1734742,1375459,359283,886921,866446,997496,912792,70871,90555,-19684,530740,263641,267099,1532786,1410461,1646625,1623291,704003,34.59
2024-03-26,489979,397885,92094,1894261,273703,1620558,4817340,4737728,4374752,4529951,62281,53458,8823,124589,2387624,-2263035,0,0,45164,0,73285,148689,-75404,1773084,1403876,369208,1054363,1064756,1129772,1061480,76829,102342,-25513,538728,265459,273269,1740701,1809920,1780018,1738275,702374,33.02
2024-03-27,460164,375214,84950,1878616,263293,1615323,3283376,3405386,3493863,3765213,61953,54458,7495,129153,2360958,-2231805,0,0,53441,0,76268,167064,-90796,1800839,1461412,339427,892340,825876,1094201,895797,73431,75080,-1649,531879,254824,277055,1523693,1468147,1557184,1537679,671816,31.34
2024-03-28,401841,355441,46400,1742313,235986,1506327,2524162,2547821,2563871,2734828,37462,46724,-9262,77279,2311005,-2233726,0,0,45128,0,103470,127321,-23851,1764420,1316602,447818,682440,645232,794298,700934,57519,70806,-13287,432621,153040,279581,1292606,1306155,1310137,1277672,600292,44.83
2024-04-01,218144,181727,36417,1719269,194708,1524561,3850989,3870052,4125164,4182838,37587,46724,-9137,80445,2326411,-2245966,0,0,44992,0,108819,130406,-21587,1782859,1321071,461788,862938,872205,911432,882470,32359,38052,-5693,427517,167900,259617,1609501,1581171,1659323,1675603,396909,45.49
2024-04-02,222339,184011,38328,1766379,199761,1566618,4631478,4462774,4321542,4361257,36906,47400,-10494,73510,2340538,-2267028,0,0,44992,0,114069,129496,-15427,1779943,1344491,435452,977690,1076101,989980,969385,30387,42794,-12407,445725,180767,264958,1712188,1782481,1700180,1726052,403701,46.83
2024-04-03,227601,187127,40474,1833540,196589,1636951,3561068,3553464,3256263,3500460,36891,47400,-10509,79732,2339109,-2259377,0,0,44014,0,111937,143694,-31757,1718820,1406966,311854,643033,625145,774806,611256,36646,34854,1792,483358,172786,310572,1187578,1213070,1228976,1192343,413075,43.79
2024-04-04,204427,172105,32322,1873103,197597,1675506,2516533,2646519,2721427,3015477,37069,47057,-9988,84529,2316130,-2231601,0,0,44649,0,102662,136290,-33628,1682950,1448541,234409,531825,452361,675154,500636,46865,35571,11294,503013,181327,321686,1048020,997498,1102820,1027937,391023,42.96
2024-04-05,217366,188693,28673,1889090,206993,1682097,3776045,4335202,4663579,4918781,37069,47490,-10421,88035,2281024,-2192989,0,0,46037,0,102506,137696,-35190,1664391,1493080,171311,941307,797052,1234691,995918,52495,35557,16938,521122,181541,339581,1630416,1215514,1624733,1654341,409436,42.67
2024-04-08,222675,200613,22062,1890446,200244,1690202,4162661,4299932,5450708,5399570,37991,50990,-12999,85371,2285405,-2200034,0,0,46037,0,112855,136491,-23636,1654562,1475978,178584,1040061,968513,1237367,1155916,51164,36591,14573,524647,193399,331248,1609011,1543288,1717286,1895912,424685,45.26
2024-04-09,226596,222375,4221,1907477,207333,1700144,4584812,4696946,5167049,5283868,37089,53234,-16145,85216,2289145,-2203929,24,0,46051,0,133230,129207,4023,1663791,1471570,192221,1173761,934312,1411672,1167826,49295,41394,7901,518852,207288,311564,1575592,1702931,1586264,1759342,446210,50.77
2024-04-10,217475,233563,-16088,1874985,219834,1655151,2199113,2429688,2660327,2915283,36919,56340,-19421,86010,2275792,-2189782,0,0,51047,0,174756,123474,51282,1684471,1445169,239302,520337,378248,668388,482898,34342,50115,-15773,512297,216968,295329,987004,898518,1066429,1048010,463492,58.6
2024-04-12,224162,220348,3814,1945216,211834,1733382,4603622,4572489,3246367,3678976,36919,53540,-16621,86394,2313813,-2227419,0,0,50447,0,158405,124957,33448,1643995,1493222,150773,885513,843926,945747,786727,28290,48931,-20641,564228,220964,343264,1394318,1467038,1381953,1158811,447776,55.9
2024-04-15,252885,208784,44101,1963335,214452,1748883,6258020,5754432,3616332,3856819,35086,53870,-18784,85779,2338917,-2253138,0,0,47559,0,138553,143560,-5007,1657154,1491791,165363,1143574,1247948,1127796,1049215,35978,56288,-20310,582370,243478,338892,1707024,2106238,1458062,1343715,462502,49.11
2024-04-16,267164,185350,81814,1990979,221631,1769348,3834418,3895870,2582079,2988977,35086,54267,-19181,89770,2341304,-2251534,0,0,43025,0,125923,162314,-36391,1634803,1516902,117901,828645,720957,919998,662563,30442,56684,-26242,621884,257599,364285,1189939,1236175,1095078,988640,458615,43.69
2024-04-18,313344,181466,131878,2008184,215335,1792849,3539439,3669414,2248483,2840147,34833,54767,-19934,95452,2346040,-2250588,0,0,49775,0,99564,207050,-107486,1653985,1592125,61860,831834,606357,984380,634617,56991,61449,-4458,683001,287122,395879,1260303,1355805,1203563,1011437,504732,32.47
2024-04-19,290747,167098,123649,1979713,214300,1765413,3623771,3942067,3336657,3784520,34408,54369,-19961,97045,2334615,-2237570,0,0,53941,0,124179,227211,-103032,1673940,1558334,115606,1067630,785878,1266032,845876,41635,42291,-656,670003,313452,356551,1378492,1341948,1445172,1471406,490969,35.34
2024-04-22,294233,167897,126336,1971217,211099,1760118,4350497,4591514,4579545,4843240,33959,55762,-21803,101730,2353543,-2251813,0,0,59662,0,116259,225192,-108933,1719748,1562809,156939,1186449,958034,1309047,994819,51452,47052,4400,636290,301534,334756,1484383,1471781,1617115,1727310,495903,34.05
2024-04-23,301502,173447,128055,1977130,213001,1764129,5069729,5057926,4576545,4912812,33949,55747,-21798,109457,2369768,-2260311,0,0,65742,0,119088,228043,-108955,1708155,1517828,190327,1248939,1105200,1351477,987649,52392,49694,2698,604722,298867,305855,1418489,1574031,1534846,1628149,506931,34.31
2024-04-24,284383,154440,129943,1973261,220201,1753060,3508951,3708979,3336755,3771940,38096,54897,-16801,119306,2382916,-2263610,0,0,71894,0,105760,230153,-124393,1720531,1484073,236458,875386,633080,1037442,662598,53312,42061,11251,591122,317030,274092,1084215,1126493,1094844,1106397,481551,31.48
2024-04-25,240078,169431,70647,1880880,200713,1680167,2350609,2700489,2806394,3228203,37997,51219,-13222,85993,2371893,-2285900,100,0,72141,0,93833,147355,-53522,1731484,1408899,322585,678707,422214,901922,554486,40808,44711,-3903,466766,183618,283148,1133230,1039943,1288781,1286549,412716,38.9
2024-04-26,390292,239336,150956,2289175,234236,2054939,5834939,6228722,4395432,5532679,63364,102432,-39068,104510,2879429,-2774919,696,0,157746,0,116391,215468,-99077,1976109,1633779,342330,1318039,935063,1737493,1075326,51426,64237,-12811,598324,220674,377650,2061386,2051275,2164347,1847013,621473,35.07
2024-04-29,397453,293392,104061,2289902,236615,2053287,5545670,6225819,7422648,7993292,63021,102465,-39444,103591,2884709,-2781118,718,0,199216,0,153681,199665,-45984,2003084,1665679,337405,1543233,1105447,2116981,1483871,51816,70449,-18633,609995,219569,390426,2377661,2136016,3000937,3262619,665971,43.49
2024-04-30,365401,314933,50468,2252062,238578,2013484,4901747,5477939,4709994,5697314,62497,102572,-40075,101566,2895233,-2793667,1518,0,199249,0,201097,184671,16426,2103311,1676399,426912,1305267,768143,1835752,1053033,49181,76000,-26819,590021,236750,353271,1763450,1725900,1871565,1866213,678176,52.13
2024-05-02,360641,321595,39046,2267979,259964,2008015,4181197,4565459,3947572,4834755,62597,102642,-40045,95173,2932295,-2837122,1678,0,204337,0,214437,188822,25615,2154520,1663893,490627,1074551,662305,1379918,705324,48085,72701,-24616,588546,250066,338480,1758115,1787777,1904258,1896006,685760,53.18
2024-05-03,373547,271463,102084,2325170,239288,2085882,6758983,6926867,4307395,5536853,62597,102878,-40281,93392,2959942,-2866550,2078,0,192243,0,161677,208396,-46719,2054967,1679828,375139,1542542,1222722,1612735,961518,53818,68902,-15084,647021,241492,405529,2290789,2444803,2352226,1966228,651639,43.69
2024-05-06,386459,293334,93125,2321077,239578,2081499,8026534,8111350,5164241,6272860,62456,103496,-41040,89390,2979419,-2890029,2078,0,201066,0,175857,210895,-35038,2082915,1696377,386538,1672117,1393515,1640980,1056602,55592,72639,-17047,669703,247711,421992,2602351,2798215,2495115,2171940,680364,45.47
2024-05-07,397731,274209,123522,2297169,238170,2058999,9461618,9207802,5064610,6218931,66512,103078,-36566,96227,2986575,-2890348,2078,0,208262,0,163876,228594,-64718,2102826,1716152,386674,1929256,1678582,1854636,1170295,53015,75253,-22238,692240,247565,444675,2751701,3258269,2533272,2271554,681134,41.76
2024-05-08,431018,267123,163895,2310644,240722,2069922,7249996,7293982,4515823,5529332,66455,101868,-35413,106161,3023623,-2917462,2078,0,205422,0,152860,244108,-91248,2094189,1710195,383994,1497195,1262975,1641664,1070865,52954,90188,-37234,713129,249583,463546,2203897,2396209,2168267,1930979,703287,38.51
2024-05-09,509673,295231,214442,2340717,248450,2092267,5802476,5539929,3378003,4430584,72899,100701,-27802,113922,3048527,-2934605,2304,0,197092,0,150955,307817,-156862,2080569,1745941,334628,1006214,950979,1318799,790446,83083,112861,-29778,765030,257320,507710,2136707,2456793,2120019,1792883,816610,32.9
2024-05-10,498810,268736,230074,2322839,242145,2080694,6856531,6693614,4357649,5313385,73143,102701,-29558,119168,3047643,-2928475,2078,0,205283,0,171136,330010,-158874,2086359,1722680,363679,1257504,1249827,1547332,1083290,67579,109221,-41642,740990,256888,484102,2156310,2328982,2247539,1961128,810668,34.15
2024-05-13,498301,250160,248141,2322681,233701,2088980,6964696,6933252,5670605,6276643,76687,102084,-25397,134526,3070895,-2936369,2078,0,199169,0,187660,361361,-173701,2087699,1706825,380874,1314150,1328729,1608992,1274097,63571,112614,-49043,730237,263722,466515,2163476,2182419,2279547,2207573,826219,34.18
2024-05-14,512031,241298,270733,2345215,237245,2107970,7174425,7263873,6112281,6792162,76668,102036,-25368,142941,3072869,-2929928,2078,0,202729,0,166242,379466,-213224,2053382,1685365,368017,1506844,1341945,1601985,1127189,65246,97387,-32141,725509,271568,453941,2243694,2321223,2277780,2275424,820187,30.46
2024-05-15,521444,237879,283565,2358354,245312,2113042,6330014,6456899,4956492,5791092,76887,101833,-24946,143057,3051861,-2908804,2078,0,202729,0,150948,396280,-245332,2039531,1708980,330551,1293160,1164167,1425736,981172,75413,88700,-13287,742782,277571,465211,2158496,2162682,2154648,1967341,824692,27.58
2024-05-16,520776,239455,281321,2358343,240268,2118075,4164458,4364943,3979324,4808182,78251,101433,-23182,148877,3012499,-2863622,2078,0,202541,0,143255,402871,-259616,2020581,1734580,286001,1021935,902968,1383384,934268,90049,88572,1477,744894,285348,459546,1756624,1677184,1946672,1769471,832331,26.23
2024-05-17,523361,245164,278197,2360979,245112,2115867,5184361,5425262,5364530,6040002,78398,101147,-22749,152919,2993224,-2840305,2558,0,199561,0,158679,407526,-248847,2013900,1741333,272567,1147916,1015544,1568169,1168397,79429,86030,-6601,741747,289876,451871,1900216,1794245,2097390,2021251,839867,28.03
2024-05-21,506134,264226,241908,2369808,253841,2115967,6873094,7044479,6123377,6890099,78297,101147,-22850,159646,2989943,-2830297,2558,0,201672,0,182230,394215,-211985,2048464,1752066,296398,1560146,1419447,1776866,1347767,82001,89074,-7073,746910,328978,417932,2180075,2151947,2252746,2116795,848662,31.61
2024-05-22,512846,280138,232708,2385309,252033,2133276,5217969,5602355,5508553,6223422,82448,101093,-18645,164106,2972181,-2808075,2558,0,201672,0,176282,396048,-219766,2056274,1813869,242405,1323087,1094988,1592632,1153170,82276,76573,5703,766931,334537,432394,1918624,1764895,1995145,1921410,853852,30.8
2024-05-23,457281,332539,124742,2297787,256170,2041617,3589649,3954222,4833487,5294156,82254,104093,-21839,175355,2946202,-2770847,3533,0,206716,0,262404,360755,-98351,2127408,1752169,375239,984877,810547,1311766,951194,88788,93340,-4552,707041,353050,353991,1696947,1510237,1864193,1970812,890727,42.11
2024-05-24,451108,384277,66831,2315558,256317,2059241,5493748,5644209,5992710,6404462,89098,104093,-14995,201162,2959298,-2758136,3533,0,207548,0,310192,326050,-15858,2148508,1778444,370064,1384163,1244272,1633526,1322569,79698,115676,-35978,705698,376867,328831,1805585,1798548,1899713,2006466,930096,48.75
2024-05-27,419134,374789,44345,2245450,257303,1988147,6861058,6771452,6418956,6774194,89445,104093,-14648,211245,2978844,-2767599,3533,0,213103,0,312846,290784,22062,2235375,1733888,501487,1571919,1568816,1796911,1603806,66854,118613,-51759,658936,380971,277965,2110094,2206336,2060007,2110977,888279,51.83
2024-05-28,421645,375850,45795,2217534,255566,1961968,7902446,7727113,6468304,6831436,94975,104075,-9100,209664,2982040,-2772376,3533,0,219102,0,323480,276021,47459,2247895,1684311,563584,1810060,1749475,1930746,1692617,61107,145261,-84154,608447,361623,246824,2129645,2369096,1940166,2034265,901207,53.96
2024-05-29,433858,334944,98914,2220710,230434,1990276,6575264,6628992,4463426,5192917,105943,110245,-4302,211326,3025952,-2814626,3253,0,215847,0,257730,262936,-5206,2251152,1688670,562482,1630768,1403055,1574948,1101688,57593,146999,-89406,595245,333377,261868,1682008,1859246,1662788,1622404,855124,49.5
2024-05-30,535897,239763,296134,2174235,166763,2007472,2963580,2506230,2260048,2744009,110659,111725,-1066,128806,2931291,-2802485,3253,0,233164,0,51620,349418,-297798,2039149,1613871,425278,622980,940907,1039355,960190,78180,75450,2730,539153,169418,369735,1079573,1222249,1247467,1075835,776356,12.87
2024-05-31,561745,247842,313903,2186756,171542,2015214,4288712,3492490,3247626,3398591,111487,113711,-2224,128826,2978798,-2849972,3853,0,230575,0,62284,380651,-318367,2068556,1574688,493868,1125866,1683013,1370781,1571635,75973,69285,6688,524967,184077,340890,1512182,1755110,1566644,1445400,811489,14.06
2024-06-03,464652,276055,188597,2138879,187914,1950965,5862933,4825069,4597223,4256252,121487,112569,8918,132501,2950223,-2817722,3853,0,190735,0,128017,324961,-196944,2130913,1562202,568711,1351442,2039835,1618005,2019800,77478,78049,-571,501642,203596,298046,1884352,2237676,1876192,2006103,791634,28.26
2024-06-04,562838,229474,333364,1959601,169601,1790000,8186513,6553362,3952871,3803877,112913,102567,10346,143981,2894195,-2750214,2078,0,195633,0,60817,416196,-355379,2149257,1558884,590373,1633676,2388365,1721699,1981018,95610,83941,11669,554693,184852,369841,2499998,3380538,1797598,1882906,832178,12.75
2024-06-05,485284,238517,246767,1948690,175834,1772856,7121709,6336088,4264373,4466277,111286,102061,9225,145470,2891264,-2745794,2078,0,231811,0,83806,395413,-311607,2159759,1543886,615873,1451573,1735897,1651253,1613493,111417,55802,55615,548815,191750,357065,1866857,2370232,1835252,1902919,791793,17.49
2024-06-06,475273,266373,208900,2015286,175883,1839403,4325266,4075319,3142356,3581909,110407,102061,8346,158720,2912585,-2753865,2078,0,239811,0,75079,362505,-287426,2164751,1611792,552959,899539,897052,1012162,901055,142343,72163,70180,559173,197670,361503,1516035,1770547,1595139,1506504,803102,17.16
2024-06-07,424213,301205,123008,1969331,205414,1763917,5373262,5298415,4895835,5231353,109544,102061,7483,170658,2865828,-2695170,2078,0,247311,0,139931,332773,-192842,2177792,1562694,615098,1330767,1308006,1551868,1377851,126237,63886,62351,540022,223867,316155,1812191,1911877,1904135,1989945,799925,29.6
2024-06-10,390178,302988,87190,2030499,221594,1808905,7548573,7218965,5900080,6126602,112816,101145,11671,180136,2830562,-2650426,2078,0,209611,0,156437,300341,-143904,2113362,1568119,545243,1480794,1488909,1534068,1452118,99874,54831,45043,542383,246105,296278,2151864,2475435,2042973,2108012,759305,34.25
2024-06-11,394362,313523,80839,2063065,226746,1836319,7873401,7591134,6923851,6966805,108667,100237,8430,183939,2846325,-2662386,2078,0,189611,0,171885,297649,-125764,2118183,1599939,518244,1493482,1508785,1536069,1539181,93171,56676,36495,548606,240783,307823,2127549,2396591,2121926,2265471,768085,36.61
2024-06-12,392234,333479,58755,2084805,241676,1843129,6123184,6162539,5844500,6042603,108722,119243,-10521,186215,2837961,-2651746,2078,0,165241,0,193118,273156,-80038,2095456,1581162,514294,1435073,1287707,1610072,1454627,93623,61819,31804,554394,260071,294323,1892305,2002394,1883022,2005605,787697,41.42
2024-06-13,372405,343105,29300,2088411,259772,1828639,4556290,4679623,4504579,4808154,109045,118946,-9901,188594,2816408,-2627814,2078,0,166581,0,220308,255148,-34840,2089235,1583036,506199,1040603,865071,1186857,1029040,79882,64441,15441,556747,263771,292976,1647684,1701961,1725500,1746323,781640,46.34
2024-06-14,377551,352468,25083,2109707,259759,1849948,5151450,5496170,5845540,6239434,109027,131866,-22839,190661,2802978,-2612317,2078,0,159038,0,231456,255871,-24415,2086515,1629581,456934,1312268,999056,1626605,1326464,86540,64369,22171,574896,269461,305435,1652077,1622647,1891662,1956947,804574,47.5
2024-06-18,381387,365642,15745,2124409,264367,1860042,5725289,6374291,7259066,7707152,108651,131923,-23272,192081,2818744,-2626663,2078,0,170510,0,246244,259096,-12852,2101673,1652519,449154,1515823,996940,1792079,1290054,91637,71258,20379,609318,291851,317467,1954611,1826570,2184693,2409142,827919,48.73
2024-06-19,359845,402643,-42798,2152009,290045,1861964,5537222,6119048,6189902,6788038,103323,131923,-28600,201142,2807058,-2605916,2078,0,172342,0,289349,245290,44059,2191710,1730035,461675,1477130,990787,1831803,1365648,101212,73873,27339,625977,343700,282277,1766102,1672697,1984583,2024944,853729,54.12
2024-06-20,356702,423648,-66946,2164861,280687,1884174,4355248,4767513,5571247,5829157,95857,137643,-41786,204427,2810128,-2605701,2078,0,188186,0,305029,232564,72465,2167039,1751576,415463,1193899,926311,1433318,1251993,111630,75363,36267,650255,344191,306064,1600423,1457824,1826058,1937659,869218,56.74
2024-06-21,350478,408091,-57613,2206668,281116,1925552,6122639,6386815,6074667,6550112,96094,138097,-42003,206362,2811348,-2604986,2078,0,187141,0,302724,228733,73991,2176788,1789892,386896,1414981,1221087,1573376,1399497,94366,68741,25625,666065,373527,292538,1950460,1882256,1960687,1846262,843662,56.96
2024-06-24,343586,412800,-69214,2233321,272875,1960446,6592506,7025523,7852393,8141821,89258,146339,-57081,190365,2860591,-2670226,2078,0,228479,0,330858,229188,101670,2203890,1778360,425530,1670991,1416526,1974267,1742351,96938,72313,24625,653722,369472,284250,2143176,1966702,2174110,2345077,860640,59.08
2024-06-25,350729,474389,-123660,2278107,294369,1983738,5946712,6629153,9153083,9491632,89005,145499,-56494,180793,2875375,-2694582,2078,0,252479,0,378004,237169,140835,2251132,1810426,440706,1956710,1404304,2578585,2018269,115333,76014,39319,635740,365602,270138,2065323,1937366,2542659,3016905,933071,61.45
2024-06-26,325553,473466,-147913,2262498,296533,1965965,5409620,6023068,7042134,7570008,89289,144470,-55181,190470,2930184,-2739714,2078,0,242479,0,400618,197828,202790,2297830,1769761,528069,1926438,1430778,2242227,1764821,89242,88938,304,627055,381375,245680,1811980,1696270,1954348,2146359,904702,66.94
2024-06-27,270005,512966,-242961,2121906,279137,1842769,3696391,4081012,4598509,4867285,88320,143750,-55430,56655,2841131,-2784476,2078,0,212829,0,411066,91951,319115,2263338,1653145,610193,1052529,801195,1159936,999760,63326,84050,-20724,535906,204392,331514,1484824,1353615,1678634,1782863,832717,81.72
2024-06-28,260625,519267,-258642,2136375,287429,1848946,6334127,6466254,5530347,5929738,89836,143606,-53770,57103,2909051,-2851948,2078,0,219973,0,440244,93361,346883,2300237,1619844,680393,1304942,1015644,1363794,1175051,57629,92100,-34471,549061,226452,322609,1910165,2069414,1821395,1830720,848334,82.5
2024-07-01,280283,540700,-260417,2176195,306659,1869536,7044862,7245776,7385317,7461158,89364,143606,-54242,57026,2924877,-2867851,2078,0,224973,0,443366,93293,350073,2295539,1629189,666350,1322382,1137099,1469038,1402755,61601,97015,-35414,583027,251062,331965,2022415,2008862,2058244,2273659,874614,82.62
2024-07-02,281556,540300,-258744,2219552,299197,1920355,7857583,7938098,7275024,7453648,90005,143580,-53575,60807,2947525,-2886718,2078,0,225033,0,443680,96727,346953,2261927,1661432,600495,1422744,1295518,1391060,1384023,57583,92217,-34634,601686,235818,365868,2239910,2288699,2127228,2180674,872824,82.1
2024-07-03,275573,560357,-284784,2208357,320466,1887891,5420641,5868355,6650120,6864141,79449,143580,-64131,67849,2959536,-2891687,2078,0,225679,0,471102,92307,378795,2344381,1690553,653828,1242396,951574,1314003,1189898,68480,98360,-29880,606582,256614,349968,1690568,1535754,1907921,2043684,894604,83.62
2024-07-04,268858,564727,-295869,2220788,323790,1896998,4058927,4602285,4786693,5171501,80349,143155,-62806,74809,2965356,-2890547,2078,0,235679,0,486382,94225,392157,2331635,1696821,634814,1070395,602928,1212745,922564,65562,99044,-33482,618929,260194,358735,1581234,1507421,1645392,1786444,901151,83.77
2024-07-05,259895,540219,-280324,2222258,323806,1898452,6022367,6953905,5689834,6563141,80461,144155,-63694,87597,2992348,-2904751,2078,0,246782,0,476055,91721,384334,2360710,1725978,634732,1655570,968897,1737430,1129381,57812,98128,-40316,635675,264108,371567,1959729,1716942,1865762,1847286,874223,83.85
2024-07-08,269673,538255,-268582,2269032,330677,1938355,6969623,7497103,6046122,6760943,80408,145695,-65287,96612,2996961,-2900349,2078,0,278356,0,468797,91786,377011,2321984,1733616,588368,1777969,1104500,1697646,1217668,55545,98687,-43142,648135,274509,373626,2106708,2254775,2046463,2089976,874423,83.63
2024-07-09,268979,542091,-273112,2271067,344935,1926132,7133705,7537122,6768306,7340588,75173,151875,-76702,112484,3009443,-2896959,2078,0,336067,0,479327,93384,385943,2345618,1737692,607926,1764808,1349493,1632369,1294798,60141,96270,-36129,649849,286948,362901,2069525,2083501,2135906,2237262,883620,83.69
2024-07-10,272784,500463,-227679,2261697,334793,1926904,6243139,6741013,5118310,5998235,77708,153975,-76267,116590,3005322,-2888732,2078,0,394578,0,453115,114909,338206,2341706,1755008,586698,1464294,1032228,1393275,1019593,55819,90079,-34260,665146,290016,375130,1863460,1799730,1965560,1853895,859426,79.77
2024-07-11,277616,485702,-208086,2302726,326108,1976618,4172588,4589395,4387451,4871282,77385,153975,-76590,125539,3026855,-2901316,2078,0,394667,0,425753,119261,306492,2315691,1794035,521656,896742,762629,915632,939976,56542,78358,-21816,694839,291797,403042,1781244,1500628,1874534,1761026,837296,78.12
2024-07-12,283914,498083,-214169,2252257,350732,1901525,5439626,5846280,5774527,6234567,77461,158275,-80814,133371,3012321,-2878950,2078,0,393972,0,442399,115144,327255,2380566,1763978,616588,1129256,1101752,1230079,1245606,52122,84394,-32272,681028,320191,360837,2037326,1660254,2015998,1934403,855896,79.35
2024-07-15,293119,519740,-226621,2237937,368209,1869728,5884091,6478696,7350039,7725254,78083,153150,-75067,147715,3021357,-2873642,2078,0,394903,0,459690,111862,347828,2410878,1734773,676105,1280833,1085181,1524314,1411720,54171,100311,-46140,686147,358338,327809,2143005,1746130,2255549,2387831,885063,80.43
2024-07-16,308127,525133,-217006,2272595,364937,1907658,4821269,5483182,5620987,6283404,77797,157667,-79870,150020,3030483,-2880463,2078,0,395300,0,455157,107814,347343,2393067,1755507,637560,1076665,749357,1273969,1051230,48607,99074,-50467,710664,375419,335245,1745887,1413360,1813791,1769413,889688,80.85
2024-07-18,298497,552983,-254486,2240998,391401,1849597,3136948,3654178,3993524,4393419,77624,159667,-82043,157371,3019036,-2861665,2078,0,386492,0,513008,122921,390087,2508043,1767727,740316,827162,591217,876804,799673,57130,110688,-53558,702067,430315,271752,1455066,1175859,1535945,1599673,946259,80.67
2024-07-19,304064,516200,-212136,2174717,368110,1806607,5008277,5161263,4008943,4747821,78575,160851,-82276,161835,2984258,-2822423,2078,0,345529,0,489283,131263,358020,2516089,1760166,755923,1210053,969224,1333071,1048405,48416,112024,-63608,697943,438050,259893,1735987,1825908,1710700,1602017,920338,78.85
2024-07-22,304492,497426,-192934,2119873,345008,1774865,5508399,5590605,4542808,5063805,81205,149253,-68048,157684,3004882,-2847198,2078,0,410861,0,476829,138905,337924,2564326,1719956,844370,1620443,1281276,1399484,1067192,45316,122258,-76942,652487,424524,227963,1668547,1927586,1623715,1845871,907842,77.44
2024-07-23,320979,441128,-120149,2139184,322585,1816599,8410561,8124787,5433430,5915712,71085,149407,-78322,172177,3012607,-2840430,2078,0,384911,0,441562,158409,283153,2505796,1740540,765256,1747636,1567804,1553080,1283961,49674,134356,-84682,671776,413201,258575,2099210,2566894,1774910,1946658,883300,73.6
2024-07-24,381362,436445,-55083,2187003,326162,1860841,7520121,7542836,5316142,6013619,72928,149407,-76479,196577,3030950,-2834373,2198,0,386778,0,438666,198571,240095,2495652,1779406,716246,1603352,1246199,1746173,1280788,67719,176252,-108533,655118,397832,257286,1703344,2039980,1699547,1854233,960675,68.84
2024-07-25,394724,385894,8830,2147458,272724,1874734,4565194,4662555,3814384,4292911,72678,151347,-78669,82314,2965593,-2883279,2078,0,296904,0,262243,199827,62416,2377998,1706013,671985,950898,741993,1007710,945977,91871,84448,7423,530354,193794,336560,1468518,1582140,1612835,1492945,821516,56.75
2024-07-26,387378,440241,-52863,2139270,294869,1844401,5439361,5947421,6223938,6613926,72857,152307,-79450,88593,2992856,-2904263,2078,0,307299,0,326678,194501,132177,2416975,1655780,761195,1557049,1229605,1723392,1517789,100200,100064,136,511037,212370,298667,1959406,1780868,2006180,2129094,887113,62.68
2024-07-29,396842,442504,-45662,2182750,312476,1870274,7722111,7730769,6506877,6940535,72746,151987,-79241,106540,3015014,-2908474,2078,0,327299,0,321947,170510,151437,2390024,1643581,746443,1633978,1379697,1676123,1501404,78884,105418,-26534,521901,230144,291757,2298545,2546246,2202421,2270781,870419,65.38
2024-07-30,398528,451971,-53443,2211190,333005,1878185,7319590,7505151,6973306,7337149,72646,151859,-79213,119847,3027457,-2907610,2078,0,322299,0,324153,166636,157517,2375220,1650678,724542,1545390,1226422,1743688,1519269,80517,105378,-24861,542891,238008,304883,2162954,2298439,2150035,2332910,875844,66.05
2024-07-31,404932,472726,-67794,2238353,351327,1887026,5496277,5827433,6108559,6572582,72616,154359,-81743,129945,3035720,-2905775,2078,0,322299,0,319067,174847,144220,2386065,1670928,715137,1292186,927760,1828682,1404799,90807,85490,5317,557525,253913,303612,1629356,1664704,1846620,2128779,887422,64.6
2024-08-01,410715,497224,-86509,2232976,372779,1860197,4825018,4969949,4277159,4775289,72839,154359,-81520,136201,3010461,-2874260,2078,0,351859,0,337499,171220,166279,2414470,1677170,737300,957581,783617,1090867,948168,87214,85464,1750,549038,272275,276763,1802584,1833695,1744070,1740498,908267,66.34
2024-08-02,413211,462319,-49108,2244918,360560,1884358,7301390,7510538,4963169,5885873,67876,158263,-90387,146752,2985122,-2838370,2078,0,381379,0,336062,190953,145109,2376125,1744464,631661,1624168,1255456,1625636,1152001,83063,88677,-5614,591522,269171,322351,2175759,2337401,2071224,2003534,900212,63.77
2024-08-05,407281,430000,-22719,2182513,326361,1856152,9350891,8946976,5158834,5799666,70103,161023,-90920,146672,3021250,-2874578,2078,0,405678,0,324939,214754,110185,2412119,1768517,643602,1821325,1611687,1762677,1393161,108429,104975,3454,639342,264518,374824,2326414,2942045,1880246,2014608,910752,60.21
2024-08-06,395818,390344,5474,2197296,328911,1868385,10039718,9795711,5281826,6255077,70333,150171,-79838,148518,3029018,-2880500,2078,0,408374,0,305277,226558,78719,2413730,1789377,624353,2274269,1747500,2064652,1314270,103884,108239,-4355,654396,266634,387762,2352734,3125588,1900620,2086125,875312,57.4
2024-08-07,375378,365973,9405,2220971,332663,1888308,7384830,7636884,5252724,6379933,70431,150571,-80140,149836,3068436,-2918600,2078,0,425772,0,300216,236235,63981,2423138,1770723,652415,1864898,1217631,2167622,1209536,99519,92765,6754,640435,262558,377877,1776405,2173696,1934205,2190854,845544,55.96
2024-08-08,396055,345219,50836,2273213,330131,1943082,4972176,5029885,3653417,4663598,70381,150571,-80190,151868,3029308,-2877440,2078,0,400995,0,268276,253383,14893,2316374,1802830,513544,915306,716365,1395899,882922,103693,89232,14461,678136,257322,420814,1621289,1764599,1805162,1708953,838405,51.43
2024-08-09,361096,322870,38226,2270173,332872,1937301,6126851,6289085,5088320,6049947,69029,150571,-81542,157891,3056046,-2898155,2078,0,414523,0,271393,249116,22277,2341456,1783259,558197,1210068,991383,1604862,1114768,95624,74585,21039,666010,263353,402657,1798752,1857281,2002300,1945290,797142,52.14
2024-08-12,374996,318994,56002,2295147,343946,1951201,7335644,7478930,6385865,7174442,69070,150571,-81501,158964,3077025,-2918061,2078,0,403823,0,266312,251257,15055,2330862,1765951,564911,1262016,1097735,1617167,1255715,84722,74278,10444,666290,264341,401949,2110868,2133941,2180415,2157113,795100,51.45
2024-08-13,428637,341414,87223,2314413,352096,1962317,10031942,9752313,5601805,6572854,69089,152701,-83612,159408,3064118,-2904710,2078,0,376323,0,261196,282432,-21236,2322954,1829595,493359,1835619,1582070,2007677,1483557,103330,85705,17625,713784,264750,449034,2517265,3052521,2219618,2149012,862252,48.05
2024-08-14,425132,335491,89641,2292866,333689,1959177,4359839,4520622,3314956,4354835,69295,153689,-84394,161731,3055107,-2893376,2078,0,355099,0,261114,291661,-30547,2334384,1859707,474677,939632,682482,1317975,806546,100762,75462,25300,719302,259780,459522,1468962,1567407,1665926,1492575,856303,47.24
2024-08-16,376101,317560,58541,2250025,318753,1931272,5298129,5842106,6147930,6778279,69813,153689,-83876,169098,3085435,-2916337,2078,0,355099,0,279636,275377,4259,2381598,1796118,585480,1341930,1067527,1689840,1293999,94474,73398,21076,667908,268323,399585,1953982,1686486,2084546,2205137,820024,50.38
2024-08-19,388516,317484,71032,2282331,331727,1950604,7242301,7339969,6496519,7149756,80231,151689,-71458,180402,3097588,-2917186,2078,0,352599,0,275278,275628,-350,2383138,1795311,587827,1383243,1308158,1663947,1317735,78567,77791,776,667598,288843,378755,2045644,2025139,2030624,2076198,822592,49.97
2024-08-20,363843,327975,35868,2263041,329357,1933684,6572811,6860785,7297752,7800169,81263,147489,-66226,190174,3116749,-2926575,2078,0,352599,0,283734,257500,26234,2396442,1774784,621658,1393095,1217154,1810866,1413656,72675,68551,4124,678956,307723,371233,1908534,1798579,2007469,2254861,801515,52.42
2024-08-21,375085,334124,40961,2295380,338270,1957110,5783153,6133731,6299637,6927346,80860,147489,-66629,196161,3152514,-2956353,2078,0,355099,0,281160,263392,17768,2424031,1799344,624687,1325995,1028972,1772511,1289901,79139,71239,7900,706816,332260,374556,1688492,1637015,1796964,2006964,816244,51.63
2024-08-22,369050,331943,37107,2308894,330532,1978362,4376782,4715721,4642934,5318498,80787,147498,-66711,189026,3160045,-2971019,2078,0,355099,0,283337,258468,24869,2399669,1801526,598143,1009143,716861,1436608,995407,82988,78253,4735,737392,342878,394514,1509468,1464889,1661891,1782627,816162,52.3
2024-08-23,372036,337614,34422,2319652,328603,1991049,5688440,6004393,5336193,6172487,80703,147498,-66795,181491,3166333,-2984842,2078,0,447870,0,291135,265518,25617,2426009,1803896,622113,1446915,1234325,1817534,1414598,86145,79389,6756,747339,375659,371680,1925545,1824260,1949952,1964464,830019,52.3
2024-08-26,364715,348870,15845,2298803,325133,1973670,6535564,7023864,6880616,7586580,80516,146298,-65782,182600,3180125,-2997525,2078,0,448370,0,308522,251173,57349,2460692,1792194,668498,1678903,1416903,2004639,1492532,79687,87099,-7412,725509,370152,355357,2191095,1966873,2020037,2274550,833440,55.12
2024-08-27,345981,345438,543,2268204,326480,1941724,6843569,7201070,6888718,7591268,83133,145898,-62765,193416,3181116,-2987700,2078,0,453370,0,325809,239523,86286,2482432,1754992,727440,1628043,1451797,1962509,1474702,77426,101490,-24064,689617,371081,318536,2136796,1957619,1984862,2223489,832349,57.63
2024-08-28,305943,353851,-47908,2304816,322984,1981832,5915144,6309708,6053531,6908486,85564,144042,-58478,211216,3191447,-2980231,2078,0,436634,0,358331,224165,134166,2474521,1787583,686938,1397162,1160514,2066482,1520074,64737,92517,-27780,691547,380086,311461,1872429,1716591,1855670,1983757,814575,61.52
2024-08-29,265869,387098,-121229,2208758,263772,1944986,4098834,4550850,4161849,4842998,83646,139836,-56190,124667,3102359,-2977692,2078,0,321334,0,373947,163803,210144,2364194,1755536,608658,926698,732006,1353418,971963,59588,92313,-32725,616405,192357,424048,1637340,1382094,1730676,1752316,783050,69.54
2024-08-30,274160,418679,-144519,2232279,280554,1951725,5397270,6000012,6211302,6794416,89823,140636,-50813,134442,3148188,-3013746,2078,0,341493,0,399075,155650,243425,2418202,1755663,662539,1401593,1021925,1839486,1404121,54467,102560,-48093,616176,216694,399482,1987908,1766912,2161431,2355175,817525,71.94
2024-09-02,289182,429309,-140127,2224921,310441,1914480,7204388,7576150,6905155,7604881,108170,140636,-32466,142003,3136486,-2994483,2078,0,417306,0,408720,175482,233238,2443080,1746938,696142,1559763,1254840,1885213,1441298,57081,117726,-60645,616992,233131,383861,2215970,2151209,2366830,2528325,863153,69.96
2024-09-03,294798,435462,-140664,2225361,337675,1887686,6743540,7325079,7230386,7855042,103103,151252,-48149,141923,3143525,-3001602,2078,0,425568,0,415094,176639,238455,2455100,1688410,766690,1545081,1239949,2030474,1586130,58986,108628,-49642,610999,263773,347226,2281592,2007263,2421635,2666891,871981,70.15
2024-09-04,312902,422885,-109983,2256611,346590,1910021,6754528,7279762,6004335,6992458,103103,149652,-46549,145780,3144163,-2998383,2078,0,558068,0,408535,188820,219715,2420647,1726767,693880,1558146,1076380,1900875,1307350,60075,123258,-63183,642349,247867,394482,2037390,1996000,2291924,2455394,884615,68.39
2024-09-05,312228,402921,-90693,2293019,347449,1945570,4709685,5177916,4338582,5350363,102894,164934,-62040,151785,3164787,-3013002,2078,0,601068,0,393437,184102,209335,2385539,1744335,641204,1122360,769546,1444659,1036981,59517,116119,-56602,673618,247390,426228,1857809,1744470,2158961,2155926,868076,68.12
2024-09-06,355215,371888,-16673,2300746,340410,1960336,8843623,8733885,5103540,6255168,96394,173189,-76795,151831,3115510,-2963679,2078,0,592068,0,356479,194371,162108,2351840,1810087,541753,1871924,1610732,1941685,1499161,58761,127401,-68640,704462,242872,461590,2595940,2968948,2496284,2379248,866849,64.71
2024-09-09,330432,360862,-30430,2317276,331313,1985963,8486723,8908461,6600471,7639324,91725,158415,-66690,152327,3115590,-2963263,2078,0,599842,0,355666,199631,156035,2338480,1830411,508069,1904728,1368171,1980725,1370300,55725,114640,-58915,713234,244003,469231,2287745,2404642,2458874,2630288,833548,64.05
2024-09-10,315250,356814,-41564,2328844,321517,2007327,7879794,8363423,6852458,7859885,91725,157428,-65703,156298,3096234,-2939936,2078,0,614842,0,357004,199260,157744,2320119,1860780,459339,1873804,1352651,2048112,1443040,50127,100604,-50477,720537,247267,473270,2199525,2239127,2436385,2648872,814106,64.18
2024-09-11,323417,363952,-40535,2338394,337887,2000507,7607064,7851524,5202819,6442919,89377,157428,-68051,162025,3067459,-2905434,2078,0,604842,0,354524,203066,151458,2321764,1908014,413750,1714545,1282117,1906489,1362419,59866,102738,-42872,763572,272395,491177,2158788,2348834,2247146,2155958,827184,63.58
2024-09-12,302760,393619,-90859,2250707,361460,1889247,4095406,4798248,5162425,5960465,88321,165628,-77307,169006,3033707,-2864701,2078,0,615842,0,402674,211867,190807,2398893,1791318,607575,1180611,707234,1616873,1195805,80423,103064,-22641,698833,330954,367879,1832826,1605439,2020218,2259088,874178,65.52
2024-09-13,300885,405206,-104321,2265132,350557,1914575,5935885,6342579,6733103,7461647,102582,163636,-61054,179854,3040294,-2860440,2078,0,624592,0,405213,195902,209311,2377559,1834471,543088,1441531,1039295,1939766,1508079,65279,109215,-43936,720818,318041,402777,1802016,1799636,2062495,2390230,873959,67.41
2024-09-16,288036,403576,-115540,2294410,338823,1955587,6917761,7215632,7631412,8159595,102244,158612,-56368,182982,3050893,-2867911,2078,0,629592,0,406141,192689,213452,2353337,1865335,488002,1413387,1114315,1831532,1555787,59545,101089,-41544,751156,326834,424322,2028166,2031445,2283216,2660370,855966,67.82
2024-09-17,269274,407075,-137801,2303960,342073,1961887,6980448,7237212,7701412,8204984,103965,158212,-54247,183611,3060898,-2877287,2078,0,629592,0,412734,192482,220252,2359064,1876543,482521,1382115,1125754,1897341,1664021,62050,90254,-28204,762512,329633,432879,1995495,1997170,2304636,2663976,848023,68.2
2024-09-18,237848,390171,-152323,2259998,338581,1921417,6174665,6466574,5785058,6593745,105565,157892,-52327,186219,3053168,-2866949,2078,0,626492,0,433451,195964,237487,2368226,1858514,509712,1566606,1208891,1978878,1622401,53973,86810,-32837,775364,339544,435820,2031756,2099640,2169555,2343837,830837,68.87
2024-09-19,254543,397417,-142874,2238816,335805,1903011,5118880,5612837,4802258,5794705,106353,157892,-51539,186224,3089727,-2903503,2078,0,626492,0,426551,203090,223461,2401334,1844371,556963,1440858,941013,1746916,1254156,61889,90937,-29048,808534,365005,443529,1802371,1810337,1915028,2041833,849336,67.75
2024-09-20,248293,499342,-251049,2172286,378494,1793792,5318133,6350833,7411174,8263880,108034,157892,-49858,206538,3081313,-2874775,2078,0,626492,0,525502,166440,359062,2577289,1812062,765227,1868651,1047720,2545703,1834788,69029,127184,-58155,763644,447888,315756,2064025,1854334,2310124,2794825,950858,75.95
2024-09-23,255021,510163,-255142,2160475,366629,1793846,6878535,7689605,9226782,9709277,108002,153582,-45580,216659,3082736,-2866077,2078,0,488516,0,538431,178626,359805,2566415,1794023,772392,2085685,1203186,2819999,2057301,66591,125674,-59083,725244,425405,299839,2084646,2158153,2592584,3361303,968045,75.09
2024-09-24,272125,514371,-242246,2163412,356838,1806574,7636354,8167052,9041265,9469256,107949,153582,-45633,221206,3108522,-2887316,2078,0,384551,0,548313,209755,338558,2577102,1766364,810738,2165604,1397622,2811555,2139894,76794,127473,-50679,678705,408701,270004,1990715,2230077,2351557,2979778,1005181,72.33
2024-09-25,259328,492037,-232709,2185789,337119,1848670,6181437,7017067,7395628,7987438,108133,155082,-46949,230556,3119711,-2889155,2078,0,292540,0,523481,171430,352051,2530899,1761205,769694,1849223,1104203,2612220,1945540,56558,128951,-72393,662993,392202,270791,1906447,1817915,2105909,2473319,947500,75.33
2024-09-26,263030,500031,-237001,2053393,291947,1761446,4103265,4759722,5084598,5443137,100107,154732,-54625,101740,3039019,-2937279,2078,0,197993,0,449102,113055,336047,2534501,1650287,884214,1252753,763169,1552760,1246195,68862,113283,-44421,512737,221118,291619,1590655,1425860,1743829,1889848,881101,79.89
2024-09-27,265727,515298,-249571,2068107,289986,1778121,6855267,7495979,6083368,6775678,100190,154732,-54542,104333,3122378,-3018045,2078,0,197993,0,467414,106367,361047,2589412,1655052,934360,1955972,1134071,2148632,1531833,60508,117442,-56934,531366,225802,305564,2026190,2209457,2120473,2242955,893839,81.46
2024-09-30,261530,453932,-192402,2149018,274443,1874575,9440283,9522711,5928276,6611414,100326,156842,-56516,106446,3160201,-3053755,2078,0,182993,0,443666,105239,338427,2566428,1744754,821674,2397827,1739058,2378254,1845479,31659,121168,-89509,573832,216326,357506,2799960,3378379,2271457,2304087,837181,80.83
2024-10-01,268540,444941,-176401,2189002,278512,1910490,7495096,7937737,5209887,5995144,100392,160691,-60299,106823,3195728,-3088905,2078,0,182993,0,429647,111510,318137,2559442,1758864,800578,1900926,1269330,2121100,1532343,35151,116588,-81437,588859,211022,377837,1925671,2116704,1802689,1789182,833730,79.39
2024-10-03,331320,371655,-40335,2265568,263380,2002188,6023609,6166641,3943992,4792508,99692,166404,-66712,105342,3262548,-3157206,2078,0,170187,0,331756,168901,162855,2495456,1781399,714057,1499927,1051125,1555236,1040980,65441,121249,-55808,646144,205183,440961,1902537,2210385,1840091,1676018,828209,66.26
2024-10-04,381416,350097,31319,2272194,247547,2024647,9169589,9629733,4674832,5904155,98432,175873,-77441,106272,3298445,-3192173,2078,0,167418,0,304662,221675,82987,2481915,1802869,679046,2329790,1598613,2036459,1216258,79706,116571,-36865,682786,194306,488480,2454432,2727543,2033021,1791317,864216,57.88
2024-10-07,440566,325416,115150,2263198,247972,2015226,10127231,10256686,5122045,6306012,99853,186163,-86310,109169,3371235,-3262066,2078,0,152418,0,259401,294125,-34724,2579765,1839738,740027,2596228,1899557,2158670,1269129,110425,104541,5884,705623,198810,506813,2492015,3061309,2104758,1962750,910245,46.86
2024-10-08,451000,314163,136837,2276930,247429,2029501,9725623,10045635,6056450,7139245,113665,183924,-70259,112681,3372687,-3260006,2078,0,162418,0,245042,320037,-74995,2567838,1846691,721147,2569151,1743893,2318230,1264031,103404,94987,8417,703189,193831,509358,2242486,2749810,2106492,2240314,913111,43.36
2024-10-09,479181,309609,169572,2293836,261999,2031837,8676407,8968359,5402498,6511458,117861,183655,-65794,114197,3346037,-3231840,2078,0,164418,0,214566,343275,-128709,2567949,1877147,690802,2086362,1421265,2084230,1177635,115696,90765,24931,705458,196257,509201,2135933,2511156,2079018,2041071,927304,38.46
2024-10-10,495934,313990,181944,2335365,267870,2067495,5491121,5625910,4433470,5213921,118274,183655,-65381,115503,3364829,-3249326,2078,0,164418,0,190809,346255,-155446,2536617,1867051,669566,1360568,1069005,1643475,1218863,124380,85497,38883,710991,198726,512265,1704087,1862939,1898538,1707117,929397,35.53
2024-10-11,502780,314259,188521,2323483,266589,2056894,7321851,7557788,5098996,5986430,117837,183730,-65893,116479,3375530,-3259051,2078,0,164418,0,190569,340866,-150297,2534672,1823537,711135,1838399,1365295,1753651,1165777,114408,86739,27669,699691,208669,491022,2054949,2294194,1960174,1825032,925594,35.86
2024-10-14,490913,300389,190524,2347920,275497,2072423,7365504,7719042,6546621,7196728,116664,183714,-67050,117995,3391114,-3273119,2078,0,164418,0,183529,333716,-150187,2527425,1822741,704684,1926728,1424952,1791370,1244668,104649,77936,26713,717979,221967,496012,2026360,2176676,2159004,2220017,895755,35.48
2024-10-15,500275,306840,193435,2379886,283098,2096788,8524790,8745513,6428777,7199688,115427,184380,-68953,121415,3396597,-3275182,2078,0,160418,0,178874,336543,-157669,2508977,1837399,671578,2058114,1576594,1773561,1191189,110566,77379,33187,736555,229739,506816,2250288,2513163,2213337,2185216,905142,34.7
2024-10-16,511367,310802,200565,2402718,285525,2117193,8029339,8351678,5197140,6342845,113267,184521,-71254,120882,3418257,-3297375,2078,0,160418,0,170276,338380,-168104,2508317,1851271,657046,1916029,1261969,1922808,1021036,118610,79817,38793,756023,232887,523136,2023674,2357473,2071815,1988300,913520,33.48
2024-10-17,528833,315055,213778,2403629,294580,2109049,6211279,6261611,3944928,4995608,113667,184743,-71076,125554,3431148,-3305594,2078,0,176418,0,164379,334199,-169820,2523515,1860331,663184,1414100,1076595,1579638,910936,111718,84600,27118,778351,244990,533361,1799011,2088262,1893376,1687816,918597,32.97
2024-10-18,510454,292809,217645,2382553,281813,2100740,6411606,6829540,5919575,6581390,113452,183476,-70024,133852,3470094,-3336242,2078,0,176418,0,165441,327449,-162008,2524036,1817740,706296,1773823,1331138,1983391,1444350,93492,79105,14387,776339,247133,529206,1931297,1958126,2230768,2284412,882839,33.57
2024-10-21,507617,276723,230894,2371011,285805,2085206,8695677,8651619,6190668,7008765,114025,184449,-70424,140646,3437122,-3296476,2078,0,176918,0,162044,329758,-167714,2495682,1822088,673594,1902736,1552658,2078384,1463892,88312,81068,7244,789433,251757,537676,2196433,2592647,2174479,2147792,871998,32.95
2024-10-22,512408,292355,220053,2334645,280835,2053810,9805904,9585169,5418227,6404324,115402,181080,-65678,142866,3444196,-3301330,2078,0,172014,0,156307,327123,-170816,2524773,1840289,684484,2094584,1796783,1998733,1361162,111374,94933,16441,814187,251151,563036,2572349,3092963,2078421,1901909,895491,32.33
2024-10-23,508875,288721,220154,2312298,295620,2016678,7997188,8132371,5442423,6378445,122433,181110,-58677,143864,3467970,-3324106,2078,0,172014,0,159701,329636,-169935,2577110,1815257,761853,1848703,1396138,2038762,1302175,98122,89664,8458,808808,263233,545575,2099580,2419040,1939218,1911797,889131,32.64
2024-10-24,512833,281309,231524,2311184,301440,2009744,5361109,5586712,4491731,5283655,122283,180947,-58664,145582,3484860,-3339278,2078,0,172034,0,170416,317647,-147231,2605754,1801014,804740,1594624,1241345,1883261,1320711,85334,110963,-25629,810532,285738,524794,1640262,1770016,1713228,1655888,890866,34.92
2024-10-25,513557,266942,246615,2248022,281126,1966896,7770194,7875407,5011584,5938336,122613,177190,-54577,147033,3501685,-3354652,2078,0,173582,0,178849,308326,-129477,2703745,1838179,865566,2166803,1830661,2414928,1704354,71594,134155,-62561,815453,293263,522190,2182520,2415527,1866429,1823833,886613,36.71
2024-10-28,468401,244489,223912,2221939,280020,1941919,7982791,8385355,6326589,7168042,122536,180142,-57606,146576,3517823,-3371247,2078,0,171657,0,192641,286433,-93792,2732186,1815621,916565,2376170,1730736,2494866,1599301,69585,142099,-72514,801650,288887,512763,2110550,2355498,2033511,2259280,853163,40.21
2024-10-29,456147,259728,196419,2243028,288682,1954346,7312723,7843696,7615313,8256494,126553,180128,-53575,152608,3513871,-3361263,2078,0,180923,0,184030,275431,-91401,2758739,1819936,938803,2300690,1652369,2875664,1968779,78699,130142,-51443,778058,309944,468114,2007164,2126590,2369000,2815627,845429,40.05
2024-10-30,448032,246671,201361,2259785,265926,1993859,7485961,7725094,5761105,6761010,138625,180128,-41503,156643,3537886,-3381243,2078,0,175749,0,151650,273674,-122024,2729592,1797820,931772,1982411,1462102,2433724,1572022,64246,102080,-37834,754891,299279,455612,1840099,2123353,1906687,1944233,802553,35.66
2024-10-31,435068,221913,213155,2197337,210022,1987315,5241588,5472378,3502731,4653411,138161,170049,-31888,66021,3425080,-3359059,2078,0,171381,0,61521,214748,-153227,2654268,1680736,973532,1455970,1142284,1683734,947463,64673,92713,-28040,560236,162024,398212,1724087,1809061,1872602,1629574,699423,22.27
2024-11-01,437845,231188,206657,2472949,263653,2209296,5740024,6075515,4011299,5141197,138161,170049,-31888,69143,3880933,-3811790,2078,0,171381,0,62288,213895,-151607,3024619,1878293,1146326,1482255,1153998,1707605,996506,67851,91013,-23162,641762,185594,456168,1925338,1920182,2076552,1829134,706145,22.55
2024-11-04,471218,239191,232027,2486756,276263,2210493,7738780,7783624,5036885,5937629,139273,170364,-31091,71052,3857181,-3786129,2078,0,167881,0,71681,232568,-160887,3023303,1902296,1121007,1906482,1495229,1911832,1223085,61555,101604,-40049,654190,199561,454629,2197531,2566018,1991387,1947271,743727,23.56
2024-11-05,453896,229059,224837,2471580,289492,2182088,6522563,6917757,5940329,6601557,139788,170364,-30576,91587,3856567,-3764980,2078,0,160881,0,85528,236377,-150849,3049417,1897026,1152391,2067545,1449931,2233609,1430571,50537,93949,-43412,637229,206728,430501,1981973,2206471,2035277,2337968,729749,26.57
2024-11-06,460284,233728,226556,2488224,289879,2198345,6975465,7134812,6120106,6873088,140230,170017,-29787,111495,3852011,-3740516,2078,0,180881,0,83187,238576,-155389,3028001,1893871,1134130,2253829,1621355,2285525,1347312,53768,95148,-41380,629418,221377,408041,1818857,2294062,1987394,2353506,737469,25.85
2024-11-07,487991,235656,252335,2552031,286612,2265419,5620965,5546307,4001914,4888371,140199,169520,-29321,113415,3830113,-3716698,2078,0,170881,0,83698,257780,-174082,2988614,1965479,1023135,1521925,1226990,1645426,914756,50613,99545,-48932,650227,222083,428144,1703650,2075321,1700132,1715226,762501,24.51
2024-11-08,482715,235575,247140,2559541,298013,2261528,7652100,7599289,5065714,6032266,140583,169520,-28937,116365,3822775,-3706410,2078,0,177586,0,82969,261867,-178898,2999405,1993777,1005628,1895634,1523795,2089607,1273558,58509,97814,-39305,671221,231967,439254,2047856,2474584,1974814,2001897,764776,24.06
2024-11-11,465621,239143,226478,2558089,296682,2261407,8124594,8154609,6073367,6871802,140428,169520,-29092,119720,3810116,-3690396,2078,0,177655,0,85802,260508,-174706,2974813,2008469,966344,1913511,1556361,2165875,1455069,67646,90326,-22680,709530,246885,462645,2329928,2659141,2398547,2488573,759497,24.78
2024-11-12,494412,259867,234545,2554801,299193,2255608,9914264,9546120,5294681,6311955,140377,169520,-29143,121225,3785976,-3664751,2078,0,181303,0,86641,272013,-185372,2962882,2044216,918666,2172106,1919876,2256226,1509251,87307,107337,-20030,744826,254349,490477,3108001,3730453,2491732,2402736,808737,24.16
2024-11-13,531805,257055,274750,2509312,295335,2213977,8517802,8350028,4805312,5863857,141646,169520,-27874,121453,3793107,-3671654,2078,0,185303,0,85875,298449,-212574,2994109,2039999,954110,2065543,1721265,2436007,1593516,74396,108698,-34302,768783,265216,503567,2804842,3318972,2384078,2353327,833722,22.34
2024-11-14,548747,257619,291128,2505729,287507,2218222,5503920,5617892,3848053,4938224,142646,169520,-26874,126376,3792092,-3665716,2078,0,186915,0,92998,314348,-221350,2988718,2048195,940523,1600003,1260485,1877055,1118338,61907,104811,-42904,773002,266031,506971,2107248,2334872,2028685,1884146,846298,22.83
2024-11-18,547758,251527,296231,2495285,294192,2201093,7335797,7474801,5506107,6406834,143842,169011,-25169,129643,3795166,-3665523,2078,0,187303,0,97834,315726,-217892,3004899,2044418,960481,1868262,1604776,2013197,1380160,55775,108945,-53170,783277,279328,503949,2646788,2773348,2546585,2466198,845209,23.66
2024-11-19,516527,231285,285242,2445424,299549,2145875,6981201,7496833,4944339,6187419,143692,169011,-25319,136388,3784309,-3647921,2078,0,188303,0,99713,291250,-191537,3038722,1999560,1039162,1977287,1491173,2077909,1268989,53340,121726,-68386,761310,298426,462884,2696247,2668807,2658546,2412689,813272,25.5
2024-11-21,523696,242639,281057,2461768,299236,2162532,5488051,5566407,4259949,5060028,142027,168911,-26884,140819,3769831,-3629012,2078,0,183303,0,99807,300868,-201061,2999364,2016374,982990,1297482,1126962,1729509,1175517,60905,114017,-53112,802655,319165,483490,2035194,2129436,1994167,1931383,826435,24.91
2024-11-22,467349,229464,237885,2385335,283250,2102085,5319995,6064513,6068295,6805551,142886,168411,-25525,145500,3785943,-3640443,2376,0,202915,0,129293,283642,-154349,3102622,1928869,1173753,1823355,1298411,2376013,1676479,53962,111973,-58011,735978,371373,364605,2317882,2100684,2639484,2804677,793490,31.31
2024-11-25,406347,227383,178964,2351912,303898,2048014,6971418,7487797,7770183,8141639,144437,164311,-19874,184072,3781707,-3597635,2094,0,222915,0,150611,259298,-108687,3237846,1994232,1243614,2111627,1564740,2524494,1934527,53092,103495,-50403,719132,413125,306007,2587788,2620390,2998553,3439979,754487,36.74
2024-11-26,392573,218813,173760,2366304,302503,2063801,7410304,7881039,7668519,8263106,145301,164311,-19010,186701,3789283,-3602582,1494,0,247915,0,142108,265172,-123064,3171031,1929768,1241263,2156037,1642418,2492606,1847060,59460,91146,-31686,694512,396994,297518,2598373,2642751,2788866,3087740,739442,34.89
2024-11-27,379753,203234,176519,2377531,299921,2077610,5783296,6383636,6172587,6955077,144615,163911,-19296,200026,3812836,-3612810,196,0,252915,0,156979,292902,-135923,3153318,1896809,1256509,1859911,1293467,1985360,1331794,60689,81989,-21300,695890,417199,278691,2045084,2011384,2397744,2521735,742036,34.89
2024-11-28,409800,226466,183334,2393265,243877,2149388,4560546,4548874,3387882,4249066,143977,155211,-11234,98688,3804907,-3706219,164,0,222906,0,112880,231385,-118505,2928170,1834884,1093286,927334,849332,1296235,802764,45951,99546,-53595,655933,192388,463545,1665846,1755684,1776772,1631965,712608,32.79
2024-11-29,404075,222300,181775,2432298,266331,2165967,5232213,5603860,5096249,5776537,143472,155211,-11739,103430,3876030,-3772600,0,0,222906,0,112318,227331,-115013,2990584,1837651,1152933,1145458,1002731,1401211,955894,45673,100696,-55023,670989,217289,453700,2107124,1878204,2090295,2078230,705538,33.07
2024-12-02,409503,228922,180581,2475089,283217,2191872,6112451,6842743,6823264,7755677,144473,155211,-10738,105665,3913065,-3807400,0,0,232906,0,116731,241085,-124354,3013704,1836310,1177394,1585098,1071006,1923448,1141685,59704,105193,-45489,684891,246757,438134,2569804,2353604,2919481,3001737,730411,32.62
2024-12-03,391364,232267,159097,2492231,307209,2185022,6189749,7087686,7826092,8677704,143657,155230,-11573,109095,3895445,-3786350,0,0,252906,0,123612,220999,-97387,3013372,1839316,1174056,1758658,1176768,2055146,1255627,61857,111994,-50137,688554,261282,427272,2792671,2476624,3177655,3378468,720490,35.87
2024-12-04,387226,248644,138582,2539279,320036,2219243,6952479,7872529,7883704,8789178,143766,155230,-11464,118937,3856982,-3738045,0,0,262906,0,132697,215260,-82563,2945000,1848526,1096474,2035183,1377383,2296439,1453937,63890,108445,-44555,733367,311039,422328,3083340,2821090,3282185,3482119,727579,38.14
2024-12-05,341307,242291,99016,2490270,333398,2156872,3941314,4270182,4639650,5159388,146768,156230,-9462,125464,3843948,-3718484,0,0,262906,0,160638,206035,-45397,3052220,1858140,1194080,1231275,944281,1562527,1030221,58668,102825,-44157,694152,326620,367532,1867629,1825755,1986438,2261912,707381,43.81
2024-12-06,357851,251072,106779,2540140,342523,2197617,6534731,6725059,6272021,6825493,147600,154230,-6630,141203,3875716,-3734513,0,0,262906,0,163290,202731,-39441,3065987,1896276,1169711,1664875,1370665,1842955,1285021,59953,120661,-60708,709695,342510,367185,2165036,2268918,2305157,2572525,728694,44.61
2024-12-09,368817,250399,118418,2610214,344065,2266149,8576026,8468099,7090063,7629129,145217,153747,-8530,142983,3870756,-3727773,0,0,262906,0,162875,200569,-37694,3009969,1952784,1057185,2023370,1802218,2082961,1553914,52567,124761,-72194,748294,343855,404439,2499283,2828362,2494501,2747388,729476,44.81
2024-12-10,375004,251696,123308,2634837,348968,2285869,9357441,9154414,7393792,7846036,146510,153847,-7337,147266,3873717,-3726451,0,0,262906,0,156406,203158,-46752,2992704,1963319,1029385,2095794,2010235,2176958,1805920,51806,121025,-69219,761173,349976,411197,2705119,2993705,2649175,2830875,729726,43.5
2024-12-11,377791,253616,124175,2655663,351000,2304663,9742231,9218256,8175138,8238508,145400,153407,-8007,151382,3880497,-3729115,0,0,262906,0,156850,204618,-47768,2978937,1975872,1003065,2643963,2532816,2166226,1827336,49572,117972,-68400,773542,352155,421387,2826544,3461666,2762609,3301035,729613,43.39
2024-12-12,390151,254606,135545,2700124,335745,2364379,5271630,5349372,4582661,5245798,144748,152967,-8219,156307,3897145,-3740838,0,0,261254,0,135205,203286,-68081,2951016,2027822,923194,1278105,1162745,1530963,1144661,54017,113262,-59245,800260,346995,453265,2103047,2140665,2023716,2008135,724121,39.94
2024-12-13,364059,244826,119233,2656090,341285,2314805,5680424,6407416,6119200,6886421,143883,152647,-8764,160225,3916388,-3756163,500,0,259290,0,139706,200264,-60558,3027265,1992295,1034970,2148762,1530969,2161479,1467338,60018,109929,-49911,779680,373292,406388,2322371,2213672,2276572,2462782,707666,41.09
2024-12-16,389326,242328,146998,2694694,342158,2352536,7570928,8101612,6356756,7414212,145027,152627,-7600,161901,3925273,-3763372,500,0,249310,0,128318,203356,-75038,2994911,2013311,981600,2309301,1840026,2245395,1532955,53096,117456,-64360,806981,377745,429236,2902861,2841952,2710867,2615161,715767,38.69
2024-12-17,422750,254504,168246,2737370,338566,2398804,10821694,10451061,6312599,7112397,145199,153758,-8559,164739,3948755,-3784016,500,0,236310,0,119667,210765,-91098,2943712,2056697,887015,3186744,3062468,2158102,1620141,56110,124699,-68589,870794,372597,498197,3561132,4056541,2803272,2777745,743726,36.22
2024-12-18,452257,250395,201862,2723056,331349,2391707,12429119,11681565,6394677,6977934,145376,153398,-8022,169043,3960564,-3791521,500,0,232310,0,116654,217996,-101342,2967110,2093154,873956,4026246,4081167,2093082,1654261,49237,141735,-92498,899956,374098,525858,4334330,5027463,2558702,2646576,763524,34.86
2024-12-19,470416,258448,211968,2745755,333101,2412654,7026340,6806232,4384290,5189710,145594,153017,-7423,169750,3982935,-3813185,500,0,223822,0,116414,241758,-125344,2958839,2124731,834108,1802082,1855767,1722562,1267357,51712,130913,-79201,956439,390016,566423,2626628,2793551,2002499,1876106,784136,32.5
2024-12-20,487217,262525,224692,2716657,317595,2399062,8921942,8599350,4844458,5701012,145622,155714,-10092,176714,4002110,-3825396,500,0,227902,0,123125,271503,-148378,2983127,2148707,834420,2016330,2174820,2135422,1743739,66759,132981,-66222,977501,385587,591914,2957422,3122024,2231150,1994181,822723,31.2
2024-12-23,461574,248155,213419,2670142,317630,2352512,9938738,9307389,6440961,6727434,145573,155974,-10401,178815,4006159,-3827344,500,0,220322,0,122450,279437,-156987,3081283,2143084,938199,2367008,2620359,2230530,2040680,69320,115351,-46031,924965,388332,536633,2836927,3215425,2369842,2493541,798917,30.47
2024-12-24,449623,241537,208086,2669541,312042,2357499,6484898,6560284,5405591,6084625,140538,155744,-15206,183592,4022478,-3838886,500,0,189322,0,78880,251313,-172433,3121221,2145069,976152,2019150,1786817,2310375,1731569,66770,87217,-20447,889045,383810,505235,2036385,2193832,1977096,2066190,735811,23.89
2024-12-26,441007,211022,229985,2536941,263193,2273748,2747576,2631721,2225574,2892809,121224,154568,-33344,133430,3936847,-3803417,0,0,174079,0,45149,200027,-154878,3070623,1997533,1073090,577155,584240,969612,652583,43892,85655,-41763,638941,182362,456579,1062777,1171547,1427546,1251419,651272,18.41
2024-12-27,435712,208221,227491,2574007,268231,2305776,3180036,3120232,2590261,3207234,147128,154638,-7510,136747,3961889,-3825142,0,0,167277,0,45536,220084,-174548,3105408,2014662,1090746,680357,632088,1027180,704122,40018,85451,-45433,635692,207072,428620,1264034,1372107,1489943,1363306,668394,17.14
2024-12-30,456512,224141,232371,2594598,282637,2311961,3871226,3835779,2787257,3508974,150352,154638,-4286,141308,3998595,-3857287,0,0,163276,0,39562,236829,-197267,3157837,2035763,1122074,784230,636482,1090101,696848,52668,83486,-30818,658084,234832,423252,1436049,1619244,1614511,1449322,699094,14.31
2024-12-31,481310,237584,243726,2622810,286682,2336128,3751265,3889809,2829212,3782505,150405,153854,-3449,149959,4021545,-3871586,0,0,173276,0,41776,263838,-222062,3126066,2047045,1079021,1003029,666062,1398048,687490,70324,88539,-18215,684685,228248,456437,1346902,1545326,1689009,1619549,743815,13.67
2025-01-01,488759,228827,259932,2640198,292590,2347608,3802525,4061975,3190614,4118006,150492,153654,-3162,152792,4015584,-3862792,0,0,173276,0,43499,277695,-234196,3108566,2040552,1068014,1094329,692546,1467525,784836,63304,85878,-22574,680380,233210,447170,1480306,1622639,1845533,1774105,746054,13.54
2025-01-02,439460,218618,220842,2590307,311441,2278866,2421452,2558277,2373614,3018568,153937,153724,213,154219,4016210,-3861991,0,0,193276,0,64885,267231,-202346,3244099,2005431,1238668,719961,620019,1046469,686244,58839,77548,-18709,624568,280111,344457,1243536,1206653,1460951,1369498,717121,19.54
2025-01-03,462771,211431,251340,2616362,315163,2301199,3823984,3952263,2626682,3492254,154319,153324,995,152983,4015793,-3862810,70,0,193276,0,60264,290258,-229994,3257556,2035717,1221839,956105,922546,1231911,874269,56415,78756,-22341,623513,283741,339772,1517443,1422793,1671614,1356961,733769,17.19
2025-01-06,462533,220895,241638,2605966,322566,2283400,4713580,4558452,2664028,3517749,154781,154099,682,155408,3994640,-3839232,70,0,177076,0,62822,285299,-222477,3241505,2076510,1164995,1174890,1043964,1288557,897466,55573,75416,-19843,664008,273171,390837,1605378,1891502,1736108,1450554,735709,18.05
2025-01-07,449651,213456,236195,2592485,336701,2255784,4786182,4572262,3137327,3816069,152336,154104,-1768,163508,3993786,-3830278,70,0,175956,0,72461,293478,-221017,3268746,2069741,1199005,1161717,1092098,1256928,931818,63473,76883,-13410,660560,285071,375489,1518393,1802002,1709073,1531397,737921,19.8
2025-01-08,467032,201899,265133,2615586,342298,2273288,5160381,4769205,3384516,4000199,151298,154034,-2736,171459,4004616,-3833157,70,0,170956,0,74043,312364,-238321,3248241,2086824,1161417,1232669,1231714,1327306,1031742,66753,90829,-24076,693990,295538,398452,1603077,1995278,1768235,1619071,759126,19.16
2025-01-09,502036,213533,288503,2653979,350020,2303959,4062526,3732381,2476846,3142987,150468,154109,-3641,174362,4021971,-3847609,70,0,165198,0,64037,331866,-267829,3210373,2108602,1101771,855704,858878,1083977,790972,84409,101442,-17033,745071,303192,441879,1357851,1684892,1530496,1322559,800950,16.17
2025-01-10,519826,205748,314078,2599609,346453,2253156,4958128,4586620,2737500,3448562,147869,150458,-2589,180688,4020241,-3839553,70,0,159470,0,64563,342373,-277810,3266583,2106723,1159860,1028141,1042729,1328826,1011454,85412,119091,-33679,751889,325352,426537,1663419,2020409,1697621,1463401,817670,15.87
2025-01-13,532439,208205,324234,2539424,340272,2199152,5767268,5223701,2814082,3524981,148051,149738,-1687,188192,4048054,-3859862,70,0,154930,0,66012,361222,-295210,3348464,2147874,1200590,1377906,1315385,1585139,1099050,90426,117763,-27337,788035,327915,460120,1887185,2493343,1712451,1642571,836928,15.45
2025-01-14,524445,204901,319544,2535856,336966,2198890,5727624,5404973,3395829,4076420,149971,149738,233,189850,4101120,-3911270,70,0,161430,0,73366,368203,-294837,3395666,2125640,1270026,1480455,1274977,1632758,1104814,82368,107308,-24940,781473,339119,442354,1744450,2272649,1741098,1749881,830150,16.61
2025-01-15,519216,206343,312873,2553886,353504,2200382,6030562,5560831,3600773,4082830,150054,149738,316,195250,4092156,-3896906,70,0,161430,0,76241,366445,-290204,3442354,2142663,1299691,1463331,1436608,1543010,1198981,77493,100478,-22985,762093,365260,396833,1855842,2352366,1708243,1731646,823004,17.22
2025-01-16,510103,202961,307142,2593301,351898,2241403,4411618,4260792,2724119,3389106,169145,152948,16197,199438,4081482,-3882044,70,0,161274,0,75660,373156,-297496,3375036,2144061,1230975,1223173,1015277,1249862,735664,74108,99951,-25843,781278,371612,409666,1487979,1846771,1481678,1492163,829016,16.86
2025-01-17,524698,209131,315567,2591046,351525,2239521,5151637,4907178,2958821,3600039,179935,152948,26987,211693,4073134,-3861441,70,0,156274,0,75904,402742,-326838,3371180,2148229,1222951,1355420,1208725,1322284,884346,82066,97782,-15716,780033,381064,398969,1657263,2048487,1564668,1517661,862603,15.86
2025-01-20,518427,199997,318430,2598676,349555,2249121,5016747,4957202,3573282,4099293,180045,152298,27747,226736,4004567,-3777831,70,0,155274,0,86413,419552,-333139,3397849,2174477,1223372,1435542,1235584,1480698,1030471,82258,95296,-13038,793669,488331,305338,1758933,2018506,1630692,1710181,867143,17.08
2025-01-21,526487,210506,315981,2638181,361596,2276585,5965964,5679756,3167647,3860257,182751,152798,29953,235521,4100880,-3865359,70,0,140274,0,91228,441205,-349977,3376423,2235022,1141401,1635318,1452484,1561029,1121913,101624,97581,4043,865899,418526,447373,1922473,2391585,1719442,1606223,902090,17.13
2025-01-22,517096,206389,310707,2633843,368040,2265803,6366314,6123873,3862072,4321779,191556,152041,39515,245295,4116482,-3871187,70,0,140274,0,94786,445114,-350328,3424507,2259003,1165504,1796763,1660574,1574613,1406716,88647,88541,106,882538,442658,439880,2092481,2471181,1981331,1829796,892085,17.56
2025-01-23,511175,206868,304307,2656305,364332,2291973,5862799,6024848,3680296,4194995,191808,151091,40717,252283,4161728,-3909445,70,0,140370,0,98795,427306,-328511,3436627,2233917,1202710,1752320,1370112,1409174,1093695,78359,94872,-16513,887698,472936,414762,2015428,2235657,1861086,1802235,880137,18.78
2025-01-24,489841,200621,289220,2659491,370641,2288850,6970939,7030202,3946642,4591750,191756,150576,41180,257407,4175447,-3918040,70,0,140370,0,105790,415460,-309670,3446700,2239423,1207277,1876574,1716075,1617940,1301178,82037,102767,-20730,917280,495367,421913,2300008,2401314,1931350,1743374,869424,20.3
2025-01-27,470098,194192,275906,2581475,357212,2224263,7890776,7832496,4189658,4747834,180357,146212,34145,263449,4168096,-3904647,70,0,134370,0,113308,384508,-271200,3486885,2240461,1246424,2076538,1906013,1717472,1471682,74796,113647,-38851,894627,460667,433960,2553187,2782062,2085810,1907795,838559,22.76
2025-01-28,418141,161501,256640,2529108,341548,2187560,6894124,7575769,5271024,5651996,134226,114368,19858,271242,4174243,-3903001,70,0,123808,0,117497,354183,-236686,3545498,2257197,1288301,2087027,1700137,1996036,1828025,62226,102038,-39812,892117,464977,427140,2586806,2292121,2318108,2228954,732090,24.91
2025-01-29,375392,145543,229849,2510152,327533,2182619,6295570,7246718,5616475,6120773,99472,62018,37454,284768,4162113,-3877345,70,0,102475,0,110646,334836,-224190,3576994,2245262,1331732,2323469,1719264,2281236,1922429,52651,95764,-43113,856323,493329,362994,2687308,2340435,2564028,2521013,638161,24.84
2025-01-30,243116,93829,149287,2474001,260125,2213876,997086,1011292,864123,1061247,68071,49295,18776,145366,4005566,-3860200,70,0,27664,0,24718,197727,-173009,3424273,2272783,1151490,404897,389723,416492,286397,32653,27707,4946,691205,196371,494834,451854,452892,474976,435610,368558,11.11
2025-01-31,239269,97770,141499,2446913,258454,2188459,1541567,1414723,1505308,1573407,70858,55704,15154,152517,4031547,-3879030,70,0,31690,0,27141,201383,-174242,3420894,2197180,1223714,561236,655586,511026,485316,46427,28838,17589,669061,202204,466857,663882,696446,639844,629144,383695,11.88
2025-02-03,244573,98840,145733,2508631,298023,2210608,2741422,2529125,2150769,2226935,68365,49328,19037,185901,4038400,-3852499,1920,0,31690,0,24408,208525,-184117,3426291,2235678,1190613,685051,870383,628750,640782,44093,24746,19347,714166,262888,451278,960235,989120,949296,892788,381439,10.48
2025-02-04,222854,88359,134495,2456442,308199,2148243,2358751,2301149,2771409,2634415,68219,59314,8905,202202,4024616,-3822414,1920,0,31677,0,38700,192104,-153404,3447168,2134012,1313156,697341,785944,687826,735818,33955,23951,10004,652797,291782,361015,903199,874118,898254,1018933,363728,16.77
2025-02-05,221739,88790,132949,2483848,306001,2177847,2869028,2689900,2820133,2685066,68115,59314,8801,215736,4028023,-3812287,1920,0,31677,0,42167,191515,-149348,3427784,2151850,1275934,768846,909107,749243,852227,29584,21986,7598,657968,299462,358506,1098185,1138973,955625,1019385,361605,18.04
2025-02-06,227763,87919,139844,2543657,308087,2235570,1517474,1564873,1394307,1618212,68084,59364,8720,220528,4045352,-3824824,70,0,21614,0,38444,194579,-156135,3429465,2256981,1172484,524891,508875,542163,389933,30343,22772,7571,706047,289277,416770,768222,736909,684908,634846,364634,16.5
2025-02-07,226215,87421,138794,2552442,313942,2238500,2106339,2194692,1614047,1891898,68477,57794,10683,223119,4057831,-3834712,70,0,16219,0,38229,200697,-162468,3450833,2276138,1174695,561804,524497,598457,426563,34740,21749,12991,718863,297346,421517,957092,906116,810079,720342,367661,16.0
2025-02-10,236141,90960,145181,2580403,321625,2258778,2592148,2679242,1758575,2097821,67838,56124,11714,225123,4085235,-3860112,70,0,14619,0,36690,210176,-173486,3435202,2295100,1140102,586643,537302,643738,448660,40429,23838,16591,756673,295441,461232,1132243,1094560,904652,775105,381098,14.86
2025-02-11,247832,101371,146461,2587179,316601,2270578,3129276,3132280,1824215,2173601,68319,52564,15755,228866,4119358,-3890492,70,0,14247,0,36747,221195,-184448,3442298,2317411,1124887,637865,586643,692555,479464,52296,30064,22232,798217,303190,495027,1197906,1246194,974654,852607,405194,14.25
2025-02-12,246805,102907,143898,2580437,317539,2262898,3270916,3209342,2184107,2443651,76172,49949,26223,225417,4171479,-3946062,70,0,14984,0,40458,227279,-186821,3481825,2304700,1177125,656495,618351,673625,475534,47086,30386,16700,811663,305624,506039,1132786,1232575,983371,936902,410521,15.11
2025-02-13,244028,104464,139564,2575771,331209,2244562,1990433,2003181,1435712,1760017,75908,49949,25959,231941,4174346,-3942405,70,0,14984,0,42684,226273,-183589,3485053,2283556,1201497,480817,431133,554308,336740,47732,29666,18066,819865,323519,496346,831117,868123,787184,695431,410352,15.87
2025-02-14,249010,106408,142602,2544016,332810,2211206,2647115,2713633,1649498,2055260,75443,53069,22374,232846,4193471,-3960625,70,0,14984,0,43202,232541,-189339,3507963,2295709,1212254,566240,512163,640303,378651,57149,32786,24363,876528,339363,537165,1088290,1075919,914866,785739,424804,15.67
2025-02-17,248720,107978,140742,2547814,337330,2210484,2697977,2824371,2037938,2384336,74382,53077,21305,235188,4244655,-4009467,70,0,14984,0,44423,230123,-185700,3546805,2286860,1259945,573802,524490,649153,389979,55606,31953,23653,892802,353764,539038,1112351,1035339,966171,893931,423131,16.18
2025-02-18,247754,105138,142616,2545815,341555,2204260,3031844,3126118,2133637,2508396,73748,53012,20736,239502,4230890,-3991388,70,0,14984,0,43508,230840,-187332,3546932,2288206,1258726,591630,545230,678049,405155,57198,33218,23980,901948,373546,528402,1148028,1100224,981614,894732,422208,15.86
2025-02-19,248354,104447,143907,2561036,335773,2225263,3180520,3218484,2340374,2637113,76663,51212,25451,239654,4249252,-4009598,70,0,14984,0,44770,230303,-185533,3563970,2288350,1275620,627494,568668,672286,404278,52519,36344,16175,926790,418075,508715,1160933,1181865,974243,960495,422306,16.28
2025-02-20,250698,103887,146811,2552153,334557,2217596,2262692,2271099,1656854,1998247,81057,51208,29849,244512,4249869,-4005357,70,0,14984,0,43775,235979,-192204,3582076,2273554,1308522,504014,466784,576591,313549,54336,38792,15544,932413,453174,479239,841633,870526,830455,767087,429866,15.65
2025-02-21,253223,114331,138892,2566432,333507,2232925,2881504,2889335,1851496,2267062,80041,51208,28833,247202,4244883,-3997681,70,0,14984,0,41129,234020,-192891,3572785,2286792,1285993,581744,555308,662780,383346,61668,36502,25166,917361,438598,478763,1039151,1057826,942342,821193,436061,14.95
2025-02-24,263109,114389,148720,2559418,336493,2222925,3484830,3367981,2106559,2452214,80328,51018,29310,247948,4282387,-4034439,70,0,12984,0,44402,245292,-200890,3592999,2280952,1312047,826414,822725,872668,590312,61651,38791,22860,889517,390050,499467,1151727,1272335,978980,928665,449490,15.33
2025-02-25,258745,109970,148775,2531703,327100,2204603,3363739,3253671,2269564,2517199,80604,55018,25586,250082,4277499,-4027417,70,0,10984,0,51630,251208,-199578,3606249,2259825,1346424,905778,903430,1028325,771324,64812,39595,25217,843346,366956,476390,1173816,1286302,969450,989801,455791,17.05
2025-02-27,216890,80600,136290,2357766,286825,2070941,1229145,1359503,1053687,1402435,79508,53018,26490,160669,4113598,-3952929,70,0,10735,0,41784,215318,-173534,3486150,2086503,1399647,393097,310606,489910,228293,42267,31513,10754,677348,195007,482341,527320,479523,560261,483866,380449,16.25
2025-02-28,237356,92027,145329,2380118,281168,2098950,2169993,2279534,1357063,1750673,86986,47435,39551,167332,4195062,-4027730,70,0,13902,0,41136,229727,-188591,3574400,2116610,1457790,531870,468611,676796,432487,43745,40034,3711,697837,226847,470990,913507,867295,862390,726990,409223,15.19
2025-03-03,242627,100768,141859,2426210,335702,2090508,2391529,2550391,1722564,2033460,87681,44305,43376,170227,4231662,-4061435,3470,0,13977,0,43895,231687,-187792,3635110,2129942,1505168,579075,515981,705798,472525,48939,46382,2557,701266,235507,465759,1082269,989971,907202,843556,423142,15.93
2025-03-04,248728,101527,147201,2455631,379363,2076268,2526253,2748345,2022491,2375806,87912,41005,46907,171463,4234839,-4063376,4870,0,13050,0,46943,234366,-187423,3653109,2103486,1549623,653091,518692,802644,485956,42889,49574,-6685,689366,251881,437485,1110461,1027638,959716,936139,426472,16.69
2025-03-05,250774,101860,148914,2473896,402844,2071052,2425090,2699005,2536434,2809123,89196,41538,47658,176820,4237113,-4060293,4870,0,13593,0,48788,233366,-184578,3652948,2075972,1576976,732056,577455,895318,598436,42206,54200,-11994,689028,276763,412265,1220434,1105990,1142322,1180109,430964,17.29
2025-03-06,242505,100936,141569,2473178,418660,2054518,1501303,1787758,1695092,2011331,98910,42636,56274,183894,4202795,-4018901,4870,0,12093,0,51135,225490,-174355,3636896,2035968,1600928,532055,385016,658914,392152,38024,61512,-23488,664807,301352,363455,925632,791086,926169,888785,430574,18.49
2025-03-07,241454,100737,140717,2500186,440750,2059436,2030884,2323134,2096607,2436254,98954,44236,54718,190358,4188027,-3997669,4870,0,12093,0,51584,227742,-176158,3611711,2037483,1574228,657621,474837,837641,520415,38629,57906,-19277,679626,315621,364005,1103988,999392,1072410,1062082,430621,18.47
2025-03-10,249674,113513,136161,2514436,468326,2046110,2556477,2750477,2114269,2501703,98694,44369,54325,194908,4154517,-3959609,2175,0,14209,0,51147,230626,-179479,3590713,2037240,1553473,750958,555812,882920,548702,38288,49295,-11007,706816,346790,360026,1172812,1176133,1089316,1050309,437803,18.15
2025-03-11,253917,116552,137365,2518077,482776,2035301,2588445,2873879,2622791,2985590,103611,44602,59009,197218,4168162,-3970944,2126,0,14318,0,51820,230791,-178971,3609627,2059159,1550468,833821,583037,1042012,634059,38456,55859,-17403,724842,339667,385175,1205906,1173382,1227349,1286820,447804,18.34
2025-03-12,256338,112916,143422,2534538,507409,2027129,2973341,3146060,2654904,2954076,103755,44602,59153,204614,4147923,-3943309,1575,0,14277,0,51136,234617,-183481,3622467,2061375,1561092,881065,662085,1077536,689396,38367,57461,-19094,717153,362065,355088,1242652,1290488,1184558,1287803,449596,17.9
2025-03-13,254107,114733,139374,2551598,511649,2039949,1935052,2088672,1798684,2147574,106255,43494,62761,214264,4130985,-3916721,1202,0,14153,0,55534,239568,-184034,3607434,2082976,1524458,628016,482139,741833,447640,36805,54906,-18101,725592,373278,352314,948414,941873,957579,917034,452701,18.82
2025-03-17,250012,115920,134092,2556895,520936,2035959,2250939,2591513,2331364,2666397,106341,43494,62847,228146,4170703,-3942557,926,0,14153,0,58092,229976,-171884,3641486,2060010,1581476,725575,516694,886098,582235,36835,61890,-25055,724853,399731,325122,1216956,1086189,1138764,1121748,451280,20.17
2025-03-18,237453,126480,110973,2524799,524267,2000532,2179393,2570649,3195964,3245059,107513,43833,63680,235184,4165414,-3930230,590,0,18153,0,65115,206226,-141111,3669200,2027378,1641822,801355,600888,906678,662948,39678,73220,-33542,721480,433604,287876,1285587,1095388,1284013,1496800,449759,24.0
2025-03-19,226785,132125,94660,2510922,527298,1983624,2449500,2819189,3351297,3404766,112186,41833,70353,244764,4139933,-3895169,475,0,23953,0,74278,202668,-128390,3668225,2020349,1647876,909741,626941,955048,663688,40009,76632,-36623,730831,467162,263669,1272240,1185826,1268875,1530718,453258,26.82
2025-03-20,207628,136007,71621,2464396,537801,1926595,1880654,2158176,2387928,2444728,114276,39897,74379,249200,4086698,-3837498,388,0,24953,0,81120,192190,-111070,3699508,2005551,1693957,684160,496670,743274,550034,36946,71876,-34930,733963,517017,216946,1002663,913019,993358,1154752,439970,29.68
2025-03-21,191804,140234,51570,2430828,549056,1881772,2232165,2530187,2957711,2966754,113985,39043,74942,258844,4071867,-3813023,321,0,24953,0,84446,181161,-96715,3747290,2023550,1723740,816239,647010,873970,737651,35717,65514,-29797,768910,561399,207511,1182561,1054089,1128616,1280844,425952,31.79
2025-03-24,181946,138895,43051,2398631,543521,1855110,2376823,2590261,3236521,3182634,113071,42700,70371,266901,4055382,-3788481,281,0,27779,0,85847,181343,-95496,3752018,2014783,1737235,916649,801996,994522,917374,45283,63209,-17926,746779,550643,196136,1292978,1194474,1342658,1501472,426147,32.13
2025-03-25,185590,146893,38697,2380548,547491,1833057,3135964,3185872,3252047,3298030,105147,42893,62254,260460,4031619,-3771159,137,0,53703,0,87457,178061,-90604,3785672,2024136,1761536,1054118,904190,1116435,932537,55866,66213,-10347,713354,536788,176566,1290131,1390289,1227904,1419522,434060,32.94
2025-03-26,184778,143235,41543,2380818,553956,1826862,3368700,3465906,3027090,3170929,104363,40255,64108,273056,4049334,-3776278,101,0,56117,0,85611,169344,-83733,3795529,2023719,1771810,1154735,928628,1143462,876464,43202,65120,-21918,724879,547273,177606,1467682,1596684,1212474,1391749,417954,33.58
2025-03-27,139548,130712,8836,2249584,483067,1766517,1391099,1558619,1364232,1578492,98456,40385,58071,151326,3940939,-3789613,70,0,69034,0,60054,90609,-30555,3604424,1997461,1606963,389855,237666,462358,265151,26500,62852,-36352,648982,232849,416133,782608,767347,680067,732047,324558,39.86
2025-03-28,147847,125039,22808,2308208,486145,1822063,2055302,2119721,1730962,1891638,98524,40485,58039,166244,3959119,-3792875,70,0,66034,0,57268,106275,-49007,3598796,2034362,1564434,522689,447317,657809,507011,24623,56463,-31840,666934,260556,406378,927169,938191,780452,836607,328262,35.02
2025-04-01,133199,101667,31532,2254925,411288,1843637,2917069,2812296,1890704,2070779,98598,31530,67068,171035,4010110,-3839075,70,0,65034,0,52618,119196,-66578,3607974,2022970,1585004,734407,661834,764881,565955,18488,50510,-32022,677822,267388,410434,1014709,1192125,887478,971362,302903,30.62
2025-04-02,126530,101002,25528,2178951,363374,1815577,2785031,2720587,2526194,2550073,100831,31780,69051,177274,4036122,-3858848,27103,0,74292,0,57222,119551,-62329,3635983,1983462,1652521,791731,770224,807159,714252,17031,49281,-32250,656921,266171,390750,1146246,1259300,1119442,1262762,301614,32.37
2025-04-03,130655,99983,30672,2224997,372012,1852985,1509366,1701607,1561620,1816360,108230,31780,76450,182243,4042907,-3860664,70,0,61796,0,55484,128674,-73190,3617374,2006554,1610820,541358,314625,616140,375572,17514,51446,-33932,673321,276462,396859,685101,719664,738805,786428,311883,30.13
2025-04-04,138245,97731,40514,2248089,366336,1881753,2665107,2862575,1830648,2241163,107558,31837,75721,211327,4021448,-3810121,70,0,73186,0,59842,146434,-86592,3600846,2072022,1528824,876183,594554,803645,448198,17622,47265,-29643,708494,308950,399544,947178,1031408,796801,814919,323267,29.01
2025-04-07,141352,103397,37955,2161044,342342,1818702,2449794,2717023,1528976,1959304,104612,27995,76617,238321,4076546,-3838225,70,0,57296,0,54417,162032,-107615,3640186,2063933,1576253,968628,630978,920621,518369,36422,43379,-6957,754458,311188,443270,1199408,1269898,910851,940072,336803,25.14
2025-04-08,138801,103741,35060,2179522,349145,1830377,2514336,2901378,1868823,2480970,107388,28235,79153,253925,4075748,-3821823,220,0,55897,0,51486,160615,-109129,3631179,2062941,1568238,1166267,636350,1170381,562782,31534,36618,-5084,749730,326522,423208,1159617,1302712,957712,1009060,329209,24.27
2025-04-09,147877,104917,42960,2209511,361315,1848196,1716032,1912952,1205481,1669147,106642,27969,78673,267990,4079583,-3811593,310,0,47476,0,44013,159848,-115835,3626565,2080097,1546468,736429,411806,845424,409603,30353,36151,-5798,764166,347237,416929,813910,941922,791546,811176,328885,21.59
2025-04-11,142419,105034,37385,2226898,364700,1862198,1804583,2167929,1495299,1991681,105970,27969,78001,276924,4128865,-3851941,475,0,40349,0,52112,153346,-101234,3693538,2067460,1626078,954325,522031,987474,465574,27906,42058,-14152,754617,390952,363665,854217,923640,865440,931306,328407,25.36
2025-04-15,133789,101001,32788,2196871,389719,1807152,2288549,2479855,2173096,2362416,106919,27878,79041,283195,4098530,-3815335,475,0,42667,0,56255,143602,-87347,3738114,2038117,1699997,906456,707648,872292,634744,26174,50656,-24482,745391,437205,308186,1043639,1051616,940596,1031490,323137,28.15
2025-04-16,130774,99694,31080,2217179,411093,1806086,2296746,2644240,2463343,2722095,107318,27778,79540,302249,4037246,-3734997,475,0,51067,0,56156,142225,-86069,3735114,2059538,1675576,936773,632071,871790,548563,26129,50680,-24551,758834,505499,253335,1142237,1099920,1026130,1141672,320377,28.31
2025-04-17,126867,110606,16261,2188468,431519,1756949,1477989,1754932,1834799,2053227,106642,28553,78089,321282,4007771,-3686489,475,0,50567,0,60033,143306,-83273,3832190,2082184,1750006,698180,468658,726542,470026,32074,43151,-11077,765049,585515,179534,871257,824311,912019,1000673,325616,29.52
2025-04-21,131978,123879,8099,2180683,437633,1743050,2267215,2402285,2724059,2764331,105535,28593,76942,348271,3992597,-3644326,475,0,59762,0,66585,143855,-77270,3882777,2127072,1755705,898066,729136,900352,727194,42322,50093,-7771,738732,593161,145571,999882,1034216,1121010,1313658,346420,31.64
2025-04-22,136665,132995,3670,2183057,442281,1740776,2586151,2699349,2966124,3024276,104170,31758,72412,370089,3982472,-3612383,525,0,62302,0,67276,145611,-78335,3938634,2190045,1748589,927915,770274,995954,835070,53593,51340,2253,743324,620306,123018,1155304,1200271,1154137,1319170,361704,31.6
2025-04-23,136201,133225,2976,2139341,434241,1705100,2916499,3014828,3184366,3216097,103982,33461,70521,408850,3973239,-3564389,499,0,71002,0,68912,139683,-70771,3956970,2138172,1818798,1068507,922454,1119334,1020109,45776,48502,-2726,710609,670118,40491,1339221,1387444,1336159,1474655,354871,33.04
2025-04-24,107750,128621,-20871,2042226,345695,1696531,1168353,1364754,1215752,1392905,101735,33923,67812,184137,3829258,-3645121,70,0,44614,0,55516,80356,-24840,3694179,2062236,1631943,386837,190827,428577,250793,20154,42255,-22101,566292,249645,316647,541778,541458,521003,566247,285155,40.86
2025-04-25,111063,128604,-17541,2012081,352996,1659085,1965180,2067752,1624557,1703225,98422,33846,64576,202594,3832817,-3630223,70,0,50715,0,53607,88833,-35226,3737502,2090063,1647439,496666,460503,523402,517043,22486,34295,-11809,598182,274483,323699,837429,771091,766693,745099,285578,37.63
2025-04-28,116102,143073,-26971,1996801,366460,1630341,2023923,2173469,2316875,2269252,91782,38293,53489,209696,3876004,-3666308,70,0,50715,0,62890,85666,-22776,3790565,2058230,1732335,539129,494406,709134,746096,30871,34613,-3742,598265,294633,303632,870793,766040,981599,1042976,301645,42.33
2025-04-29,118393,142096,-23703,2013294,374309,1638985,2640241,2673642,2433931,2388692,88477,44123,44354,213628,3870820,-3657192,70,0,46215,0,69575,87472,-17897,3810157,2081350,1728807,691391,709186,712810,758885,30428,33182,-2754,592685,303285,289400,1079460,1028333,962040,1007419,306873,44.3
2025-04-30,115435,145270,-29835,2004405,387084,1617321,1268603,1558410,1392617,1561814,87283,45848,41435,215859,3885764,-3669905,70,0,46215,0,75093,85093,-10000,3851423,2081332,1770091,472395,278615,471444,383056,30717,32317,-1600,600097,317604,282493,712765,616808,780045,745451,308528,46.88
2025-05-02,115991,142938,-26947,2013858,385763,1628095,1947661,2116218,1677775,1816322,84312,42617,41695,222211,3905341,-3683130,230,0,42515,0,76566,85054,-8488,3863497,2094466,1769031,615810,541595,568051,531700,25361,31621,-6260,598650,312646,286004,867682,773570,841614,781932,302230,47.37
2025-05-05,117710,144584,-26874,2017480,390961,1626519,2397309,2483885,2267613,2210940,84314,43812,40502,222849,3941781,-3718932,230,0,42515,0,79468,84337,-4869,3881795,2066519,1815276,688615,691644,586039,671275,27672,36431,-8759,602755,325618,277137,995877,906502,1023829,1037781,309164,48.51
2025-05-06,113610,143841,-30231,2014775,398983,1615792,2657939,2812231,2227468,2349332,82591,43812,38779,231400,3914875,-3683475,70,0,56326,0,84387,87034,-2647,3898468,2085996,1812472,751542,714046,695590,690667,26784,32685,-5901,606237,351026,255211,1121915,1005190,1163108,1102493,307372,49.23
2025-05-07,115376,137177,-21801,2003878,400338,1603540,2736527,2915391,2501876,2573860,76784,41984,34800,230460,3963000,-3732540,70,0,53282,0,83473,83015,458,3922361,2065874,1856487,785188,754996,772772,786397,23408,36865,-13457,621740,349227,272513,1261225,1112623,1227900,1195573,299041,50.14
2025-05-08,107666,142248,-34582,1994623,403036,1591587,1459088,1805140,1257880,1578703,76763,34315,42448,235668,3928661,-3692993,70,0,58097,0,89606,82142,7464,3928529,2093220,1835309,611997,338540,724421,459529,21912,37242,-15330,631725,365628,266097,765107,692582,807521,809687,295947,52.17
2025-05-09,112445,132935,-20490,1976021,382957,1593064,1821662,2093467,1474914,1692385,86635,27456,59179,243041,3966636,-3723595,70,0,58497,0,77186,84606,-7420,3884178,2064471,1819707,704650,526867,720011,531066,17837,49106,-31269,637813,326989,310824,879730,785777,800921,830891,294103,47.71
2025-05-12,125063,143176,-18113,1983846,388817,1595029,1784929,2118624,2192007,2416587,83392,30566,52826,243342,3990311,-3746969,70,0,52649,0,80301,80148,153,3962710,2034572,1928138,774531,566411,869014,687352,19452,54318,-34866,603998,380196,223802,997632,872129,1141999,1151730,308208,50.05
2025-05-13,146838,124763,22075,2081195,380923,1700272,2790323,2941706,2110138,2371495,83800,35187,48613,236241,4016987,-3780746,70,0,48678,0,54961,91461,-36500,3887954,2066517,1821437,833886,707625,956897,787025,15598,49786,-34188,618139,359102,259037,1267354,1242302,1038328,995520,301197,37.54
2025-05-14,138345,122578,15767,2104925,392390,1712535,2952350,3201441,2416037,2629415,83742,35321,48421,242778,4036915,-3794137,70,0,48637,0,56759,91562,-34803,3890500,2069043,1821457,825042,685504,945278,797779,16602,45987,-29385,635304,375159,260145,1353306,1243824,1101050,1083809,295448,38.27
2025-05-15,136977,135823,1154,2077482,417959,1659523,1603399,1845757,1734767,1938390,79399,48751,30648,246922,4041588,-3794666,70,0,45637,0,70023,83544,-13521,3949363,2027907,1921456,608418,423710,729360,526196,25367,43648,-18281,627055,413368,213687,745769,688188,759416,804594,311766,45.6
2025-05-16,143410,132309,11101,2113161,410789,1702372,2109364,2325031,1931880,2125888,79181,47151,32030,253030,4065895,-3812865,70,0,46637,0,64538,87773,-23235,3933185,2040502,1892683,702642,535494,762939,595298,22011,41907,-19896,646018,428208,217810,912144,863696,801327,821596,309140,42.37
2025-05-19,143387,134331,9056,2142451,417543,1724908,2606760,2764459,2082088,2275405,79421,48216,31205,262771,3997666,-3734895,70,0,49037,0,64745,88243,-23498,3899659,2065644,1834015,799875,640653,774956,595415,23264,40027,-16763,661308,485336,175972,1063880,1065474,820511,855772,310817,42.32
2025-05-20,162424,127201,35223,2174474,412236,1762238,3137464,3362991,2121934,2370569,82434,65752,16682,275580,4093011,-3817431,70,0,47437,0,55387,94135,-38748,3855700,2084107,1771593,871660,698940,827213,627682,30355,43512,-13157,698362,414762,283600,1402716,1349978,848235,846569,330600,37.04
2025-05-21,169860,126290,43570,2169595,428234,1741361,3021900,3436940,2299671,2639709,82436,82511,-75,278473,4098855,-3820382,70,0,48254,0,55963,93552,-37589,3882569,2084093,1798476,851774,571854,912881,630033,36314,42220,-5906,707825,427280,280545,1365649,1230599,981256,972320,344573,37.43
2025-05-22,180017,115177,64840,2215846,417786,1798060,1970309,2126466,1564460,1848530,82701,85858,-3157,280472,4127418,-3846946,70,0,48254,0,48897,104206,-55309,3858553,2119519,1739034,604318,437499,689688,459545,36587,42961,-6374,737814,427962,309852,793591,804324,681886,676213,348202,31.94
2025-05-23,177228,118281,58947,2187588,401963,1785625,1995255,2432302,2056941,2386341,82709,88923,-6214,283789,4140864,-3857075,70,0,48654,0,52567,106764,-54197,3887844,2103869,1783975,712928,468598,762030,516600,41749,40285,1464,727345,439870,287475,1004947,812301,948320,913005,354253,32.99
2025-05-26,178404,120087,58317,2194037,401250,1792787,2111432,2649198,2149226,2622688,79474,92523,-13049,296363,4145379,-3849016,70,0,45628,0,58418,109730,-51312,3902849,2103516,1799333,838650,477265,881553,520078,43636,37592,6044,707893,450997,256896,1121339,945028,1051964,985605,359932,34.74
2025-05-27,181980,116169,65811,2243618,381985,1861633,2640473,3229501,2013001,2633663,83097,73308,9789,300075,4190398,-3890323,70,0,45335,0,56668,124087,-67419,3918735,2150736,1767999,1006189,623927,1005050,557185,30400,38581,-8181,711803,451112,260691,1404109,1197413,1138279,1010816,352145,31.35
2025-05-28,190883,118440,72443,2275668,367797,1907871,3282376,3428797,2281756,2508601,83883,71408,12475,319557,4193047,-3873490,70,0,45335,0,53684,132671,-78987,3886244,2180814,1705430,766906,647527,841639,678614,35291,41222,-5931,744601,484412,260189,1340829,1313857,1026876,1008391,363741,28.81
2025-05-29,163518,105626,57892,2182092,294081,1888011,1395059,1495661,1092250,1296173,76697,40378,36319,167642,4084561,-3916919,70,0,10901,0,25371,103334,-77963,3728862,2101835,1627027,289700,223969,333194,208425,16354,32602,-16248,621427,219546,401881,536182,501381,525790,457537,281940,19.71
2025-05-30,171398,109608,61790,2264334,306656,1957678,1936644,2173570,1391621,1690989,77035,41978,35057,176246,4147159,-3970913,70,0,10901,0,26158,109842,-83684,3695772,2078841,1616931,435738,303930,451396,282038,19518,32681,-13163,650574,254270,396304,814102,709054,704211,585101,294109,19.23
2025-06-02,172394,110418,61976,2288680,317254,1971426,2044640,2504714,1596213,1991592,77035,36606,40429,185322,4180004,-3994682,70,0,10901,0,26663,115729,-89066,3686593,2063642,1622951,547183,343040,579674,317347,18025,31364,-13339,659082,258777,400305,1049652,793791,901229,779079,294117,18.73
2025-06-03,181370,111981,69389,2347890,315589,2032301,2920416,3187497,1719103,2025650,80002,34766,45236,186713,4209450,-4022737,70,0,10901,0,25786,128940,-103154,3674315,2094864,1579451,582147,452500,634210,432941,21169,32640,-11471,690426,279441,410985,1317809,1180446,867204,772827,308327,16.67
2025-06-04,184832,116197,68635,2379135,330289,2048846,2919692,3222588,1981635,2219805,79608,35017,44591,187689,4240997,-4053308,70,0,10901,0,26924,129859,-102935,3680849,2108964,1571885,552207,452628,612458,477037,20720,31011,-10291,712557,279980,432577,1394448,1191200,1006482,914635,312084,17.17
2025-06-05,189297,120628,68669,2402797,338624,2064173,1500648,1674288,1303689,1542909,78032,38942,39090,190249,4249621,-4059372,70,0,10901,0,26304,133292,-106988,3702217,2136671,1565546,434801,312936,493695,326561,27870,28641,-771,721841,292188,429653,683629,631925,666723,605537,321503,16.48
2025-06-06,188351,126827,61524,2376950,339063,2037887,1772897,2095347,1966876,2138360,79043,39677,39366,201913,4263952,-4062039,70,0,11201,0,33228,125958,-92730,3732708,2112065,1620643,539142,391131,541230,398827,29566,37726,-8160,714132,310623,403509,949234,774864,886700,868820,330188,20.87
2025-06-09,193456,126885,66571,2398827,357425,2041402,2154753,2385323,2314415,2417131,82151,39725,42426,213538,4266718,-4053180,70,0,11201,0,31072,126944,-95872,3739938,2119306,1620632,581994,460206,551372,422916,26205,39330,-13125,719901,328755,391146,1004863,896151,922230,959171,332884,19.66
2025-06-10,193068,123968,69100,2416039,363649,2052390,2477292,2661802,2448518,2596742,80452,40925,39527,219396,4243010,-4023614,70,0,11201,0,30942,123966,-93024,3703529,2127739,1575790,620905,504331,599786,444525,22060,37663,-15603,729263,333829,395434,1054480,986614,989897,1008135,326522,19.97
2025-06-11,190746,129409,61337,2424855,365277,2059578,2532507,2935536,2529764,2866397,78822,42740,36082,226582,4232139,-4005557,70,0,11201,0,34473,121022,-86549,3689537,2130070,1559467,746366,470490,706236,407558,22450,33320,-10870,737659,351147,386512,1199534,1072450,1097570,1070815,326491,22.17
2025-06-12,197044,123776,73268,2439828,358116,2081712,1771358,1939892,1436759,1720936,80391,37140,43251,229741,4217977,-3988236,70,0,14534,0,31951,131429,-99478,3663750,2200526,1463224,486799,326817,538638,317039,21360,38401,-17041,782852,339552,443300,759357,750874,716939,668895,330746,19.56
2025-06-13,200462,123905,76557,2438582,355602,2082980,2117643,2408089,1651481,1925375,87622,34557,53065,236162,4214077,-3977915,70,0,15534,0,32115,136324,-104209,3646370,2231697,1414673,539681,374625,593490,382522,19890,45303,-25413,812922,332660,480262,974002,848682,839861,792469,340089,19.07
2025-06-16,192737,127208,65529,2443260,364380,2078880,2059590,2522177,2276181,2484157,86414,39787,46627,235918,4242839,-4006921,70,0,15546,0,34514,136257,-101743,3688504,2232679,1455825,555120,391924,618169,435136,27801,38214,-10413,815352,343136,472216,1105627,806305,1037357,1027961,341466,20.21
2025-06-17,195916,125829,70087,2457797,370466,2087331,2592938,2907746,2214510,2475071,86182,39912,46270,239146,4218769,-3979623,70,0,15887,0,35733,135216,-99483,3686095,2256379,1429716,576913,399897,619198,409605,24165,41039,-16874,821412,358836,462576,1110592,972869,1021820,986739,341996,20.9
2025-06-18,193128,124467,68661,2486430,373459,2112971,2976965,3264023,2247764,2501852,86174,43628,42546,244158,4232423,-3988265,70,0,15887,0,34368,133501,-99133,3693439,2291152,1402287,592784,461945,618216,438128,24492,36566,-12074,847310,374303,473007,1318788,1162639,1018657,960545,338162,20.47
2025-06-19,189943,126090,63853,2477513,377952,2099561,1710563,2010172,1518690,1786090,86051,43811,42240,249800,4213740,-3963940,70,0,15887,0,39173,136135,-96962,3690210,2293533,1396677,498768,296620,536702,308294,23893,33024,-9131,862672,394970,467702,837420,740030,718291,695186,339060,22.35
2025-06-20,184737,126982,57755,2440985,386725,2054260,1827905,2306888,2124806,2368944,81593,51037,30556,254351,4201247,-3946896,70,0,15887,0,43734,140102,-96368,3747434,2272874,1474560,607315,452592,649320,481610,38294,30237,8057,850415,432339,418076,1105041,780851,1065731,1005189,348358,23.79
2025-06-23,184906,116906,68000,2447665,383409,2064256,2252504,2699373,2271075,2601933,80448,48021,32427,258147,4218231,-3960084,70,0,23487,0,42664,145371,-102707,3693140,2203452,1489688,615273,436532,704144,487740,32826,30546,2280,830524,424384,406140,1133974,865915,1040017,949051,340844,22.69
2025-06-24,186962,115164,71798,2423111,366270,2056841,2675707,3061143,2310902,2595797,77256,42747,34509,262965,4204314,-3941349,70,0,25187,0,46141,155612,-109471,3707375,2198739,1508636,657824,579392,684667,552240,39683,36519,3164,814004,438132,375872,1391558,1084623,1081941,954660,350042,22.87
2025-06-25,179448,123519,55929,2363978,351618,2012360,2432787,2913816,2830335,3149028,75682,45247,30435,263745,4149629,-3885884,70,0,25187,0,46451,153321,-106870,3693426,2144197,1549229,715457,557900,810579,629518,55863,35357,20506,754677,430382,324295,1420740,1097338,1339010,1226565,357444,23.25
2025-06-26,144501,125452,19049,2168690,269422,1899268,992505,1247146,1384850,1545876,76126,47899,28227,112757,3934963,-3822206,70,0,14983,0,54903,89870,-34967,3529240,1932306,1596934,315340,241900,367235,290294,25101,37410,-12309,556903,230899,326004,598654,417522,641509,572406,300631,37.92
2025-06-27,148580,132231,16349,2198363,288044,1910319,1388749,1725562,1952303,2081252,78508,49599,28909,119017,3989483,-3870466,70,0,18383,0,55702,89220,-33518,3543851,1915579,1628272,355675,312628,393527,353081,28155,39895,-11740,585276,253401,331875,840691,546995,825903,755783,310945,38.44
2025-06-30,138935,129345,9590,2244852,292983,1951869,2212116,2476424,1903694,2082769,78304,48099,30205,121748,4003040,-3881292,70,0,18383,0,51034,89157,-38123,3520669,1940300,1580369,375104,378882,390817,373472,39419,41091,-1672,608641,259587,349054,1158437,890422,832826,689478,307692,36.4
2025-07-01,136360,130815,5545,2291603,298699,1992904,2435107,2656126,2109566,2394441,77978,48099,29879,125533,4023863,-3898330,70,0,18383,0,53195,91901,-38706,3520760,1961861,1558899,407878,377479,485234,351068,43165,39883,3282,613425,266898,346527,1079475,888925,952563,820237,310698,36.66
2025-07-02,141425,123767,17658,2307524,301825,2005699,2917744,2946503,2155281,2397570,76861,45420,31441,126397,4036986,-3910589,70,0,17583,0,49508,98729,-49221,3528126,1957209,1570917,415581,476704,472715,329703,33577,33455,122,605808,271835,333973,1208049,1118238,1018219,936524,301371,33.4
2025-07-03,146071,120524,25547,2319341,303559,2015782,1481071,1563052,1236522,1547582,76337,42920,33417,127896,4048355,-3920459,70,0,17583,0,43723,105530,-61807,3522295,1954066,1568229,267140,218601,374127,210180,31934,29091,2843,610020,273572,336448,635449,602078,729096,599565,298065,29.29
2025-07-04,146766,115062,31704,2326427,304245,2022182,1898043,2164476,1606581,1953421,75272,43720,31552,131757,4062203,-3930446,70,0,18084,0,43986,109673,-65687,3527844,1965392,1562452,312500,260097,429805,277779,29928,27497,2431,626967,281155,345812,853100,639140,847178,670447,295952,28.63
2025-07-07,153022,115506,37516,2332448,304520,2027928,2076423,2256845,1745559,2080609,75152,43720,31432,132319,4069666,-3937347,70,0,18084,0,44888,113991,-69103,3527997,1970631,1557366,318995,276812,437331,295042,26723,26568,155,636503,284450,352053,872075,733905,930540,755863,299785,28.25
2025-07-08,161642,117727,43915,2358113,307440,2050673,2135434,2314308,2042346,2326029,75119,43720,31399,136225,4087096,-3950871,70,0,21581,0,47671,118184,-70513,3523251,1992432,1530819,330830,295869,440443,305378,25703,30504,-4801,660507,291128,369379,953101,809258,1031784,904746,310135,28.74
2025-07-09,166250,120455,45795,2377555,319737,2057818,2612658,2690182,2042928,2365734,75137,43720,31417,141257,4093606,-3952349,70,0,21581,0,47032,122737,-75705,3524965,2005890,1519075,357511,342682,443364,307214,29972,31479,-1507,677792,302336,375456,1183678,1121053,1128951,963875,318391,27.7
2025-07-10,171126,116937,54189,2400067,317565,2082502,1569418,1608491,1255602,1552772,75273,43720,31553,144733,4082043,-3937310,70,0,20581,0,41476,126725,-85249,3477277,2017611,1459666,263223,218092,378421,221618,31911,32404,-493,694361,299219,395142,665073,671200,730875,611088,319786,24.66
2025-07-11,178631,110608,68023,2420725,325993,2094732,2299359,2324355,1433224,1826035,75383,41220,34163,154590,4089237,-3934647,70,0,16888,0,35226,138986,-103760,3480173,2051219,1428954,346342,337657,448301,273297,34480,32906,1574,724209,313248,410961,953090,936848,899337,698418,323720,20.22
2025-07-14,189305,109458,79847,2443308,333377,2109931,2611999,2688752,1615906,2018554,71999,36220,35779,157793,4119849,-3962056,70,0,15336,0,34985,156047,-121062,3490705,2061756,1428949,373321,390172,442669,293753,39027,33591,5436,740096,316920,423176,1150749,1057214,989260,750863,335316,18.31
2025-07-15,191649,108482,83167,2464242,339203,2125039,2559800,2663457,2007398,2352909,72050,36118,35932,164990,4134516,-3969526,70,0,13283,0,36299,158119,-121820,3495595,2063524,1432071,369936,363840,461212,311236,38547,35826,2721,735106,322690,412416,1067037,969545,1043913,861660,338545,18.67
2025-07-16,194340,110312,84028,2491125,345925,2145200,2787803,2862212,2267960,2598216,72102,34118,37984,182076,4129261,-3947185,70,0,13283,0,35961,161473,-125512,3475270,2091874,1383396,385035,379664,493511,341608,39988,36488,3500,751069,332480,418589,1146165,1077197,1190424,1025353,342391,18.21
2025-07-17,198989,111997,86992,2523887,351410,2172477,1703474,1708112,1280496,1627643,72121,32118,40003,187175,4145910,-3958735,1570,0,13283,0,34085,169832,-135747,3472100,2102705,1369395,294815,256699,390103,210131,41736,32984,8752,760373,343510,416863,656125,691173,739749,585858,346931,16.72
2025-07-18,206134,112144,93990,2553924,352426,2201498,2315649,2351123,1464850,1904776,67768,31826,35942,193896,4169491,-3975595,7570,0,14283,0,31779,179843,-148064,3470940,2123616,1347324,355354,355235,460414,260995,49137,31005,18132,781490,354717,426773,977588,949802,915643,689419,354818,15.02
2025-07-21,206633,110812,95821,2559885,357432,2202453,2290251,2486062,1920424,2311413,66559,29360,37199,197637,4185557,-3987920,5911,0,14283,0,31538,176782,-145244,3438974,2101582,1337392,350360,351746,474567,322862,41845,29621,12224,798047,349972,448075,1033307,842021,1052479,827477,346575,15.14
2025-07-22,207135,109190,97945,2593875,367124,2226751,2841025,2864195,1996706,2405211,65840,29560,36280,204186,4180362,-3976176,5911,0,14283,0,30254,179708,-149454,3426583,2117650,1308933,404137,424169,528219,350391,43873,28644,15229,816220,375728,440492,1097819,1060528,1080196,863802,347102,14.41
2025-07-23,204737,103216,101521,2592154,363630,2228524,2421661,2641246,2557331,2842075,65056,31260,33796,207369,4199042,-3991673,5911,0,14283,0,32171,177728,-145557,3438153,2109065,1329088,418425,402265,540459,404952,38114,27874,10240,828876,394815,434061,1100090,902577,1279789,1144834,340078,15.33
2025-07-24,210893,102109,108784,2608203,362911,2245292,1954516,1967640,1449525,1816476,65944,37689,28255,211222,4194286,-3983064,1570,0,14963,0,30674,176212,-145538,3405753,2094647,1311106,337211,310417,456262,263558,37471,28972,8499,841461,414795,426666,728807,744046,767856,608571,344982,14.83
2025-07-25,217910,101463,116447,2594930,359607,2235323,2803065,2736743,1538984,2014106,62502,37825,24677,217573,4177036,-3959463,1570,0,14963,0,31725,190245,-158520,3399653,2124099,1275554,432309,460562,558610,324550,45884,28488,17396,874985,426399,448586,1043637,1083276,923609,697509,358021,14.29
2025-07-28,223751,96914,126837,2569360,342748,2226612,3245888,3164232,1606848,2116160,60723,38049,22674,221740,4219448,-3997708,1570,0,18296,0,33986,198714,-164728,3418612,2109666,1308946,444580,522244,588880,346635,45521,30304,15217,856324,394174,462150,1274678,1280241,984435,735663,363981,14.61
2025-07-29,221661,89857,131804,2557200,336441,2220759,2990974,3114150,1996872,2437918,60573,31545,29028,235005,4268535,-4033530,1570,0,23796,0,31031,201715,-170684,3458703,2094967,1363736,453880,479598,591027,387862,47730,37878,9852,841142,392107,449035,1253231,1105907,1043273,829188,360995,13.33
2025-07-30,219278,86237,133041,2545291,322981,2222310,3005821,3011218,2179155,2557330,60374,34515,25859,247139,4235742,-3988603,1570,0,27796,0,33838,206851,-173013,3480187,2118922,1361265,455868,506257,568923,418936,53561,39448,14113,826102,421074,405028,1285030,1230814,1153499,953107,367051,14.06
2025-07-31,184815,80838,103977,2436244,257028,2179216,1235920,1243657,1026045,1368577,62595,32404,30191,127294,4088400,-3961106,70,0,24774,0,16338,153998,-137660,3346518,2007967,1338551,187052,224542,327252,143520,29278,25786,3492,652962,209623,443339,466286,421130,571447,437421,293026,9.59
2025-08-01,202002,86619,115383,2460900,271348,2189552,2204098,2110516,1262583,1714683,62957,31218,31739,131506,4070595,-3939089,70,0,24774,0,16421,174605,-158184,3340768,2034752,1306016,283704,361271,411973,210981,40378,29316,11062,687796,244275,443521,751651,767736,790556,564221,321758,8.6
2025-08-04,199081,86254,112827,2443180,274529,2168651,2206963,2304380,1758312,2180048,62911,31218,31693,136452,4101490,-3965038,70,0,24774,0,17230,174180,-156950,3357670,2006823,1350847,292059,338534,406572,238188,40704,28274,12430,681193,235653,445540,875745,731924,957551,728974,319926,9.0
2025-08-05,207549,89052,118497,2477960,273860,2204100,2590223,2562314,1801991,2227267,62935,29518,33417,144003,4088900,-3944897,70,0,19634,0,17090,185864,-168774,3341824,2032855,1308969,335018,374810,456499,259607,46349,29489,16860,676333,244505,431828,931462,919649,942519,733768,333923,8.42
2025-08-06,208133,93259,114874,2487645,272931,2214714,3031442,2902144,1838812,2301507,62924,29081,33843,149492,4091303,-3941811,70,0,29634,0,17310,184401,-167091,3338651,2051748,1286903,396621,449463,532016,270008,46578,28204,18374,690425,250231,440194,1095861,1172388,1011220,840167,334945,8.58
2025-08-07,209403,89593,119810,2503840,266174,2237666,1532145,1464923,1245912,1622163,64020,27088,36932,152268,4137466,-3985198,70,0,25383,0,17977,191236,-173259,3365626,2065511,1300115,235441,281197,416437,174462,46623,30106,16517,700982,253565,447417,550235,571771,669788,560896,338023,8.59
2025-08-08,217668,93510,124158,2531465,267153,2264312,2604472,2445548,1358824,1850137,66935,25435,41500,155599,4141371,-3985772,12070,0,32394,0,18122,200792,-182670,3360738,2100292,1260446,360340,451153,480816,197681,52876,35864,17012,726794,265780,461014,975805,1055986,791209,615425,355601,8.28
2025-08-11,215716,93362,122354,2507588,275764,2231824,2268785,2354657,1993015,2402620,66412,27135,39277,163649,4161780,-3998131,70,0,34894,0,18282,198009,-179727,3395836,2099263,1296573,319433,385879,517729,288444,48925,30829,18096,734462,264728,469734,990985,838737,1013160,867733,349335,8.45
2025-08-12,218633,91345,127288,2518347,284107,2234240,2959909,2865482,1915103,2395005,66527,27985,38542,164401,4153113,-3988712,70,0,34894,0,17520,202778,-185258,3415322,2112152,1303170,356179,443340,512828,260681,51682,32254,19428,733905,282603,451302,1138323,1145659,1002621,809759,354362,7.95
2025-08-13,217862,91683,126179,2517625,282699,2234926,2783983,2733953,2536444,2902372,66606,29131,37475,167561,4192352,-4024791,1070,0,33439,0,19155,201912,-182757,3453645,2118460,1335185,399605,451350,562039,371415,52560,33457,19103,748913,294233,454680,1105383,1104738,1279531,1137665,356183,8.66
2025-08-14,214029,89898,124131,2521603,280683,2240920,1697060,1525668,1206346,1597071,66066,31131,34935,177456,4191769,-4014313,5870,0,45454,0,18213,201092,-182879,3457494,2144330,1313164,254685,286714,420447,164603,54976,31163,23813,765428,305199,460229,505175,650408,655611,566183,353284,8.3
2025-08-18,203467,87665,115802,2512435,289728,2222707,2238526,2146460,1722603,2185351,72060,34952,37108,189885,4224036,-4034151,2170,0,45454,0,20703,192027,-171324,3498037,2132486,1365551,343765,372870,506654,251792,51648,33234,18414,782848,336955,445893,745643,810774,904920,742487,347878,9.73
2025-08-19,202833,85183,117650,2521111,298296,2222815,2373616,2362184,2271089,2656338,72435,35473,36962,191756,4239748,-4047992,950,0,57454,0,20682,192213,-171531,3520500,2120055,1400445,362434,375091,525440,262975,48726,31807,16919,782128,357396,424732,847804,847529,1033312,967982,344676,9.71
2025-08-20,202829,83714,119115,2538744,307651,2231093,2569340,2535852,2723746,3049305,72307,40103,32204,202553,4234101,-4031548,950,0,54679,0,21383,194575,-173192,3527057,2136619,1390438,384514,422435,562212,350914,50211,28338,21873,790267,380250,410017,956668,953184,1302527,1242946,346730,9.9
2025-08-21,197261,85821,111440,2550870,318432,2232438,1743808,1707471,1427685,1834552,71015,40103,30912,203693,4209068,-4005375,950,0,44854,0,22225,190275,-168050,3522787,2148415,1374372,277304,292269,444635,182101,52908,27210,25698,814234,415669,398565,613543,635865,715421,615942,343409,10.46
2025-08-22,203646,86598,117048,2551009,310372,2240637,2750710,2739687,1520370,2100450,70088,41103,28985,215697,4182884,-3967187,950,0,44854,0,23354,194863,-171509,3513079,2167014,1346065,381017,440409,527827,233258,53553,28077,25476,787485,407000,380485,1153223,1105804,915313,674656,350641,10.7
2025-08-25,203063,87442,115621,2525888,313147,2212741,2679412,2766256,1913487,2379658,68632,41103,27529,234599,4187175,-3952576,370,0,44854,0,31241,201479,-170238,3533216,2171715,1361501,400256,447635,549594,287892,53135,26047,27088,782975,404641,378334,1215491,1081638,952082,792466,356071,13.42
2025-08-26,209787,86446,123341,2547493,302713,2244780,3123990,3024398,1657634,2185212,69308,42009,27299,250342,4224558,-3974216,370,0,44854,0,35491,212420,-176929,3502113,2143516,1358597,469122,522034,591883,300349,51851,25562,26289,770335,399496,370839,1305409,1352458,1001448,810257,366437,14.32
2025-08-28,207664,80029,127635,2440645,230215,2210430,1723523,1628867,1138505,1551395,73646,37480,36166,155211,4126575,-3971364,370,0,22179,0,16621,185135,-168514,3412601,2067839,1344762,251762,297771,427322,141303,31847,27134,4713,594074,177902,416172,537797,586814,603008,498316,329778,8.24
2025-08-29,214659,84343,130316,2477298,239074,2238224,2635383,2496023,1522862,2020655,74840,38006,36834,160600,4185943,-4025343,370,0,34939,0,18187,193382,-175195,3437632,2067816,1369816,415906,491059,523898,248841,34767,26722,8045,612433,195130,417303,1015271,1079848,890572,702776,342453,8.6
2025-09-01,215040,85594,129446,2483071,251556,2231515,2505461,2474990,2370830,2782888,74724,40406,34318,161173,4219457,-4058284,370,0,34939,0,19646,192193,-172547,3451292,2034134,1417158,388829,440532,586370,390020,34938,26155,8783,611712,202101,409611,1012858,991995,1365054,1184285,344348,9.27
2025-09-02,216275,86175,130100,2496227,254947,2241280,1595051,1540853,1156355,1634705,74965,40806,34159,167675,4212135,-4044460,370,0,34939,0,17220,197645,-180425,3438460,2025750,1412710,252789,290844,450744,152878,39974,23808,16166,597382,206912,390470,548753,565266,678558,533013,348434,8.01
2025-09-03,216745,85485,131260,2525482,264716,2260766,1855428,1899385,1879058,2258596,75194,39506,35688,173693,4220715,-4047022,970,0,34939,0,17606,200402,-182796,3415196,2031123,1384073,328489,391345,519945,300650,37992,22144,15848,614109,211926,402183,743115,637272,967743,842439,347537,8.08
2025-09-04,217226,86646,130580,2541542,273196,2268346,2738331,2657689,1970719,2445711,75521,41343,34178,184779,4197781,-4013002,970,0,34939,0,18068,206645,-188577,3401019,2049085,1351934,412100,471503,564196,293796,43865,20046,23819,613347,220625,392722,992244,1014452,958199,788546,354680,8.04
2025-09-05,217989,87353,130636,2548377,276899,2271478,2842453,2817800,2145395,2577950,75862,38993,36869,189359,4209326,-4019967,970,0,37539,0,16715,208130,-191415,3400599,2051021,1349578,487024,529256,621360,336406,46620,22710,23910,630501,231590,398911,1085406,1068797,1040126,930064,357186,7.43
2025-09-08,219016,85968,133048,2559870,287119,2272751,2900870,2900550,2413966,2870311,75800,37703,38097,191904,4232344,-4040440,970,0,37539,0,18193,209553,-191360,3415244,2047788,1367456,562423,554786,697622,411510,41968,21753,20215,651990,251757,400233,1194907,1203834,1294890,1162196,354977,7.99
2025-09-09,218724,86354,132370,2578885,294255,2284630,1553308,1535423,1358054,1759413,75600,37703,37897,193836,4235877,-4042041,970,0,37539,0,20018,209868,-189850,3414716,2047519,1367197,279565,298800,467098,189896,41807,22224,19583,653016,262802,390214,571950,571570,674870,588251,356149,8.71
2025-09-10,212107,85476,126631,2559161,282599,2276562,1974113,1963049,1950202,2332358,78043,39503,38540,196633,4249862,-4053229,970,0,27445,0,23924,210064,-186140,3418777,2042910,1375867,332668,385732,536331,295980,44185,23216,20969,660338,259538,400800,768304,727274,964454,850094,358259,10.22
2025-09-11,211045,84736,126309,2583584,286304,2297280,2210104,2282471,2410003,2737740,78043,39503,38540,196682,4248290,-4051608,970,0,27445,0,25119,207919,-182800,3405470,2068655,1336815,378573,409064,589398,330311,39629,21678,17951,682920,265407,417513,971884,869995,1092433,1051229,353836,10.78
2025-09-12,205394,83097,122297,2581066,295041,2286025,2257645,2393459,2778612,3074165,78054,39503,38551,197858,4246237,-4048379,970,0,27445,0,26661,199010,-172349,3414956,2068386,1346570,456539,457311,678980,402704,36120,24619,11501,693386,277602,415784,1043494,907878,1233522,1241690,346229,11.81
2025-09-15,206755,82406,124349,2604905,298867,2306038,2779958,2762466,2729008,3144706,78054,41203,36851,197094,4263774,-4066680,970,0,27445,0,26579,197735,-171156,3400446,2078790,1321656,499486,535925,717993,430567,35372,25416,9956,718456,279470,438986,1173317,1155339,1333774,1232946,346760,11.85
2025-09-16,199829,82089,117740,2605359,308136,2297223,1425706,1470393,1642876,1942718,79769,40537,39232,196521,4260175,-4063654,970,0,27445,0,26430,185991,-159561,3423953,2092311,1331642,298333,308570,490570,229468,33406,30817,2589,727862,293073,434789,602238,548283,724840,713544,339434,12.44
2025-09-17,195075,82257,112818,2604639,318266,2286373,1750202,1852984,1938105,2262347,81097,39971,41126,205860,4255042,-4049182,970,0,37845,0,27064,177724,-150660,3430475,2101997,1328478,375596,386440,547466,304838,30122,33406,-3284,746247,311916,434331,809404,696749,950549,906781,333358,13.22
2025-09-18,189243,80314,108929,2612825,323006,2289819,2157714,2307126,2298331,2712851,83380,39971,43409,209067,4256764,-4047697,963,0,41245,0,27813,171472,-143659,3444136,2115165,1328971,431295,419058,616493,340222,29876,38555,-8679,755762,326855,428907,949095,812883,1105542,1008537,330312,13.96
2025-09-19,193006,79469,113537,2632234,329798,2302436,2735289,2791042,2364189,2739076,83556,40546,43010,199300,4259402,-4060102,963,0,40045,0,25482,172255,-146773,3471838,2147198,1324640,524961,490990,635317,367142,26010,35784,-9774,792926,359900,433026,1074220,1053401,1105083,1038417,328054,12.89
2025-09-22,191282,83494,107788,2642302,346142,2296160,3346119,3326349,2284800,2716171,83104,40546,42558,211740,4262643,-4050903,963,0,36595,0,26056,170310,-144254,3481617,2170012,1311605,582366,616549,667889,381910,27140,33232,-6092,835178,392040,443138,1482043,1468593,1107789,998992,327582,13.27
2025-09-23,192884,83282,109602,2646984,349476,2297508,1774611,1803938,1551988,1900239,84184,38946,45238,218333,4281903,-4063570,963,0,36845,0,27060,169238,-142178,3501287,2178090,1323197,313723,346177,505629,238258,24122,36784,-12662,873947,431082,442865,683097,622279,697310,653274,328250,13.79
2025-09-24,196282,82472,113810,2658971,346850,2312121,2346866,2384327,1724656,2198098,82576,38946,43630,221448,4280183,-4058735,963,0,31495,0,29680,174979,-145299,3510851,2198150,1312701,387894,446592,591874,316811,26548,38689,-12141,903578,469665,433913,999122,903926,880599,713716,335086,14.5
2025-09-25,201678,85649,116029,2655354,329466,2325888,3069240,3052700,1813250,2324581,83432,37246,46186,227078,4314499,-4087421,963,0,25645,0,33574,181460,-147886,3495527,2193230,1302297,490236,565970,661734,342115,31920,46249,-14329,896854,437618,459236,1301421,1243190,940960,774893,350604,15.61
2025-09-26,215067,84788,130279,2636357,324627,2311730,3573150,3586252,1928506,2379522,83431,35046,48385,238014,4320859,-4082845,25063,0,25645,0,33565,200527,-166962,3518668,2237967,1280701,625853,682758,753826,418024,42964,54666,-11702,897658,407244,490414,1513648,1468704,984084,894515,375027,14.34
2025-09-29,212772,85657,127115,2624151,321938,2302213,3487694,3546637,2219030,2714339,83527,35767,47760,246780,4370163,-4123383,13363,0,25645,0,39999,209583,-169584,3546355,2208091,1338264,673693,699252,819160,497231,44079,49370,-5291,887814,404908,482906,1542036,1470896,1167865,1020129,380377,16.03
2025-09-30,193487,68064,125423,2561008,245271,2315737,1471677,1425886,1025223,1416084,83610,33467,50143,175255,4336439,-4161184,9463,0,25645,0,11968,188058,-176090,3460076,2133316,1326760,243003,306297,440915,169406,33705,33181,524,711953,193266,518687,486304,478264,548564,454856,322770,5.98
2025-10-01,193862,61300,132562,2579771,251593,2328178,1835402,1925285,1989232,2333162,84836,33542,51294,178832,4347017,-4168185,10603,0,25645,0,13912,190822,-176910,3471753,2151518,1320235,357533,372340,575568,294319,33883,40829,-6946,731449,211677,519772,704037,609951,833149,796113,326493,6.8
2025-10-03,203594,61671,141923,2621031,259716,2361315,2382986,2592184,2551188,2957709,85045,33542,51503,190191,4350929,-4160738,10603,0,25645,0,14740,204236,-189496,3449772,2158201,1291571,435776,440435,714678,423943,35091,39021,-3930,729416,221564,507852,1000103,796849,1191221,1101080,338470,6.73
2025-10-06,193678,60053,133625,2640472,261435,2379037,2367230,2463803,2998759,3293330,85017,36942,48075,202859,4357897,-4155038,10603,0,25645,0,16306,213884,-197578,3447351,2164592,1282759,467977,441453,749022,467653,45930,30052,15878,728846,235604,493242,1034279,974833,1303614,1316056,340931,7.08
2025-10-07,186056,62708,123348,2669232,263411,2405821,1522387,1542950,1435898,1759174,83629,37442,46187,196212,4360121,-4163909,10453,0,26845,0,16302,205832,-189530,3434287,2172286,1262001,279900,302475,473007,215629,48696,28701,19995,739523,243436,496087,629649,596964,622407,583353,334683,7.34
2025-10-08,190887,63242,127645,2693930,271412,2422518,2307775,2338095,1673450,2086616,81622,34186,47436,200818,4338757,-4137939,10453,0,28820,0,16643,205319,-188676,3410946,2185399,1225547,355775,399689,561138,277310,40360,26765,13595,749171,259297,489874,1023062,959281,819276,718757,329512,7.5
2025-10-09,192455,63868,128587,2683156,271810,2411346,2249199,2406912,2298435,2602306,79031,34101,44930,206242,4361961,-4155719,11153,0,30920,0,16359,202169,-185810,3415024,2167903,1247121,372613,393230,585061,324721,39666,27373,12293,756386,259134,497252,1043477,876300,986849,974238,327511,7.49
2025-10-10,191878,65620,126258,2663719,274381,2389338,2310910,2456521,2881227,3206449,78791,34101,44690,209493,4363652,-4154159,11153,0,30920,0,16085,197424,-181339,3431900,2160041,1271859,467200,454751,705720,425386,41219,30828,10391,765977,273015,492962,989413,867405,1265831,1251862,327973,7.53
2025-10-13,192610,57392,135218,2664800,276283,2388517,2862090,2910126,2704895,3158124,81859,34031,47828,214517,4316856,-4102339,11153,0,29320,0,15893,201602,-185709,3404984,2186351,1218633,471899,507414,696850,378118,39330,36667,2663,778669,283480,495189,1224421,1152023,1400334,1295157,329692,7.31
2025-10-14,197580,61115,136465,2691856,284920,2406936,1929369,1875338,1415287,1819089,78678,34181,44497,217671,4299694,-4082023,11153,0,28520,0,16255,210635,-194380,3376799,2223080,1153719,294716,325879,505650,214243,44505,31087,13418,816018,294650,521368,696612,730632,761578,677704,337018,7.16
2025-10-15,199029,69015,130014,2697248,297293,2399955,1941400,2103096,2109695,2474154,78685,35781,42904,223780,4319256,-4095476,11653,0,28520,0,18420,207535,-189115,3389785,2220390,1169395,388724,391091,603176,344648,50242,34045,16197,835012,308886,526126,935780,783369,1158426,1081016,346376,8.15
2025-10-16,188687,79977,108710,2691846,314401,2377445,2037054,2166280,2749384,2999435,85875,39381,46494,227511,4296969,-4069458,12390,0,28520,0,31061,193999,-162938,3400227,2219913,1180314,513127,421816,717269,429056,44311,36577,7734,842962,331263,511699,890353,864827,1158585,1225267,349934,13.8
2025-10-17,176430,84974,91456,2684994,322205,2362789,2458638,2508213,2769673,3218510,81613,39545,42068,232236,4267368,-4035132,11190,0,44820,0,35421,177941,-142520,3420732,2249004,1171728,576956,494668,789945,509542,44886,35890,8996,876251,375636,500615,1019787,1063689,1299939,1176326,338350,16.6
2025-10-20,185407,95626,89781,2676141,330541,2345600,1747238,1751276,1760612,2066762,79138,39702,39436,234363,4277330,-4042967,11190,0,48720,0,40857,178185,-137328,3480413,2264835,1215578,399981,354254,580985,320708,49375,41264,8111,896096,414307,481789,594069,646949,759824,762671,354777,18.65
2025-10-21,182701,95873,86828,2685652,337514,2348138,2003334,2010888,1924986,2256157,78882,40989,37893,234191,4268421,-4034230,11190,0,48720,0,41725,178754,-137029,3488325,2265552,1222773,427163,387691,603637,358611,52745,40437,12308,893180,429861,463319,711233,754342,874096,836671,356053,18.92
2025-10-23,178572,102037,76535,2639104,322835,2316269,2605967,2598758,2277170,2681791,77510,45984,31526,232030,4299020,-4066990,12090,0,50420,0,51852,165363,-113511,3571637,2223218,1348419,593204,520977,689573,434889,45822,40372,5450,821858,419556,402302,933598,1025125,1060824,961307,353756,23.87
2025-10-24,176249,95808,80441,2672286,319550,2352736,3217776,3324000,2365927,2777311,76394,39344,37050,233055,4293879,-4060824,12126,0,48820,0,52577,159124,-106547,3564140,2233313,1330827,727466,674020,744535,482235,33838,44782,-10944,791567,414306,377261,1459801,1419149,1068615,968352,339058,24.84
2025-10-27,172300,96758,75542,2646793,327412,2319381,2813486,3006870,2947457,3322387,75920,39324,36596,243251,4319034,-4075783,12162,0,55620,0,56880,164512,-107632,3604193,2211101,1393092,637647,587943,776267,544343,40317,44823,-4506,785831,422521,363310,1357152,1225632,1408237,1320852,345417,25.69
2025-10-28,150801,75156,75645,2607698,263723,2343975,1469814,1436054,1226253,1515191,73900,46948,26952,157814,4213327,-4055513,972,0,35957,0,29492,121658,-92166,3414298,2144120,1270178,270517,284650,380878,202558,17636,28067,-10431,660754,219394,441360,529874,550471,597457,522797,271829,19.51
2025-10-29,152430,81929,70501,2740987,297683,2443304,1695458,1783425,1842550,2070339,74542,39279,35263,163339,4554840,-4391501,1013,0,41727,0,29916,128230,-98314,3676025,2207441,1468584,357309,352202,454756,307113,23958,31408,-7450,725168,245555,479613,719122,637275,790856,752437,280846,18.92
2025-10-30,163622,82278,81344,2789664,301515,2488149,2705788,2649215,1779761,2180751,74594,37729,36865,162910,4550857,-4387947,1263,0,41727,0,28410,138858,-110448,3650425,2241930,1408495,510212,532779,542950,320635,28331,36092,-7761,749880,258577,491303,1013147,1048415,896749,759801,294957,16.98
2025-10-31,170939,86744,84195,2816064,301306,2514758,3381816,3342468,1903497,2362449,74823,35887,38936,169528,4605700,-4436172,1263,0,40027,0,27954,146627,-118673,3649154,2261014,1388140,672848,661992,599062,358978,37957,42415,-4458,802029,268755,533274,1326494,1377961,1023790,844948,311673,16.01
2025-11-03,179540,86208,93332,2832730,311855,2520875,3323142,3262502,2367559,2705328,75160,35621,39539,173485,4606278,-4432793,1263,0,40027,0,28322,153149,-124827,3645001,2275219,1369782,618499,608823,630742,411798,30122,38166,-8044,815617,273481,542136,1208181,1279758,1074028,995231,313144,15.61
2025-11-04,187789,85044,102745,2864664,306575,2558089,1840477,1774224,1291866,1720589,74966,36928,38038,179821,4576919,-4397098,1263,0,38327,0,29594,164812,-135218,3619752,2322585,1297167,353860,342679,488825,245663,33161,38726,-5565,832855,291013,541842,605110,683805,768406,621172,325510,15.22
2025-11-06,190648,90268,100380,2891393,311650,2579743,2727006,2680574,1677581,2141664,76147,36928,39219,188929,4602829,-4413900,1263,0,38327,0,27572,165426,-137854,3633537,2346754,1286783,467761,488093,572350,328298,35394,37139,-1745,854192,306818,547374,959337,986699,963224,781520,329761,14.29
2025-11-07,197827,88732,109095,2924316,313627,2610689,2786457,2801755,2266140,2668445,76535,37594,38941,195863,4623296,-4427433,1381,0,20927,0,27322,179413,-152091,3634807,2371712,1263095,538174,526566,682286,406619,41354,37299,4055,867149,313500,553649,978694,976385,1068297,962586,343038,13.22
2025-11-10,197246,89039,108207,2944984,315849,2629135,2997400,2946117,2650964,3008041,76406,37594,38812,202121,4661672,-4459551,1381,0,21977,0,27579,184286,-156707,3629666,2367656,1262010,552056,563100,727079,475501,46583,36895,9688,882488,314082,568406,1083756,1125376,1166879,1083358,347814,13.02
2025-11-11,200297,87013,113284,2952266,311404,2640862,1640551,1619817,1461037,1785872,76435,37594,38841,201688,4677248,-4475560,1381,0,16977,0,27151,186981,-159830,3623407,2365265,1258142,339473,337637,511315,287066,44847,37142,7705,898369,321813,576556,579980,603931,735400,651791,348730,12.68
2025-11-12,191487,87676,103811,2934950,322474,2612476,1848418,1864821,2040248,2252093,87516,37594,49922,203264,4681045,-4477781,2381,0,18677,0,25567,187807,-162240,3650380,2339303,1311077,396411,381184,535568,357460,44004,35497,8507,885762,331534,554228,666973,668178,855425,840364,348574,11.98
2025-11-13,182923,86004,96919,2918992,332776,2586216,2148790,2099259,2018049,2279910,87514,37594,49920,207957,4661903,-4453946,2381,0,39127,0,24542,184489,-159947,3642001,2317666,1324335,448538,433371,615249,395362,48432,35324,13108,877252,333857,543395,744600,811678,950395,947547,343411,11.74
2025-11-14,192042,85993,106049,2946772,333607,2613165,2775008,2816933,2265318,2689526,91529,37524,54005,208766,4674539,-4465773,2381,0,24427,0,24415,194034,-169619,3637417,2320732,1316685,573126,552924,701210,434520,48971,39406,9565,895576,359653,535923,1066791,1047449,1101323,968231,356957,11.18
2025-11-17,193086,87158,105928,2977915,339055,2638860,2767801,2806773,2941862,3226034,91204,37524,53680,210192,4677748,-4467556,2381,0,24427,0,26702,195987,-169285,3644935,2347324,1297611,563586,532151,766693,535731,47270,37593,9677,913265,382180,531085,1004093,998937,1205078,1176295,358262,11.99
2025-11-18,193833,87462,106371,3033851,343385,2690466,1821691,1794533,1596727,1950113,91296,37524,53772,211833,4674304,-4462471,2381,0,20463,0,27126,195915,-168789,3627794,2366650,1261144,357142,370954,537393,306592,43567,34921,8646,923624,412763,510861,612105,627832,779528,677406,355822,12.16
2025-11-19,187008,86673,100335,3030160,339932,2690228,1879741,1992659,2273053,2521304,91351,37799,53552,215830,4664748,-4448918,2381,0,20463,0,27153,194724,-167571,3646707,2372693,1274014,443524,420996,602099,445281,43874,30190,13684,933291,448615,484676,711319,623310,970644,899675,349386,12.24
2025-11-20,170997,90618,80379,3023300,317350,2705950,2011004,2116555,2767908,2991279,103487,37799,65688,221459,4648909,-4427450,2381,0,20627,0,27179,192744,-165565,3600024,2318684,1281340,514519,457989,683292,495912,48781,29283,19498,864959,424799,440160,741485,694845,1106300,1090935,350444,12.36
2025-11-21,170477,94233,76244,3048746,319069,2729677,2616443,2648023,2278261,2848611,97696,37799,59897,232387,4653984,-4421597,2381,0,20811,0,25571,195418,-169847,3603690,2339167,1264523,584976,541328,708500,426215,68372,34666,33706,848531,421134,427397,894792,909241,1132673,865419,362116,11.57
2025-11-24,173693,96331,77362,3025221,317337,2707884,3249125,3157154,2152700,2789121,79827,37719,42108,243905,4706040,-4462135,2381,0,21019,0,32966,194663,-161697,3648854,2299690,1349164,719953,714873,745652,456635,78119,35892,42227,843656,438569,405087,1180491,1279923,1194479,868095,364605,14.48
2025-11-25,144135,84047,60088,2869888,244252,2625636,1460624,1460985,1036432,1482422,78096,35595,42501,155734,4593285,-4437551,1950,0,23384,0,20420,115109,-94689,3535070,2205449,1329621,289447,341259,493176,234926,15551,23451,-7900,683815,201521,482294,473262,423038,602470,438114,258202,15.07
2025-11-26,145844,88576,57268,2883375,255672,2627703,1587783,1786297,2211919,2379931,78319,35595,42724,160728,4619187,-4458459,1950,0,26994,0,23762,114509,-90747,3550169,2187178,1362991,398437,376969,573151,422100,19037,28282,-9245,683243,215478,467765,675975,500877,968468,978501,266962,17.19
2025-11-27,148480,91315,57165,2930244,262841,2667403,2089868,2274044,2342200,2617596,78547,35595,42952,169469,4621901,-4452432,1950,0,27294,0,25762,113025,-87263,3550551,2221384,1329167,449150,426769,576487,379691,16201,29055,-12854,697032,241170,455862,798391,638546,939158,887852,268990,18.56
2025-11-28,147276,91569,55707,2960250,267300,2692950,2410973,2481632,2531578,2864045,78657,35595,43062,170853,4648267,-4477414,1950,0,27294,0,26170,113766,-87596,3552919,2226111,1326808,490310,494561,685279,434275,16263,27436,-11173,709037,251381,457656,840026,767065,1053663,999495,268366,18.7
2025-12-01,149586,91538,58048,2958563,273867,2684696,3089651,3050126,2439806,2871584,77545,35595,41950,178772,4608153,-4429381,1950,0,27294,0,26360,113530,-87170,3560171,2240368,1319803,550277,562864,712115,446954,20292,33120,-12828,718649,293767,424882,1091480,1120366,1125497,986175,273783,18.84
2025-12-02,157724,82324,75400,2951274,284381,2666893,1776948,1759058,1249298,1705374,75174,40343,34831,178154,4681914,-4503760,2950,0,27294,0,23308,123167,-99859,3578068,2206322,1371746,368902,395432,550028,284732,24960,35332,-10372,728608,263487,465121,594915,589224,782549,619063,281166,15.91
2025-12-03,170574,77994,92580,2958889,284249,2674640,2264281,2265276,1585464,2077839,70205,44602,25603,184628,4694262,-4509634,2950,0,26224,0,22201,135670,-113469,3559664,2225315,1334349,479820,490779,632883,341811,28259,32973,-4714,758481,257836,500645,805700,796696,855881,680801,291239,14.06
2025-12-04,166767,75511,91256,2941743,290089,2651654,2436953,2447889,1858142,2356013,70419,44423,25996,177798,4694282,-4516484,2950,0,26224,0,20426,142956,-122530,3568873,2215701,1353172,492007,529167,668844,378045,35940,30662,5278,770636,258978,511658,808631,763484,922335,741486,293552,12.5
2025-12-05,162541,76461,86080,2949239,296206,2653033,2277858,2398995,2561829,2939540,70563,35595,34968,183021,4717312,-4534291,2950,0,28324,0,22996,144298,-121302,3607359,2235486,1371873,537053,522684,756389,498217,28931,28677,254,775517,266132,509385,898787,794969,1103778,1012562,285031,13.75
2025-12-08,170834,82312,88522,2937790,302202,2635588,3853738,3558270,2109552,2627965,70830,35595,35235,197069,4720771,-4523702,2975,50,25424,0,22045,160574,-138529,3614111,2260313,1353798,666672,780842,739535,408074,49642,34870,14772,811703,277387,534316,1368597,1552820,1051341,889812,313351,12.07
2025-12-09,177491,85409,92082,2933805,300458,2633347,2022569,1859791,1291393,1732972,69656,33845,35811,200066,4753169,-4553103,2950,0,25514,0,19606,162104,-142498,3624204,2249295,1374909,422696,465596,608159,293969,54972,40367,14605,821862,277015,544847,602574,725400,727804,625928,321725,10.79
2025-12-10,181516,87056,94460,2941415,311543,2629872,2713569,2461636,1492388,1993895,69270,34210,35060,197272,4736616,-4539344,2950,0,24714,0,20126,168465,-148339,3619602,2261296,1358306,526432,560179,650118,335668,61177,42358,18819,842309,291143,551166,846567,1067702,862225,699881,332089,10.67
2025-12-11,180958,84891,96067,2933095,311065,2622030,2575784,2524671,2120023,2478077,69574,34210,35364,201654,4759713,-4558059,2950,0,24154,0,21817,168801,-146984,3641360,2240012,1401348,527492,560986,666359,401442,50497,34944,15553,826884,292203,534681,855380,875948,870093,801109,322846,11.45
2025-12-12,181060,81784,99276,2955084,321831,2633253,2489299,2481809,2605879,2939048,77347,34210,43137,206960,4762076,-4555116,2950,0,24154,0,19016,169432,-150416,3663171,2253979,1409192,561157,545033,729096,480612,45887,37884,8003,818871,306200,512671,908241,934805,1062157,1001625,323310,10.09
2025-12-15,181434,80557,100877,2980750,323478,2657272,2785325,2746010,3035358,3259055,77399,34310,43089,216404,4761125,-4544721,2950,0,24154,0,19976,167901,-147925,3650541,2274698,1375843,598241,603860,763103,527370,39344,35385,3959,821261,309655,511606,1001683,1038328,1227467,1263658,318153,10.63
2025-12-16,185127,81585,103542,2995240,340347,2654893,2016000,1860856,1369341,1770365,77512,33337,44175,220461,4752558,-4532097,2950,0,24306,0,17353,174198,-156845,3615421,2285804,1329617,417734,445117,588565,297351,48079,38951,9128,860696,313109,547587,610942,741652,688401,602897,328071,9.06
2025-12-17,187955,80555,107400,3001628,353091,2648537,2648148,2485821,1641941,2071966,78593,33337,45256,222592,4747410,-4524818,5877,0,20956,0,16062,180712,-164650,3626053,2308334,1317719,508459,555516,645027,359801,50708,38714,11994,891565,333003,558562,900804,1021951,821522,697678,333318,8.16
2025-12-18,187049,81375,105674,2988065,358522,2629543,2735715,2649256,1904307,2319578,78344,33257,45087,229052,4752763,-4523711,5877,0,20156,0,16149,181631,-165482,3671498,2322714,1348784,543918,585386,656757,385525,46791,32070,14721,903311,357927,545384,932038,982905,888349,764465,328333,8.17
2025-12-19,176141,79242,96899,2969369,345278,2624091,2510729,2588029,2499506,2870620,78300,33257,45043,232552,4789686,-4557134,5877,0,20656,0,17001,175786,-158785,3724896,2308060,1416836,573262,556577,715180,492071,45247,28404,16843,915252,399045,516207,950120,895382,1111625,984276,316689,8.82
2025-12-22,169589,81409,88180,2971247,347137,2624110,2439589,2535939,3169681,3365710,77950,33257,44693,235861,4788760,-4552899,5877,0,22274,0,21336,166037,-144701,3736025,2306484,1429541,566281,508124,814734,614038,41891,30063,11828,936181,436933,499248,944409,912093,1197662,1224604,310766,11.39
2025-12-23,165119,83052,82067,2969134,343199,2625935,1737993,1736838,1712999,1977697,77185,34057,43128,234647,4792558,-4557911,5877,0,22113,0,22931,156689,-133758,3759315,2300460,1458855,427599,406207,573085,368956,39935,31372,8563,947830,474709,473121,651407,679831,697376,658921,305170,12.77
2025-12-24,165416,83374,82042,2973863,338681,2635182,2366721,2316704,1957251,2347954,67560,34017,33543,240507,4785422,-4544915,5847,0,22029,0,21361,150412,-129051,3764653,2295404,1469249,515923,518345,648076,425259,46089,32623,13466,890142,449658,440484,848469,901911,898445,752587,300426,12.44
2025-12-26,174852,76145,98707,2976077,344837,2631240,3067194,2940065,1918515,2433331,70999,34382,36617,243129,4803478,-4560349,6847,0,21990,0,19756,158909,-139153,3769173,2281161,1488012,645748,659701,703783,428888,40680,36851,3829,883687,442590,441097,1076429,1196451,1006984,789053,306287,11.06
2025-12-29,181030,73102,107928,2977337,334771,2642566,3543004,3393394,2050015,2531102,76173,35824,40349,250700,4811013,-4560313,6847,0,26005,0,29097,184037,-154940,3771181,2291754,1479427,698906,717867,720964,446951,44675,38012,6663,885529,447209,438320,1274496,1411992,1034217,853148,330975,13.65
2025-12-30,179953,61740,118213,2858937,276509,2582428,1508410,1544828,1073612,1473551,70397,36822,33575,142138,4744409,-4602271,0,0,17495,0,15462,159524,-144062,3747664,2186797,1560867,261076,292194,441109,206045,26070,33796,-7726,685349,226373,458976,575176,507641,646516,499136,291882,8.84
2025-12-31,178583,62737,115846,2856590,283851,2572739,1748124,1956511,2064562,2349588,74516,36532,37984,145107,4767701,-4622594,0,0,21747,0,15701,161587,-145886,3789837,2186335,1603502,355544,342596,585571,346330,30370,38314,-7944,687033,240680,446353,795765,600325,951105,927067,299170,8.86
2026-01-01,180631,63887,116744,2907292,296533,2610759,2318315,2427889,2438308,2726287,75176,36532,38644,151614,4781311,-4629697,0,0,21797,0,16725,160651,-143926,3791169,2199975,1591194,400224,386868,590943,369634,29653,41115,-11462,691724,263980,427744,897660,801441,1042107,997235,302185,9.43
2026-01-02,175995,71886,104109,2917198,307871,2609327,2342574,2676515,3464225,3634593,79879,38390,41489,175024,4782243,-4607219,0,0,23397,0,19263,149509,-130246,3797976,2205577,1592399,455502,387192,665567,509318,29237,44589,-15352,695717,290224,405493,968617,702987,1228195,1237473,304374,11.41
2026-01-05,175238,72318,102920,2934136,315014,2619122,3130304,3126433,2981224,3301311,79696,38390,41306,181988,4741792,-4559804,0,0,23397,0,19111,147134,-128023,3783346,2237646,1545700,558198,560251,689832,478627,31204,47407,-16203,705120,310138,394982,1128865,1130683,1175889,1090404,305249,11.5
2026-01-06,180406,74219,106187,2960358,323367,2636991,1807621,1915433,1506469,1835217,79746,38390,41356,192316,4748743,-4556427,0,0,22412,0,21830,149718,-127888,3797157,2282707,1514450,400769,366366,547400,328724,31665,51320,-19655,734139,329153,404986,763546,690138,772068,684408,313647,12.73
2026-01-07,181912,72087,109825,2969968,326580,2643388,2432396,2487507,1832815,2233984,80112,38390,41722,192065,4757009,-4564944,0,0,22412,0,17287,153559,-136272,3793690,2303027,1490663,476395,456944,613246,389906,30183,45458,-15275,761978,331085,430893,857677,822017,978026,822609,309494,10.12
2026-01-08,194862,74596,120266,2958422,316757,2641665,3584548,3392537,1898656,2356183,76328,38759,37569,207507,4747809,-4540302,0,0,21132,0,17618,184965,-167347,3780276,2345501,1434775,595306,677443,708632,453251,53374,43862,9512,804730,340868,463862,1177022,1286896,1100441,919428,342182,8.7
2026-01-09,202665,74420,128245,2932663,315433,2617230,3876389,3737764,2011146,2517827,76831,38685,38146,207808,4771673,-4563865,7103,0,22893,0,16500,202563,-186063,3797317,2351665,1445652,777766,806813,784362,498941,62126,42454,19672,843055,342072,500983,1562426,1679106,1215947,1017580,358122,7.53
2026-01-12,206509,73546,132963,2948118,313237,2634881,3694690,3653020,2828751,3309960,76549,38273,38276,216040,4819092,-4603052,2103,0,28546,0,17819,211228,-193409,3805862,2350975,1454887,680685,686219,887279,621241,60578,38408,22170,862171,348887,513284,1373759,1411998,1431947,1245322,361455,7.78
2026-01-13,210598,73203,137395,2950161,316792,2633369,2183341,2066908,1471800,1895841,76219,37482,38737,230448,4808646,-4578198,2103,0,27826,0,17546,215201,-197655,3803240,2383988,1419252,432612,465595,615309,333553,60242,38719,21523,883461,357884,525577,716231,801784,776907,662448,364605,7.54
2026-01-14,210834,72967,137867,2970059,324944,2645115,2715647,2629538,1824317,2255397,77915,36846,41069,239850,4833812,-4593962,12758,0,27126,0,17851,216985,-199134,3821973,2397085,1424888,563719,616832,725949,455001,58998,38800,20198,905591,381632,523959,1041425,1087180,1010040,877034,365598,7.6
2026-01-16,207613,68886,138727,2990191,329786,2660405,3292547,3265815,2201108,2732477,77882,36365,41517,251907,4858241,-4606334,2103,0,38226,0,21814,212189,-190375,3828614,2394779,1433835,695782,695041,795533,476720,54980,44849,10131,932953,420859,512094,1298514,1328090,1166888,992559,362289,9.32
2026-01-19,210605,67909,142696,3008230,329446,2678784,3914575,3805628,2676757,3154999,77866,36281,41585,258231,4838104,-4579873,2103,0,37421,0,22607,215704,-193097,3832704,2428013,1404691,743735,772099,841401,539435,52506,43690,8816,966859,470461,496398,1434349,1517034,1281087,1142232,363584,9.49
2026-01-20,224010,75707,148303,2955203,321546,2633657,2568831,2292884,1383083,1816169,75928,35088,40840,261075,4799946,-4538871,2303,107,37453,0,22659,224226,-201567,3866269,2463549,1402720,482542,542656,681612,372373,59259,46835,12424,1006669,504175,502494,796168,1014196,744796,658403,381856,9.18
2026-01-21,222484,77030,145454,2929412,304194,2625218,2976938,2804861,1794313,2174658,75125,30858,44267,270724,4810118,-4539394,2303,107,48552,0,29979,234701,-204722,3924045,2496052,1427993,583761,700416,826152,518670,59501,44500,15001,977447,491264,486183,1060136,1117753,896688,872376,387089,11.33
2026-01-22,215048,72834,142214,2936914,297407,2639507,3062102,2943517,2115979,2610363,75273,27895,47378,272705,4813881,-4541176,2303,107,49927,0,36062,252262,-216200,3963325,2506019,1457306,614652,720783,831576,541102,72746,46138,26608,942462,498099,444363,1033232,1047882,1056887,902903,399129,12.51
2026-01-23,230130,80085,150045,2903390,307724,2595666,3701570,3467447,2002734,2617843,76090,26952,49138,270067,4789894,-4519827,2303,107,49927,0,47222,274755,-227533,3958924,2503556,1455368,915078,944084,951191,610655,77498,49148,28350,958173,489380,468793,1341202,1548515,1172375,947728,430940,14.67
2026-01-27,202611,76552,126059,2781456,238725,2542731,1329776,1188864,943396,1382889,75637,25913,49724,163899,4686662,-4522763,200,107,44425,0,27264,202889,-175625,3858413,2362672,1495741,330238,434996,601639,258767,30960,31118,-158,758727,274436,484291,394499,430746,522991,470794,336472,11.85
2026-01-28,202716,70518,132198,2805424,255078,2550346,1815806,1656060,1331105,1776101,81768,32495,49273,186927,4668799,-4481872,200,107,44425,0,29467,204022,-174555,3863697,2380702,1482995,422973,555243,701765,340384,32410,39326,-6916,748324,299793,448531,610246,637815,737622,698433,346361,12.62
2026-01-29,199506,68100,131406,2857517,252987,2604530,1939254,1884265,1647564,2096297,105918,35745,70173,208184,4654516,-4446332,0,107,60925,0,30232,215780,-185548,3800728,2399812,1400916,441716,574028,737850,399539,33207,49238,-16031,748680,307794,440886,733514,656085,898160,848664,368863,12.29
2026-01-30,199658,66420,133238,2843037,250837,2592200,2408564,2202066,1700422,2160794,107227,33945,73282,214474,4604291,-4389817,0,507,60925,0,30945,224767,-193822,3775270,2444939,1330331,546337,656629,827394,438740,35412,48110,-12698,781959,314673,467286,855853,951552,919885,909092,373242,12.1
2026-02-02,201397,72438,128959,2794134,258660,2535474,3623046,3343857,2831518,3351713,101517,31298,70219,233797,4556046,-4322249,0,1192,91181,0,30005,227144,-197139,3791721,2474954,1316767,652371,826636,1010595,591630,41285,43324,-2039,799597,329589,470008,1150391,1254122,1357099,1347050,374204,11.67
2026-02-03,162053,58834,103219,2733412,254419,2478993,1796435,1715405,1475988,1872457,113727,25896,87831,253064,4498061,-4244997,1200,507,70313,507,40023,197475,-157452,3830780,2459736,1371044,463533,557303,714346,423296,24116,57714,-33598,737935,342975,394960,691546,679500,747791,712178,339919,16.85
2026-02-04,159326,62800,96526,2762869,275713,2487156,2186918,2221531,2077513,2361848,110847,29296,81551,265413,4493703,-4228290,1075,507,63613,507,43892,191208,-147316,3865370,2493441,1371929,540105,608064,775654,541739,24928,55689,-30761,749488,380283,369205,851237,749234,924495,937181,338993,18.67
2026-02-05,164667,60811,103856,2787204,275234,2511970,2999475,2889411,2131016,2467008,109511,29251,80260,264039,4487511,-4223472,1075,507,63613,507,42302,186324,-144022,3841814,2509758,1332056,647865,720608,849418,555555,20758,60852,-40094,772350,392904,379446,1097034,1134923,920252,941229,337238,18.5
2026-02-06,166996,61278,105718,2784492,277416,2507076,3053202,3046589,2613495,2930845,110326,29251,81075,272656,4459645,-4186989,965,307,63775,307,43462,193712,-150250,3833464,2535264,1298200,707691,738387,986167,669259,20769,57312,-36543,784697,402984,381713,1154455,1131030,1081992,1145019,341553,18.32
2026-02-09,157455,62188,95267,2800324,294391,2505933,3129582,3082625,3138661,3458506,115878,30951,84927,280192,4447879,-4167687,1190,307,62357,307,44579,190498,-145919,3831758,2522306,1309452,731448,710888,1028732,735580,22374,56649,-34275,784843,432541,352302,1207591,1275991,1373625,1408982,340286,18.96
2026-02-10,147125,64354,82771,2816100,303521,2512579,1653965,1679567,1721626,1958530,115779,31697,84082,288992,4435719,-4146727,1154,307,63587,307,51176,184790,-133614,3821661,2530165,1291496,457537,437790,694959,435540,21752,54991,-33239,811676,469024,342652,622294,617285,664736,750531,335832,21.69
2026-02-11,142830,65495,77335,2838661,333265,2505396,2180910,2215370,2117436,2349093,115138,33397,81741,298674,4402488,-4103814,1117,307,63587,307,52535,184750,-132215,3824236,2541196,1283040,526982,515939,756022,531590,25704,52565,-26861,832605,517227,315378,853581,830975,887376,943431,336207,22.14
2026-02-12,144763,68668,76095,2857540,339768,2517772,2910193,2850305,2157792,2496082,109727,33414,76313,298380,4402081,-4103701,1077,200,62787,200,52380,185587,-133207,3843806,2574969,1268837,612747,628718,808195,562303,31284,50485,-19201,869340,552248,317092,1093286,1138080,930527,900716,338154,22.01
2026-02-13,153536,70135,83401,2867710,329829,2537881,3716250,3705613,2035949,2594250,110317,33714,76603,305296,4416221,-4110925,1077,200,58287,200,46668,194241,-147573,3868334,2637295,1231039,851673,823966,952462,581462,39364,51795,-12431,901614,559609,342005,1413996,1453218,1001443,872228,349885,19.37
2026-02-16,148863,68617,80246,2849715,326200,2523515,3089315,3220939,3078014,3487722,111287,33648,77639,312524,4416748,-4104224,1077,200,56917,200,48627,193765,-145138,3877753,2640847,1236906,712009,676107,1040807,712479,38952,51699,-12747,917548,573745,343803,1233135,1138290,1429115,1404451,347729,20.06
2026-02-17,152575,70061,82514,2864891,333870,2531021,1741236,1818876,1803932,2059356,109813,34029,75784,320312,4384762,-4064450,1077,200,53517,200,52273,193531,-141258,3879752,2674547,1205205,471139,441781,769873,468495,37222,54262,-17040,934079,605855,328224,662640,615234,702783,802055,351883,21.27
2026-02-18,150828,75218,75610,2888983,340490,2548493,2034514,2171999,2392328,2585992,105780,34279,71501,327768,4361558,-4033790,1062,0,53517,0,56507,191101,-134594,3908364,2706784,1201580,538210,504300,837370,570359,45678,58195,-12517,955648,671931,283717,830420,727907,993475,1120338,358793,22.82
2026-02-19,160183,70597,89586,2853916,331810,2522106,3307052,3287721,1996277,2463395,102749,38985,63764,349455,4308453,-3958998,1062,0,50467,0,60242,198114,-137872,3888842,2720326,1168516,754412,778004,906741,569056,39218,54696,-15478,916152,647776,268376,1314823,1311624,995474,916507,362392,23.32
2026-02-20,151247,75354,75893,2818714,335519,2483195,2911784,3148473,2504251,2933036,103719,38020,65699,374011,4327099,-3953088,1062,0,53867,0,68265,201929,-133664,3945434,2706157,1239277,752420,691865,979273,674386,48148,56076,-7928,849718,619102,230616,1236880,1061807,1301743,1231712,371379,25.27
2026-02-23,149439,80135,69304,2800718,342607,2458111,3226605,3287658,2956258,3384792,99280,38020,61260,406862,4326009,-3919147,1062,0,66546,0,90600,219685,-129085,4005907,2725467,1280440,771151,721268,1033027,699229,55834,57313,-1479,798188,617592,180596,1237450,1227342,1404717,1376525,395153,29.2
2026-02-24,142457,64443,78014,2694845,255552,2439293,1673468,1605132,1217388,1571024,97108,41148,55960,154745,4207401,-4052656,1045,0,52687,0,39296,145367,-106071,3899020,2664669,1234351,336850,397221,581569,273297,11228,39131,-27903,638022,259010,379012,501411,510420,501103,508425,290089,21.28
2026-02-25,139146,66086,73060,2731514,280095,2451419,2244383,2166967,1616533,1981903,97028,45293,51735,159424,4228320,-4068896,1045,0,52687,0,37982,142463,-104481,3931889,2682197,1249692,411347,479995,659292,366800,14050,34364,-20314,656076,288291,367785,786091,795903,766075,745883,288206,21.05
2026-02-26,141740,67081,74659,2788769,315193,2473576,2593341,2520801,1879159,2291165,97384,45553,51831,169546,4251273,-4081727,1045,0,52967,0,39526,142506,-102980,3955462,2706229,1249233,493086,579842,718615,420800,12143,35653,-23510,663394,304476,358918,884899,871728,944285,883061,290793,21.71
2026-02-27,177227,84386,92841,2823343,317188,2506155,3766982,3627735,1886232,2486600,97465,46043,51422,176442,4298458,-4122016,1045,0,52967,604,36283,160651,-124368,3952691,2734857,1217834,687857,773014,803705,420555,23236,43131,-19895,707645,309618,398027,1267995,1323129,1006962,842107,334211,18.42
2026-03-02,193922,97767,96155,2804845,325762,2479083,1642968,1557634,1182675,1624154,96873,35061,61812,190791,4308592,-4117801,1045,0,50049,604,34972,179445,-144473,3973164,2751442,1221722,364529,423867,699693,334557,29447,42941,-13494,731393,314397,416996,537216,564258,615816,588919,355214,16.31
2026-03-04,215061,106956,108105,2828188,318202,2509986,2037924,1877227,1469815,1843160,80456,34709,45747,207644,4340490,-4132846,1045,750,42783,750,30863,194576,-163713,3952541,2744221,1208320,464576,543758,769507,426278,55419,45558,9861,746083,331543,414540,741840,823649,794081,805998,381799,13.69
2026-03-05,211370,110445,100925,2834780,325292,2509488,2326286,2166264,1843853,2258609,83350,33964,49386,217068,4337306,-4120238,1745,651,34561,651,33450,195298,-161848,3930931,2737283,1193648,500151,622907,850913,486239,54634,43097,11537,750684,333582,417102,805901,844262,909852,893681,382804,14.62
2026-03-06,227692,113601,114091,2870786,344004,2526782,2963862,2715835,1819111,2451839,81660,33814,47846,226272,4351759,-4125487,775,651,30241,651,30320,204611,-174291,3936464,2757867,1178597,594054,768499,939305,486290,59089,46735,12354,764345,344237,420108,981106,1054811,1000636,850514,398761,12.91
2026-03-09,245808,128120,117688,2835751,328851,2506900,3022076,2770071,2341316,2819762,81908,34106,47802,234956,4395041,-4160085,775,797,27549,339,31806,225708,-193902,3979894,2766095,1213799,658451,816277,1061920,666471,79230,50818,28412,789630,350244,439386,1111234,1205390,1212452,1156665,438752,12.35
2026-03-10,248732,130286,118446,2875717,330836,2544881,1860523,1660837,1379942,1838349,80934,34817,46117,241872,4421473,-4179601,75,651,27056,485,31946,219016,-187070,3988618,2764435,1224183,473418,602301,849682,433295,73101,50594,22507,776068,365531,410537,697434,767660,724258,708809,434713,12.73
2026-03-11,267685,136538,131147,2883913,353642,2530271,2667383,2312041,1576240,2148347,81146,29432,51714,250234,4394359,-4144125,75,653,26911,651,31623,237924,-206301,3994687,2801766,1192921,527268,712235,904513,451776,78698,55258,23440,803858,382925,420933,950550,1120346,914433,821324,459152,11.73
2026-03-12,274224,134777,139447,2887656,358676,2528980,2887234,2516290,1910931,2425958,80026,24760,55266,259501,4416591,-4157090,75,959,24209,651,30464,256791,-226327,4017942,2827276,1190666,563333,777753,926279,514030,78869,47255,31614,834608,397164,437444,981799,1137439,906014,826793,463583,10.61
2026-03-13,293089,136811,156278,2866531,355024,2511507,3340427,2970683,1985818,2534319,80404,19992,60412,271017,4421746,-4150729,275,1559,22252,651,32283,292823,-260540,4061906,2882781,1179125,695459,956015,1049392,593868,96307,52457,43850,877112,417015,460097,1307453,1415357,962535,891159,502083,9.93
2026-03-16,280165,137332,142833,2835736,347969,2487767,3339404,2984715,2650930,3190407,79390,16082,63308,276317,4405664,-4129347,586,1559,22252,651,38494,287263,-248769,4084551,2899659,1184892,622855,867535,1084175,658075,80352,37724,42628,889002,432314,456688,1209976,1319012,1353098,1261322,478401,11.82
2026-03-17,273573,137641,135932,2844169,352899,2491270,2014573,1735115,1667116,2034261,76102,17042,59060,279534,4386165,-4106631,666,731,22754,603,40496,281271,-240775,4090500,2920359,1170141,466168,630816,853355,464611,81699,35916,45783,894815,449595,445220,821628,936372,813274,857024,471870,12.59
2026-03-18,268491,139221,129270,2857231,364761,2492470,2350471,2089893,2074973,2450442,73483,19146,54337,293153,4353330,-4060177,719,731,24304,604,44432,270229,-225797,4068910,2936299,1132611,512819,688030,928890,554542,81448,39258,42190,904959,469863,435096,924573,1009929,1088845,1111425,467854,14.12
2026-03-19,282640,131344,151296,2841348,345875,2495473,2768350,2435737,1938698,2455670,71894,20180,51714,353318,4315992,-3962674,3144,951,26804,604,45130,274082,-228952,4037980,3031707,1006273,574599,798103,973356,559315,71452,45510,25942,956510,495582,460928,1101650,1212952,1002030,925299,471116,14.14
2026-03-20,280172,132226,147946,2873818,346218,2527600,3058696,2711142,2251928,2812962,71121,21470,49651,366771,4354012,-3987241,3364,951,32004,604,47246,281754,-234508,4086039,3083731,1002308,653690,901910,1053159,613463,81993,45082,36911,989322,531989,457333,1130865,1232611,1080788,990849,480532,14.36
2026-03-23,284282,134482,149800,2815592,335622,2479970,3345970,2948864,2281686,2811452,79197,17385,61812,388341,4349972,-3961631,3424,956,32004,0,51014,294975,-243961,4142574,3139881,1002693,733467,988342,1064583,625313,81637,49288,32349,1041624,562656,478968,1376478,1521176,1139331,1080839,496130,14.74
2026-03-24,275559,127032,148527,2798651,318824,2479827,2097855,1698917,1537840,2008727,82328,16435,65893,402645,4336515,-3933870,3589,651,28846,0,47426,296138,-248712,4118086,3127247,990839,540706,804497,966413,545342,84250,49958,34292,966080,502876,463204,737709,875795,805322,784351,489563,13.8
2026-03-25,262795,128034,134761,2776598,320021,2456577,2322150,2026701,2111522,2573478,86065,18530,67535,421958,4280074,-3858116,3697,651,27104,0,48853,286979,-238126,4153709,3172832,980877,589607,811089,1018100,616021,85164,49334,35830,914994,494332,420662,856477,933490,1094704,1061931,482877,14.55
2026-03-27,287333,121797,165536,2785579,325658,2459921,2980743,2669679,2213747,2746340,87554,16103,71451,442661,4263847,-3821186,3862,651,27469,0,61970,341437,-279467,4135585,3212839,922746,756766,967312,1067058,658579,91005,48525,42480,941158,502639,438519,1128572,1232301,1163458,1066813,527862,15.36
2026-03-30,285908,105165,180743,2613946,254327,2359619,1550873,1213933,976166,1401569,87937,14096,73841,295581,4139453,-3843872,3498,644,27457,40,57265,321311,-264046,4083040,3100370,982670,270111,502548,625831,262259,53803,44341,9462,751345,249762,501583,513880,621238,498516,464102,484913,15.13
2026-04-01,262912,83659,179253,2567270,178236,2389034,1986481,1698050,1372834,1834347,90198,16064,74134,303418,4178526,-3875108,3898,644,27901,40,63475,328296,-264821,4118208,3085455,1032753,376141,630531,702669,346355,51666,40232,11434,734562,281241,453321,688326,725620,702351,625013,468251,16.2
2026-04-02,267437,89885,177552,2534912,174141,2360771,2208301,2020264,1927751,2303469,95737,18946,76791,313344,4182522,-3869178,4308,1254,28970,0,68058,336078,-268020,4172653,3117438,1055215,411595,661152,784638,460252,53697,40020,13677,747726,294534,453192,809737,751272,907925,885563,484929,16.84
2026-04-06,266704,88614,178090,2567517,176572,2390945,2451986,2292679,2577949,2939748,95606,19851,75755,318784,4209363,-3890579,4978,1244,31410,604,72568,341030,-268462,4186991,3115883,1071108,444173,676826,864956,547028,54259,39642,14617,746608,318082,428526,1018050,948438,1152817,1139752,489137,17.55
2026-04-07,259127,90686,168441,2562749,188424,2374325,1522281,1361701,1314678,1704951,93469,26551,66918,327454,4184887,-3857433,5551,1269,32110,302,75768,335203,-259435,4178733,3120209,1058524,335168,541912,698495,377686,62931,38855,24076,756084,331500,424584,673541,631659,695937,658281,491295,18.44
2026-04-08,229041,77876,151165,2544830,197584,2347246,1949347,1789829,1866957,2159625,95118,28926,66192,343851,4137891,-3794040,2956,1233,32710,302,82405,309805,-227400,4201330,3110741,1090589,427437,622244,730094,441602,53167,43124,10043,724556,368351,356205,801630,768063,780783,809016,459731,21.01
2026-04-09,237159,74395,162764,2577202,207035,2370167,2491143,2292963,1963433,2429318,94629,28948,65681,348918,4137813,-3788895,2642,1233,32829,604,79006,306724,-227718,4218217,3136221,1081996,461675,686827,800192,468479,45569,46296,-727,733960,397228,336732,925731,900169,870938,768992,456363,20.48
2026-04-10,219017,75813,143204,2577665,221447,2356218,2484395,2357634,2403652,2862845,91810,28878,62932,370245,4110454,-3740209,2165,1233,53621,502,81432,287659,-206227,4212447,3133418,1079029,517932,696530,873651,540390,45424,45333,91,735893,430931,304962,1076950,1026046,1115411,1042597,437683,22.06
2026-04-13,218196,76874,141322,2593506,225493,2368013,1539710,1487247,1331269,1786186,92448,29033,63415,387339,4110452,-3723113,2095,1233,48671,302,80652,289006,-208354,4184966,3153298,1031668,417588,568582,749011,407790,49127,45510,3617,763633,440201,323432,728731,631063,759098,693771,440423,21.82
2026-04-15,215741,78234,137507,2601203,241336,2359867,1998838,1920259,1832864,2288452,95189,29419,65770,402034,4092443,-3690409,2230,931,47052,140,73089,273807,-200718,4163870,3121543,1042327,416458,581517,751302,425656,50867,53426,-2559,778788,490573,288215,827944,742763,884247,801217,434886,21.07
2026-04-16,222376,80290,142086,2646071,262082,2383989,2636403,2428078,2037970,2592554,93025,29778,63247,385273,4062239,-3676966,2471,961,49322,442,68391,267380,-198989,4146180,3124368,1021812,436038,651704,813186,442145,46659,53003,-6344,797344,526179,271165,972579,966749,1008980,874317,430451,20.37
2026-04-17,214400,82681,131719,2657230,275354,2381876,2848387,2829292,2661560,3105594,91130,29768,61362,398687,4068092,-3669405,2097,821,53952,604,68019,258972,-190953,4151038,3119067,1031971,491399,632096,857527,535582,51500,53628,-2128,827252,571694,255558,1038979,918653,1118095,1049354,425049,20.8
2026-04-20,208548,78333,130215,2656388,272340,2384048,2675484,2633228,2625621,3116893,86243,29768,56475,407959,4044117,-3636158,3287,951,52572,906,67105,256866,-189761,4141876,3130146,1011730,513539,693549,888902,592057,51620,48549,3071,843202,602822,240380,1130078,994660,1243844,1101084,413516,20.71
2026-04-21,192664,86488,106176,2665653,280637,2385016,1663740,1660920,1741028,2121722,88809,29488,59321,417489,4057898,-3640409,4537,509,57172,489,72108,246056,-173948,4153809,3115078,1038731,436467,567780,735411,435080,55906,47455,8451,854286,637624,216662,773224,648760,801458,777778,409487,22.66
2026-04-22,205111,80972,124139,2752976,284771,2468205,2261880,2147337,1895174,2414186,88591,29638,58953,417836,4060216,-3642380,4548,520,54622,489,70406,253720,-183314,4138764,3169231,969533,469533,678084,819012,473066,51253,51031,222,904743,700101,204642,907574,817593,927862,808931,415361,21.72
2026-04-23,208638,81896,126742,2803205,286142,2517063,2772856,2586746,2010009,2671957,85098,29980,55118,433772,4064601,-3630829,3892,825,53422,479,68000,258914,-190914,4095741,3197895,897846,495010,741870,856649,481179,54714,45660,9054,840039,624119,215920,1050361,992678,1073598,840062,416450,20.8
2026-04-24,223706,85849,137857,2868654,274913,2593741,3167562,3002126,2037739,2771850,82381,29436,52945,448251,4132496,-3684245,3287,840,51709,464,64025,268104,-204079,4106561,3238021,868540,658740,885490,906190,522378,60769,47492,13277,848199,626235,221964,1387604,1328737,1223176,924122,430881,19.28
2026-04-27,217515,87270,130245,2867625,277230,2590395,3009809,2890247,2537363,3123341,81382,29540,51842,472323,4162797,-3690474,4517,1120,55009,464,65665,271646,-205981,4157509,3257251,900258,620796,825375,944737,616983,73293,49399,23894,855321,655500,199821,1322701,1241081,1355162,1151482,437855,19.47
2026-04-28,197800,73242,124558,2780043,213320,2566723,1691540,1479932,1135674,1710981,74324,29166,45158,258333,4053650,-3795317,20,0,49158,2,30223,200901,-170678,3963869,3168711,795158,255953,457771,602178,258666,27492,26530,962,739301,305865,433436,578389,588199,677652,495013,329839,13.08
2026-04-29,193687,76125,117562,2805435,229853,2575582,1987715,1832240,1542101,2095516,74581,29139,45442,263087,4105077,-3841990,4250,320,49874,302,28830,199888,-171058,4033261,3204357,828904,293574,509632,653116,319965,33914,25860,8054,769704,332200,437504,695785,639133,821986,651294,331012,12.61
2026-04-30,205791,75633,130158,2849272,229166,2620106,2329462,2202648,1671237,2388599,75170,36763,38407,273638,4154819,-3881181,1998,1041,59480,602,27506,211982,-184476,4021980,3223174,798806,351772,572110,715640,356275,42884,26973,15911,804566,342297,462269,865299,772732,1008791,709672,351351,11.49
2026-05-04,215911,77389,138522,2900610,239668,2660942,3324305,3110216,2127386,2782422,75321,36713,38608,275896,4194334,-3918438,950,1009,68730,602,29308,221880,-192572,4044445,3238607,805838,563705,750271,802982,451750,44266,28824,15442,831680,380022,451658,1224068,1251533,1135601,899926,364806,11.67
2026-05-05,222279,80575,141704,2941026,247758,2693268,1845755,1630719,1325304,1969630,75336,39983,35353,281353,4215594,-3934241,950,432,65802,2,29599,227732,-198133,4059526,3268254,791272,289256,496740,690801,308510,49510,28434,21076,846274,396573,449701,643971,652042,806744,610509,376724,11.5
2026-05-06,213726,83406,130320,2964791,244369,2720422,2041767,2010078,1909683,2486421,75394,39401,35993,295710,4262397,-3966687,1434,702,66292,58,35750,230345,-194595,4086060,3287020,799040,368811,559231,751767,395364,60759,32477,28282,867102,419877,447225,843307,685309,1027724,873624,385629,13.44
2026-05-07,223840,83695,140145,3026067,260194,2765873,2511876,2370611,2065030,2786015,75341,38201,37140,303723,4239720,-3935997,1434,702,59092,58,37177,233125,-195948,4074387,3332477,741910,356458,613358,781143,402957,58117,39454,18663,867220,439006,428214,937627,822725,1150181,866416,394475,13.75
2026-05-08,236329,86420,149909,3073729,261055,2812674,2956938,2766242,2140675,2884175,74899,35553,39346,299120,4249159,-3950039,1434,732,57802,354,34616,244728,-210112,4042221,3359338,682883,472541,722675,817039,431086,59076,38219,20857,896600,442118,454482,1079081,1020344,1160190,860090,404920,12.39
2026-05-11,248266,91006,157260,3088887,261165,2827722,3809959,3481152,2258306,2975724,73012,35093,37919,298134,4266593,-3968459,1434,1057,56102,354,33374,254343,-220969,4041777,3383122,658655,523725,822482,859256,446661,65601,39811,25790,923361,441279,482082,1351404,1381832,1180004,930930,420253,11.6
2026-05-12,274236,95887,178349,3075599,261831,2813768,2288344,1854505,1346589,2056677,70954,35136,35818,311783,4269902,-3958119,1514,860,48403,600,33763,270907,-237144,4067612,3423256,644356,373291,623294,812130,336181,70453,47476,22977,963941,463946,499995,704955,889444,796797,610460,449406,11.08
2026-05-13,272041,98222,173819,3092455,278152,2814303,2611201,2286374,1775104,2409927,71019,35036,35983,326868,4304640,-3977772,1774,1150,50303,635,32871,270745,-237874,4103711,3432235,671476,428267,682279,832593,388545,72735,44663,28072,982792,490799,491993,879392,950830,890651,749543,448666,10.83
2026-05-14,261431,95933,165498,3098197,280882,2817315,2508763,2353622,2361152,2918268,71227,39036,32191,335586,4279112,-3943526,1824,1135,52008,630,35074,260685,-225611,4135442,3482101,653341,424050,656098,864744,485115,69430,41508,27922,995662,522792,472870,968752,892534,1055867,929757,437162,11.86
2026-05-15,259336,100614,158722,3088919,285062,2803857,2921368,2858972,2446899,3130948,71251,39277,31974,343106,4239629,-3896523,1819,1398,53854,600,35826,252333,-216507,4149099,3506968,642131,532822,789341,904311,513070,67970,42159,25811,993695,543160,450535,1249664,1055962,1173138,933583,434383,12.43
2026-05-18,251393,101045,150348,3071144,280965,2790179,3033226,3046311,3106383,3717967,67164,39237,27927,360352,4236736,-3876384,1884,884,60258,490,34922,244788,-209866,4158769,3525497,633272,517083,731449,1089492,686328,70978,39387,31591,1010788,557855,452933,1321533,1095083,1468297,1319645,424457,12.49
2026-05-19,254202,98421,155781,3085145,286560,2798585,2090148,1865841,1546904,2196644,67196,37737,29459,389024,4241838,-3852814,3634,1024,57933,340,35238,251518,-216280,4160037,3553115,606922,406028,611362,813798,385995,70724,39684,31040,1045938,598631,447307,751501,773083,901533,737190,427360,12.29
2026-05-20,255741,97717,158024,3118637,290580,2828057,2239775,2136871,2117526,2680124,67455,37712,29743,403505,4256781,-3853276,4434,964,57533,300,35093,257613,-222520,4183382,3602126,581256,441464,663620,854211,475740,72341,37588,34753,1104206,660243,443963,873281,757499,1036217,909323,430630,11.99
2026-05-21,261355,98212,163143,3134943,275287,2859656,2925068,2708891,2232722,2919021,67316,37772,29544,418403,4271635,-3853232,4643,915,50304,300,35690,266880,-231190,4157045,3579589,577456,564691,820753,919425,504978,81514,43011,38503,988366,572246,416120,1065425,1029268,1111435,889588,445875,11.8
2026-05-22,254325,92661,161664,3132410,274494,2857916,2644777,2718504,2446220,3083482,67686,37619,30067,435198,4321198,-3886000,14281,865,56708,300,43530,268522,-224992,4182673,3546361,636312,653857,815806,926504,532543,82231,48970,33261,926977,535205,391772,1239552,1017293,1190072,1003180,447772,13.95
2026-05-25,236960,94928,142032,3125923,282539,2843384,2633517,2747313,3184259,3717343,70495,37982,32513,444752,4326741,-3881989,4056,602,56762,300,51190,266167,-214977,4199409,3528303,671106,799957,843791,1024401,668943,88702,48270,40432,888658,521159,367499,1277534,1123359,1428659,1307494,447347,16.13
2026-05-26,203646,83663,119983,3005478,196487,2808991,1629668,1471635,1276980,1911829,74983,35781,39202,271829,4170590,-3898761,1176,0,32201,0,38261,191126,-152865,4030223,3381136,649087,320160,520515,681647,246905,23038,29358,-6320,741381,300698,440683,555957,514811,667344,499437,339928,16.68
2026-05-27,215846,78846,137000,3068923,218849,2850074,2172971,2067315,1720920,2426032,70785,35961,34824,284078,4214429,-3930351,5436,0,32351,0,38864,201876,-163012,4045376,3406908,638468,426192,633361,768438,331028,23635,32447,-8812,779660,337851,441809,756728,660652,892083,656732,349130,16.14
2026-05-29,242451,89019,153432,3164055,209222,2954833,3203100,3057999,1884923,2670685,73902,36223,37679,298128,4383275,-4085147,6501,0,34309,0,31724,233033,-201309,4005908,3359696,646212,553247,823871,842769,381083,45121,34923,10198,835785,351683,484102,1242937,1123915,1063624,773857,393198,11.98
2026-06-01,260863,88077,172786,3165393,214431,2950962,3861508,3594686,2158229,2953549,69661,34473,35188,306882,4402595,-4095713,6601,50,25337,0,26822,250002,-223180,4024076,3384276,639800,640525,894212,869221,375175,51681,36475,15206,854443,349492,504951,1385065,1404751,1107028,831090,409027,9.69
2026-06-02,269410,82885,186525,3166657,228879,2937778,1988574,1696634,1425709,2149721,65965,33084,32881,334878,4508321,-4173443,7251,30,23860,0,24538,254634,-230096,4027528,3292711,734817,382230,662013,795091,299989,45586,34896,10690,859903,359055,500848,655550,674928,780463,575412,405499,8.79
2026-06-03,277894,81809,196085,3224593,220096,3004497,2274631,2111732,1817274,2577771,66156,29722,36434,349735,4564681,-4214946,7726,0,23880,20,25951,285204,-259253,3987022,3296202,690820,487011,738356,903225,365221,62276,35542,26734,897288,377659,519629,915544,834822,923547,724913,432277,8.34
2026-06-04,283258,79589,203669,3253734,219271,3034463,2654982,2497471,2213601,2981624,66500,29722,36778,352479,4602944,-4250465,7746,0,23880,0,28171,292739,-264568,3994648,3305830,688818,514106,788094,920148,403282,64404,40283,24121,903366,376182,527184,1066328,957595,1026039,798763,442333,8.78
2026-06-05,286458,78010,208448,3256645,217975,3038670,3219313,3132182,2249212,3060615,66330,28937,37393,360339,4635030,-4274691,7899,0,23885,45,25958,293664,-267706,4008540,3307562,700978,591082,867141,977772,447544,62649,40784,21865,917180,382137,535043,1414049,1233021,1110215,852879,441395,8.12
2026-06-08,291791,80764,211027,3226541,225586,3000955,3782454,3589144,2415737,3235807,64282,20337,43945,362502,4638462,-4275960,7899,30,23875,18,24810,302424,-277614,4016575,3316826,699749,672055,965991,1000213,450778,63140,40498,22642,942040,366784,575256,1404683,1311926,1176722,929945,444023,7.58
2026-06-09,282229,77643,204586,3234153,218533,3015620,1986157,1753032,1534690,2263172,65697,15637,50060,366670,4679063,-4312393,7919,40,23875,18,31170,308171,-277001,4046562,3308351,738211,446983,713453,870166,343108,62075,39720,22355,931423,372861,558562,706394,680928,836168,658601,441171,9.19
2026-06-10,277954,71591,206363,3210912,230310,2980602,2550804,2335558,1808760,2576597,68620,15031,53589,372806,4650791,-4277985,8194,40,24380,3,32698,304677,-271979,4058928,3329768,729160,521246,798673,930475,399488,58510,46483,12027,936324,368101,568223,898562,844534,953417,740944,437782,9.69
2026-06-11,274729,74884,199845,3215219,231574,2983645,2770839,2580584,2155088,2925866,68407,12331,56076,381601,4658719,-4277118,8194,40,24380,3,34564,301547,-266983,4080638,3361530,719108,537462,831387,995295,457456,56371,45309,11062,948345,373980,574365,968919,873402,1013851,805288,434071,10.28
2026-06-12,258005,77605,180400,3198550,218213,2980337,2499577,2476544,3015372,3727671,75317,13508,61809,391708,4699485,-4307777,10634,400,18986,51,39971,283594,-243623,4122991,3339091,783900,623418,832438,1194064,651452,56144,54730,1414,927953,384413,543540,1054697,878944,1441958,1291206,429437,12.35
2026-06-15,248989,77808,171181,3191341,226273,2965068,3471569,3283652,2946678,3615349,82961,8989,73972,402729,4669287,-4266558,12367,420,18126,51,41074,282315,-241241,4135474,3344880,790594,672396,924723,1145247,600061,49496,53408,-3912,920713,409817,510896,1360281,1307819,1355607,1250198,422520,12.7
2026-06-16,239851,76938,162913,3206531,234155,2972376,2076108,1850911,1734177,2334347,81423,13589,67834,403062,4642726,-4239664,14370,400,18066,65,39125,268725,-229600,4121804,3358072,763732,494509,726531,972009,420721,49918,51065,-1147,929182,425626,503556,695469,702613,786578,755698,410317,12.71
2026-06-17,232345,75417,156928,3210147,248502,2961645,2408405,2183516,2213511,2779037,81249,13589,67660,415236,4622785,-4207549,11863,430,20366,65,39837,264525,-224688,4110782,3360835,749947,538259,801310,1018888,471414,49466,49366,100,951240,455283,495957,865331,838603,913787,916036,402897,13.09
2026-06-18,229204,73795,155409,3247402,266133,2981269,2644774,2512637,2552873,3188046,83186,13589,69597,434984,4607637,-4172653,12434,445,24966,135,40846,262322,-221476,4092772,3385294,707478,592087,832766,1080328,517665,47949,51479,-3530,979531,495625,483906,983601,887048,1072551,1024872,401185,13.47
2026-06-19,238409,76124,162285,3299193,282940,3016253,3119888,2974782,2416378,3193601,84100,11589,72511,459287,4594205,-4134918,12434,430,22666,135,39587,266010,-226423,4108754,3474848,633906,640164,940484,1157965,528275,46731,55104,-8373,1027166,542407,484759,1216287,1073078,1043549,918547,408827,12.95
2026-06-22,228174,74152,154022,3309424,305053,3004371,3508302,3296883,2886603,3585324,79200,11631,67569,460307,4569282,-4108975,8454,200,22666,85,39777,262561,-222784,4108505,3497332,611173,679021,974503,1231195,584453,50641,49448,1193,1062416,568985,493431,1274503,1198693,1209480,1180082,397792,13.16
2026-06-23,242243,78805,163438,3339310,312318,3026992,2554240,2235307,1698424,2436023,78979,11725,67254,431484,4529693,-4098209,25954,220,20647,85,40727,269288,-228561,4128938,3533896,595042,593936,868929,1087379,415123,48501,50632,-2131,1104672,628497,476175,866585,936259,767713,722932,410450,13.14
2026-06-24,235429,81280,154149,3278555,297618,2980937,2481053,2367862,2544224,3128163,78988,12525,66463,443022,4502152,-4059130,25954,60,20647,994,46870,275923,-229053,4081121,3444664,636457,554506,845271,1179334,575924,56066,47625,8441,1015702,573966,441736,919946,768266,975624,1014749,417353,14.52
2026-06-25,231872,80830,151042,3259903,303989,2955914,2891581,2752062,2568557,3299456,81983,12596,69387,448696,4468679,-4019983,5994,0,21107,994,51212,275021,-223809,4072069,3419078,652991,655869,915781,1184577,587931,54221,50841,3380,973582,562504,411078,964008,849609,1013226,899086,419288,15.7
2026-06-29,244810,77464,167346,3250779,294315,2956464,3863212,3647290,2826521,3573429,82029,11796,70233,469740,4482036,-4012296,6109,50,25857,194,60489,294940,-234451,4035844,3359553,676291,871182,1116554,1263889,647669,49806,52934,-3128,964315,584774,379541,1410184,1386793,1209175,1104152,437134,17.02
2026-06-30,247940,61833,186107,3159794,185689,2974105,1786336,1594036,1224600,1941469,72667,11786,60881,246518,4278999,-4032481,3350,0,23205,179,33502,289912,-256410,3743679,3233585,510094,330405,563503,750617,218081,39762,30340,9422,854102,305820,548282,575773,538325,700644,539336,393871,10.36
2026-07-01,251066,63543,187523,3194768,198901,2995867,2163161,2028147,1888743,2586510,72675,11786,60889,253022,4287615,-4034593,3485,0,25675,179,32476,292535,-260059,3771958,3275109,496849,424988,674108,881237,375453,40082,28435,11647,869585,327708,541877,736795,626175,907476,740987,396299,9.99
2026-07-02,243441,65455,177986,3188761,209794,2978967,2268313,2209220,2447661,3024894,76185,11589,64596,260380,4299854,-4039474,3460,40,25675,1019,29443,286343,-256900,3804985,3270416,534569,439185,664085,859057,417015,40808,26490,14318,865927,339989,525938,772614,610227,974285,863750,389877,9.32
2026-07-03,239868,67171,172697,3193072,215579,2977493,3096998,3007973,2747363,3360184,76163,11589,64574,273405,4308220,-4034815,4090,835,26055,1014,29772,280539,-250767,3835098,3287749,547349,479396,712869,921556,444381,44875,31379,13496,866163,356190,509973,929076,787884,1027040,916435,390678,9.59
2026-07-06,232341,67709,164632,3179272,234871,2944401,2801650,2754218,3400685,3913827,77668,11572,66096,287044,4297008,-4009964,4195,800,26015,1779,32686,273965,-241279,3856372,3284328,572044,481814,670467,973972,516945,42645,32094,10551,864025,370506,493519,962571,824746,1246877,1214999,385340,10.66
2026-07-07,228252,64093,164159,3162432,246922,2915510,1803242,1631914,1500941,2015837,80816,11572,69244,287662,4279786,-3992124,5290,90,26027,229,32710,271548,-238838,3845780,3242088,603692,355937,544458,718833,275050,38805,33370,5435,867367,394445,472922,583538,571546,632342,587027,380583,10.75
2026-07-08,245471,58316,187155,3095220,233127,2862093,2773248,2479076,1722410,2351332,79832,8602,71230,298456,4219367,-3920911,6745,940,28169,369,30225,298811,-268586,3804278,3226723,577555,486150,769301,912286,365622,46256,36055,10201,888725,407462,481263,920746,937573,744822,690364,401784,9.19
2026-07-09,238476,58860,179616,3125733,248751,2876982,2877150,2705175,2163635,2809195,78283,8602,69681,301278,4245102,-3943824,7051,950,28649,369,31455,297706,-266251,3815377,3223806,591571,496386,752614,935784,411559,50489,33535,16954,901430,426159,475271,906869,828716,886700,793645,398703,9.56
2026-07-10,230182,60551,169631,3108529,263369,2845160,2678011,2639136,2788195,3417713,78304,10880,67424,322858,4261952,-3939094,5721,900,28739,304,34427,289138,-254711,3841103,3202675,638428,520634,739245,1058720,580162,51172,33516,17656,903186,447680,455506,973913,798997,1201939,1079415,394085,10.64
2026-07-13,228874,62043,166831,3136160,276185,2859975,2916605,2897584,3534672,4141090,78213,10880,67333,339787,4278776,-3938989,6036,915,32812,304,32009,287122,-255113,3833241,3205416,627825,507535,683709,1075158,620999,50458,29509,20949,922639,471450,451189,1002009,849976,1470340,1350590,389554,10.03
2026-07-14,236786,57754,179032,3165551,283269,2882282,1988310,1862244,1558376,2187395,76373,10960,65413,356748,4248154,-3891406,6095,830,32414,154,26671,292136,-265465,3783940,3237702,546238,425667,604801,815790,317466,48801,27781,21020,964424,501538,462886,716728,668925,723668,625233,388631,8.37
2026-07-15,230456,57864,172592,3180859,296919,2883940,2468399,2356107,1859909,2510574,76670,10920,65750,379348,4242463,-3863115,5990,800,32404,274,26357,289069,-262712,3770340,3252827,517513,454643,684037,894399,393471,52300,27930,24370,998927,537265,461662,880391,768480,801196,683589,385783,8.36
2026-07-16,228686,59851,168835,3179481,296958,2882523,2705275,2620666,2103936,2749094,74619,10920,63699,374634,4264717,-3890083,7715,0,32404,214,25419,275305,-249886,3784692,3250525,534167,484524,703407,915636,427465,46950,29598,17352,1039156,565763,473393,944098,817538,891192,766395,375674,8.45
2026-07-17,219094,73128,145966,3158159,324434,2833725,2387972,2599692,3123046,3593778,74763,15604,59159,395684,4246695,-3851011,7590,26,32374,164,30554,247082,-216528,3780034,3226489,553545,584454,653865,1048195,650336,40283,28880,11403,1072053,608312,463741,1063247,789680,1304060,1263397,364694,11.01
2026-07-20,215325,65941,149384,3164722,312153,2852569,2859358,2963923,3159938,3777033,74318,15512,58806,394872,4252674,-3857802,7640,40,33849,182,25335,245158,-219823,3764392,3210689,553703,538235,688092,1038902,628369,46089,34456,11633,1090966,639436,451530,1111291,864469,1323625,1150730,361067,9.37
2026-07-21,214933,66852,148081,3211868,322286,2889582,2226814,2080039,1721080,2330256,91039,15512,75527,397830,4247390,-3849560,7715,30,33897,182,23712,252559,-228847,3764692,3240746,523946,472444,642499,871686,362759,41021,35782,5239,1127312,691280,436032,724714,709118,779626,713092,370705,8.58
2026-07-22,227949,63366,164583,3224508,333164,2891344,3016955,2844682,2004385,2696167,89529,15707,73822,401268,4222046,-3820778,7815,120,34284,182,24436,276140,-251704,3772145,3261469,510676,588956,837929,1009374,464966,44801,31502,13299,1163936,745178,418758,1084005,1015000,897069,783797,386715,8.13
2026-07-23,232911,65424,167487,3196204,316879,2879325,3445334,3278282,2142806,2912153,83066,15760,67306,403988,4228114,-3824126,7815,225,35354,185,24274,287356,-263082,3753431,3206282,547149,618665,933152,1037634,491106,60363,32074,28289,1049022,651370,397652,1233629,1093784,957379,769727,400614,7.79
2026-07-24,239763,63265,176498,3192332,278253,2914079,3506533,3461767,2630865,3333756,80806,15678,65128,406764,4311708,-3904944,7815,275,41274,225,28237,299084,-270847,3754752,3180040,574712,681831,940641,1125560,590382,64445,35224,29221,975847,559694,416153,1325852,1119349,1056485,929820,413251,8.63
2026-07-27,230926,61733,169193,3186895,288415,2898480,3446702,3380079,3189753,3844111,80730,15645,65085,420312,4350550,-3930238,7770,235,50746,225,28429,295354,-266925,3745860,3094669,651191,693833,919371,1124890,642841,65692,33045,32647,922798,542231,380567,1233529,1082150,1269977,1148189,405777,8.78
2026-07-28,205837,52584,153253,3072856,194452,2878404,1757449,1568403,1373039,1996366,70112,15641,54471,258616,4199595,-3940979,3360,80,38202,125,21862,227463,-205601,3515193,2950984,564209,304843,552390,733568,211668,20281,22404,-2123,817070,318704,498366,532086,476865,553144,489794,318092,8.77
2026-07-29,192134,56744,135390,3055276,211014,2844262,2023947,2015299,2074938,2561131,69833,15641,54192,269347,4217525,-3948178,4410,80,46039,125,23204,218022,-194818,3510264,2883886,626378,402321,560534,778070,300894,27987,22751,5236,810213,332675,477538,715192,569957,738386,775283,313158,9.62
2026-07-30,192228,58740,133488,3073832,218238,2855594,2275804,2235930,2524210,2994419,69579,20021,49558,270241,4201679,-3931438,4425,80,52470,65,24435,211047,-186612,3497629,2875340,622289,424574,600859,798055,357330,27208,23642,3566,806601,353046,453555,776587,644520,868220,891141,313450,10.38
2026-07-31,189825,61901,127924,3074728,227207,2847521,2558236,2534120,2962505,3650125,65228,20021,45207,275335,4215043,-3939708,4575,80,52790,90,24761,197874,-173113,3504120,2859657,644463,452291,636816,908013,454243,25720,25738,-18,811664,363940,447724,892107,736193,1286439,1105289,305534,11.12
2026-08-03,180339,64057,116282,3084746,234348,2850398,2812903,2870577,3482907,4043939,65551,19896,45655,284282,4207205,-3922923,5140,900,52750,845,26545,177361,-150816,3495859,2852633,643226,512688,641218,988969,555574,23296,34417,-11121,806744,377445,429299,975714,793751,1291329,1215597,295731,13.02
2026-08-04,193780,59483,134297,3138160,257471,2880689,2036751,1858946,1672968,2172970,53395,15556,37839,288649,4208241,-3919592,5370,100,48525,0,25701,179474,-153773,3492641,2865103,627538,419226,584223,758507,272779,24532,42895,-18363,808127,396762,411365,650792,668870,567612,601864,297408,12.53
2026-08-05,194961,58810,136151,3163265,261342,2901923,2555208,2479092,1987886,2545506,54768,19776,34992,291515,4253166,-3961651,5340,80,49779,0,25437,184340,-158903,3509076,2873001,636075,446265,674856,791017,329845,32893,45133,-12240,830617,406964,423653,919712,772498,724252,677583,308059,12.13
2026-08-06,183769,59902,123867,3160894,258551,2902343,2527303,2560736,2429368,2827857,54252,19776,34476,313127,4274832,-3961705,5895,80,50694,0,27655,172773,-145118,3520556,2881392,639164,504478,667523,810226,422599,32797,46022,-13225,839929,419731,420198,873393,682729,774860,814693,298473,13.8
2026-08-07,189917,59531,130386,3169436,254526,2914910,3056750,3091110,2446522,3013273,54109,19776,34333,323928,4292525,-3968597,7070,92,52164,0,26129,176187,-150058,3518604,2885070,633534,586358,799389,840884,426472,32229,46890,-14661,841943,421790,420153,1128509,888096,934475,834301,302384,12.91
2026-08-10,191745,61393,130352,3185509,260286,2925223,3366275,3386935,2955174,3508031,54369,19776,34593,328844,4303314,-3974470,7070,60,50647,0,25556,177719,-152163,3515936,2888986,626950,573876,773812,905739,475947,33097,45879,-12782,850823,428526,422297,1192352,978766,1128006,1055589,304767,12.57
2026-08-11,196678,61004,135674,3205741,258083,2947658,2174211,1985478,1710323,2233593,51393,19808,31585,334027,4326964,-3992937,7020,30,51200,0,24269,180400,-156131,3509424,2892910,616514,417329,614908,800126,314982,33910,45038,-11128,865903,437138,428765,671656,669801,651956,665030,306250,11.86
2026-08-12,202589,57690,144899,3243912,266261,2977651,2691819,2544031,2063199,2637341,50085,20040,30045,333214,4374788,-4041574,7400,130,50975,0,27560,192729,-165169,3520189,2895927,624262,459680,690619,863065,363328,35869,45644,-9775,899504,459843,439661,910526,834644,760154,736724,316103,12.51
2026-08-13,206578,57192,149386,3262993,265777,2997216,3079457,2885085,2445670,2931232,50089,20040,30049,329742,4400081,-4070339,7400,110,50751,0,27487,196189,-168702,3528485,2900054,628431,477249,766090,895305,421189,36385,47118,-10733,911616,466924,444692,1045293,958113,849565,888870,320539,12.29
2026-08-14,211638,55956,155682,3275125,261974,3013151,3205535,3072956,2649873,3257565,50830,20040,30790,329392,4402412,-4073020,7380,130,50603,0,25537,202235,-176698,3535257,2910988,624269,537355,814000,975053,477877,36280,46054,-9774,918232,482632,435600,1122941,986124,1024818,964904,324285,11.21
2026-08-17,215653,55062,160591,3294002,262390,3031612,3502967,3407366,2930320,3591086,50815,19776,31039,334344,4429649,-4095305,7390,80,46308,0,25299,206886,-181587,3547694,2919718,627976,606002,834527,1019884,517429,34053,44096,-10043,935593,499876,435717,1135458,1009844,1142752,1030750,325820,10.9
2026-08-18,226578,52782,173796,3331486,268369,3063117,2650275,2354637,1772503,2469903,50874,19801,31073,339009,4432841,-4093832,7340,70,47308,100,25502,219660,-194158,3554988,2949625,605363,453048,684709,946223,335143,35523,46234,-10711,963739,538387,425352,754989,826235,712472,673359,338477,10.4
2026-08-19,237939,52531,185408,3354294,282605,3071689,3332338,3059377,2098952,2811771,47420,19851,27569,345371,4450101,-4104730,7340,70,44204,100,24870,234677,-209807,3580969,2963832,617137,551764,865350,1026054,454430,38025,41195,-3170,999703,583799,415904,1036616,1003261,841394,744304,348254,9.58
2026-08-20,230698,57393,173305,3321427,261692,3059735,2977400,2866063,2650666,3341328,47113,19835,27278,351385,4467747,-4116362,8221,80,44254,0,24335,236448,-212113,3630708,2964410,666298,555019,788812,1069438,590522,49571,38041,11530,914851,524522,390329,976354,862039,1142299,974807,351717,9.33
2026-08-21,228719,57703,171016,3342459,266272,3076187,3181286,3116422,2927817,3625353,47906,19791,28115,366957,4485936,-4118979,8221,130,44254,0,26060,235915,-209855,3655491,2973732,681759,605959,824072,1107435,639488,50287,39563,10724,881221,520188,361033,1122093,976935,1270133,1084798,352972,9.95
2026-08-24,236736,55580,181156,3332483,252308,3080175,4129857,3902845,2812592,3656581,44784,19764,25020,382167,4498002,-4115835,8246,237,63572,20,27079,246462,-219383,3628809,2944993,683816,835264,1034944,1166125,584167,51987,38780,13207,850473,498629,351844,1306384,1341724,1173286,974806,360586,9.9
2026-08-25,218413,60777,157636,3232366,183211,3049155,1673419,1578726,1535931,2139953,37106,19764,17342,262916,4363222,-4100306,4201,266,30503,40,23857,208084,-184227,3435001,2834383,600618,333003,531433,819216,269780,32516,23267,9249,754573,304040,450533,553934,454133,611629,587505,311892,10.29
2026-08-26,223646,63363,160283,3309656,194625,3115031,2512058,2320987,1853031,2516035,37353,19764,17589,272637,4396969,-4124332,4201,296,32019,40,25651,211711,-186060,3425528,2857765,567763,433630,669515,867038,311287,38116,29928,8188,779206,337668,441538,760188,719280,700084,624810,324766,10.81
2026-08-27,236277,62119,174158,3356195,202027,3154168,3347782,3058629,2005423,2766406,39277,19764,19513,280888,4417260,-4136372,4676,351,33554,40,24190,221982,-197792,3420712,2879342,541370,501788,767644,976716,350356,40235,36114,4121,791489,350655,440834,952746,980368,835738,734629,339979,9.83
2026-08-28,240128,63169,176959,3366585,205567,3161018,3303540,3212343,2438836,3163902,43377,23164,20213,287023,4451007,-4163984,4676,326,34529,40,24157,226790,-202633,3433551,2884325,549226,536783,766803,1018674,424314,41362,35901,5461,806481,352741,453740,1056433,921960,967418,871201,349024,9.63
2026-08-31,243172,64953,178219,3399737,207114,3192623,3753284,3557602,2879869,3565915,43452,23164,20288,295304,4516143,-4220839,4676,366,31824,40,24195,233510,-209315,3460600,2896720,563880,646758,872220,1075482,524075,44539,33731,10808,826373,362037,464336,1122063,1096592,1123332,1020477,355358,9.39
2026-09-01,251892,64762,187130,3388948,203620,3185328,2404377,2142394,1601079,2358027,43641,23164,20477,300978,4496859,-4195881,5176,341,31963,40,24718,246750,-222032,3449700,2898377,551323,404624,652685,911336,278871,44427,30002,14425,818606,359376,459230,743625,762383,707472,614913,364678,9.11
2026-09-02,260288,60218,200070,3375603,202107,3173496,3059089,2786022,2133820,2845960,42113,28846,13267,308826,4543311,-4234485,5176,916,30048,40,28537,257700,-229163,3466665,2873663,593002,461823,761076,971327,378104,46234,30408,15826,825391,357404,467987,853160,831235,784778,695869,377172,9.97
2026-09-03,261619,55623,205996,3385672,209099,3176573,3751431,3368894,2367385,3169206,42163,28876,13287,321637,4559199,-4237562,5176,1066,32079,40,33502,268604,-235102,3467706,2857809,609897,554883,867090,1051305,401256,48193,32374,15819,814423,363331,451092,1079067,1153508,964885,845152,385477,11.09
2026-09-04,261701,51859,209842,3395893,210809,3185084,3669328,3443458,2808996,3525254,42445,31076,11369,325145,4600784,-4275639,5176,1281,32147,40,33689,269527,-235838,3462494,2832351,630143,561316,864770,1070255,489344,46273,31646,14627,829131,368719,460412,1109513,1035824,1078081,974841,384108,11.11
2026-09-07,269796,50886,218910,3427173,209033,3218140,4830139,4462619,2778365,3667673,42493,31440,11053,325074,4621664,-4296590,4901,1251,31134,40,34987,285080,-250093,3444092,2842499,601593,798438,1096540,1104502,473355,50324,30194,20130,846402,369545,476857,1448678,1521746,1150500,923433,397600,10.93
2026-09-08,276494,50856,225638,3429721,216735,3212986,2723552,2379913,1729532,2473152,43447,32175,11272,326160,4626984,-4300824,5201,1768,30873,40,37183,298740,-261557,3442999,2851127,591872,462231,764313,971982,321337,54219,29572,24647,862396,366430,495966,839189,884179,669242,607100,411343,11.07
2026-09-09,283444,52964,230480,3457157,217175,3239982,3465517,3138861,2015007,2846685,43738,29127,14611,342847,4648076,-4305229,5201,3767,49673,0,39027,315277,-276250,3454240,2889772,564468,563759,906402,1070563,410311,63306,32147,31159,881001,380222,500779,1088947,1074395,796832,675079,429515,11.02
2026-09-10,286829,55858,230971,3460539,214728,3245811,3945571,3565411,2355516,3170018,43284,28392,14892,354539,4636004,-4281465,5401,3901,50538,0,39694,321538,-281844,3455879,2913959,541920,628810,947681,1124731,461967,66741,30760,35981,878487,384753,493734,1124666,1187456,917176,815976,436548,10.99
2026-09-11,286353,54865,231488,3478897,213571,3265326,3847943,3618281,3126037,3879158,43743,29395,14348,352254,4643802,-4291548,5401,3350,56824,0,41252,326134,-284882,3454581,2934979,519602,675792,962890,1331606,661895,66613,27567,39046,897564,390944,506620,1175140,1119754,1180310,1153725,437961,11.23
2026-09-15,292649,53186,239463,3464797,223232,3241565,2831955,2397187,1649909,2437390,43240,29518,13722,353928,4603044,-4249116,5101,1710,53470,0,46258,337310,-291052,3431913,2931900,500013,528339,841380,1058367,379847,68738,30871,37867,901170,393632,507538,833958,959076,725089,669598,450885,12.06
2026-09-16,289936,56634,233302,3445234,228230,3217004,3011455,2713125,2259579,2870213,40557,28011,12546,360574,4613178,-4252604,5539,1963,50325,0,47446,335549,-288103,3454477,2918400,536077,598953,887159,1136529,556367,72202,29947,42255,899938,400415,499523,924260,937961,858812,878666,450141,12.39
2026-09-17,295116,56168,238948,3456527,228245,3228282,3393646,3103248,2677261,3389439,40622,27764,12858,364586,4617954,-4253368,6939,2690,54885,50,47548,337589,-290041,3469011,2929446,539565,645825,928717,1186632,573922,68177,29942,38235,896062,410541,485521,1062451,1074206,1021913,977280,451463,12.35
2026-09-18,297981,56561,241420,3469998,230281,3239717,3604780,3371765,3094248,3890845,40741,27774,12967,365915,4599506,-4233591,8009,2390,57485,200,48406,336834,-288428,3448501,2947706,500795,690977,959379,1299085,668632,64601,30560,34041,906936,413857,493079,1111636,1081869,1192066,1083208,451729,12.57
2026-09-21,297064,55345,241719,3479598,248080,3231518,3801153,3618526,3759123,4586864,40954,27774,13180,372103,4583596,-4211493,8707,2590,69560,0,47731,338277,-290546,3458177,2953459,504718,724548,980904,1393670,755240,64099,28452,35647,916159,440902,475257,1157470,1089858,1416784,1297033,449848,12.37
2026-09-22,300851,55140,245711,3499040,256318,3242722,2691260,2385339,1888142,2615197,40955,27774,13181,374952,4580844,-4205892,12609,1975,63189,0,40257,343165,-302908,3476168,2969294,506874,561866,818240,1066896,424670,70336,26320,44016,933538,477242,456296,723801,783981,709217,687577,452399,10.5
2026-09-23,294244,53999,240245,3516943,270019,3246924,3012081,2823271,2535022,3225982,39976,27774,12202,374226,4578480,-4204254,12644,1722,81486,0,40611,339224,-298613,3496486,2987215,509271,705480,894277,1132740,580376,72732,26566,46166,958712,510653,448059,899939,910874,938739,881630,447563,10.69
