Date,USD_INR,EUR_INR,GBP_INR,JPY_INR
2006-05-16,44.995,58.476,85.91,0.4146
2006-05-17,44.625,57.506,84.96,0.4069
2006-05-18,45.4,58.323,85.93,0.4091
2006-05-19,45.295,57.633,85.22,0.4042
2006-05-22,45.29,58.208,85.38,0.4065
2006-05-23,45.38,57.969,85.11,0.4045
2006-05-24,45.68,58.309,85.44,0.4049
2006-05-25,45.769,58.618,85.84,0.4095
2006-05-26,45.755,58.792,85.83,0.4097
2006-05-29,45.99,58.655,85.53,0.4087
2006-05-30,46.08,59.275,86.69,0.4108
2006-05-31,46.16,59.124,86.35,0.41
2006-06-01,46.12,59.061,86.04,0.4099
2006-06-02,45.594,58.812,85.82,0.4076
2006-06-05,45.68,58.922,85.47,0.4066
2006-06-06,45.85,58.76,85.29,0.4048
2006-06-07,45.73,58.543,84.92,0.4031
2006-06-08,45.76,57.869,84.31,0.4016
2006-06-09,45.86,57.723,84.42,0.4007
2006-06-12,45.82,57.659,84.39,0.4005
2006-06-13,45.94,57.627,84.23,0.3984
2006-06-14,45.82,57.752,84.5,0.3987
2006-06-15,45.81,57.879,84.74,0.3992
2006-06-16,45.849,57.521,84.85,0.3952
2006-06-19,45.82,57.622,84.33,0.3969
2006-06-20,45.86,57.712,84.51,0.3991
2006-06-21,45.84,58.036,84.57,0.3991
2006-06-22,45.92,57.746,83.94,0.3953
2006-06-23,45.945,57.433,83.53,0.3935
2006-06-26,46.254,58.211,84.33,0.3978
2006-06-27,46.26,58.142,84.21,0.3974
2006-06-28,46.3,58.059,84.13,0.3976
2006-06-29,46.26,58.581,84.55,0.4017
2006-06-30,45.805,58.405,84.77,0.399
2006-07-03,45.94,58.792,84.62,0.4003
2006-07-04,45.9,58.684,84.64,0.3986
2006-07-05,45.95,58.497,84.33,0.3976
2006-07-06,45.94,58.52,84.39,0.3974
2006-07-07,45.785,58.579,84.83,0.4008
2006-07-10,46.0,58.608,84.75,0.4024
2006-07-11,46.14,58.897,85.1,0.4035
2006-07-12,46.02,58.475,84.42,0.3989
2006-07-13,46.22,58.661,85.24,0.4006
2006-07-14,46.327,58.218,85.21,0.3967
2006-07-17,46.58,58.29,84.73,0.3977
2006-07-18,46.56,58.19,84.96,0.3968
2006-07-19,46.8,58.947,86.23,0.4005
2006-07-20,46.76,59.067,86.45,0.3996
2006-07-21,46.585,58.974,86.61,0.3995
2006-07-24,46.848,59.141,86.66,0.4013
2006-07-25,46.72,58.774,85.99,0.3987
2006-07-26,46.68,59.323,86.54,0.4011
2006-07-27,46.54,59.077,86.45,0.4021
2006-07-28,46.465,59.155,86.52,0.4044
2006-07-31,46.42,59.268,86.68,0.4052
2006-08-01,46.44,59.504,87.09,0.4051
2006-08-02,46.5,59.485,87.33,0.4059
2006-08-03,46.428,59.415,87.61,0.4035
2006-08-04,46.432,59.651,88.61,0.4038
2006-08-07,46.5,59.563,88.54,0.4036
2006-08-08,46.4,59.277,88.08,0.4011
2006-08-09,46.4,59.745,88.44,0.4024
2006-08-10,46.312,59.242,87.72,0.4021
2006-08-11,46.425,59.153,87.75,0.4002
2006-08-14,46.488,59.116,87.77,0.3984
2006-08-15,46.44,59.393,87.97,0.4005
2006-08-16,46.468,59.677,88.11,0.401
2006-08-17,46.293,59.4,87.27,0.3993
2006-08-18,46.392,59.501,87.3,0.4006
2006-08-21,46.389,59.714,87.75,0.4
2006-08-22,46.389,59.44,87.62,0.3982
2006-08-23,46.392,59.289,87.76,0.3986
2006-08-24,46.448,59.267,87.68,0.3988
2006-08-25,46.448,59.259,87.68,0.3961
2006-08-28,46.49,59.468,88.09,0.3967
2006-08-29,46.394,59.514,88.11,0.3975
2006-08-30,46.288,59.425,88.16,0.3955
2006-08-31,46.476,59.517,88.43,0.3959
2006-09-01,46.508,59.658,88.56,0.397
2006-09-04,46.252,59.456,88.12,0.3981
2006-09-05,46.153,59.178,87.45,0.3972
2006-09-06,46.049,59.0,86.81,0.3949
2006-09-07,46.052,58.642,86.38,0.3955
2006-09-08,46.152,58.469,86.06,0.395
2006-09-11,46.153,58.658,86.11,0.3926
2006-09-12,46.184,58.616,86.6,0.392
2006-09-13,46.004,58.416,86.38,0.3917
2006-09-14,45.914,58.408,86.59,0.3905
2006-09-15,46.049,57.905,86.49,0.3889
2006-09-18,46.048,58.518,86.61,0.3905
2006-09-19,46.03,58.348,86.6,0.3913
2006-09-20,46.031,58.402,86.89,0.392
2006-09-21,45.789,58.514,87.09,0.3934
2006-09-22,45.821,58.352,87.04,0.3907
2006-09-25,45.793,58.375,87.02,0.3932
2006-09-26,45.891,58.223,86.95,0.3917
2006-09-27,45.831,58.228,86.57,0.3902
2006-09-28,45.828,58.208,86.0,0.3891
2006-09-29,45.715,57.901,85.67,0.3876
2006-10-02,45.714,58.242,86.25,0.3885
2006-10-03,45.716,58.202,86.22,0.3871
2006-10-04,45.632,58.011,86.08,0.3873
2006-10-05,45.594,57.875,85.64,0.3868
2006-10-06,45.488,57.047,85.12,0.3809
2006-10-09,45.629,57.485,85.21,0.3836
2006-10-10,45.67,57.227,84.67,0.3816
2006-10-11,45.552,57.037,84.48,0.3804
2006-10-12,45.514,57.153,84.62,0.3812
2006-10-13,45.245,56.465,84.09,0.3775
2006-10-16,45.354,56.865,84.45,0.3812
2006-10-17,45.133,56.61,84.47,0.3807
2006-10-18,45.211,56.678,84.43,0.3801
2006-10-19,45.206,57.082,84.85,0.3823
2006-10-20,45.234,56.817,85.22,0.3794
2006-10-23,45.329,56.882,84.91,0.3799
2006-10-24,45.153,56.702,84.58,0.3782
2006-10-25,45.29,57.129,85.1,0.3807
2006-10-26,45.17,57.34,85.39,0.3815
2006-10-27,45.005,57.135,85.45,0.3813
2006-10-30,44.829,57.0,85.15,0.381
2006-10-31,44.835,57.235,85.54,0.3839
2006-11-01,44.712,57.023,85.27,0.3813
2006-11-02,44.819,57.272,85.51,0.3826
2006-11-03,44.801,56.662,85.2,0.3778
2006-11-06,44.811,57.024,85.06,0.3792
2006-11-07,44.756,57.184,85.29,0.3805
2006-11-08,44.614,56.923,84.98,0.3786
2006-11-09,44.454,57.039,84.76,0.3773
2006-11-10,44.611,57.123,85.19,0.3781
2006-11-13,44.802,57.45,85.33,0.3808
2006-11-14,45.09,57.762,85.47,0.3833
2006-11-15,45.193,57.957,85.38,0.3833
2006-11-16,44.77,57.267,84.54,0.3786
2006-11-17,44.773,57.211,84.97,0.3788
2006-11-20,44.935,57.592,85.25,0.3806
2006-11-21,44.898,57.653,85.26,0.3808
2006-11-22,44.574,57.666,85.32,0.3817
2006-11-23,44.632,57.802,85.51,0.3838
2006-11-24,44.53,58.15,86.26,0.3834
2006-11-27,44.591,58.58,86.45,0.3842
2006-11-28,44.599,58.9,87.11,0.3845
2006-11-29,44.614,58.68,86.85,0.3833
2006-11-30,44.551,59.018,87.6,0.3851
2006-12-01,44.435,59.036,88.24,0.3837
2006-12-04,44.537,59.387,88.21,0.386
2006-12-05,44.494,59.248,87.8,0.3871
2006-12-06,44.615,59.271,87.73,0.3869
2006-12-07,44.574,59.208,87.48,0.3869
2006-12-08,44.465,58.653,87.09,0.3766
2006-12-11,44.693,59.22,87.61,0.3827
2006-12-12,44.774,59.462,88.25,0.3837
2006-12-13,44.734,59.129,88.01,0.3811
2006-12-14,44.672,58.778,87.65,0.3795
2006-12-15,44.475,58.18,86.8,0.3759
2006-12-18,44.716,58.592,87.12,0.3787
2006-12-19,44.691,59.028,88.07,0.3787
2006-12-20,44.673,58.895,87.8,0.3776
2006-12-21,44.531,58.705,87.38,0.3766
2006-12-22,44.305,58.104,87.17,0.3721
2006-12-25,44.305,56.421,87.17,0.3722
2006-12-26,44.305,56.421,87.17,0.3612
2006-12-27,44.26,58.063,86.58,0.3726
2006-12-28,44.277,58.213,86.88,0.3723
2006-12-29,44.04,58.014,86.61,0.3693
2007-01-01,44.215,58.444,86.83,0.3719
2007-01-02,44.122,58.577,87.06,0.3713
2007-01-03,44.111,58.09,86.09,0.3696
2007-01-04,44.095,57.906,85.95,0.3723
2007-01-05,44.14,57.284,85.35,0.3714
2007-01-08,44.255,57.639,85.77,0.3724
2007-01-09,44.21,57.579,85.92,0.3714
2007-01-10,44.375,57.477,85.83,0.3716
2007-01-11,44.425,57.262,86.36,0.369
2007-01-12,44.255,57.2,87.2,0.3668
2007-01-15,44.135,57.085,86.69,0.3664
2007-01-16,44.125,57.143,86.74,0.3662
2007-01-17,44.025,57.174,87.07,0.3663
2007-01-18,44.085,57.349,87.36,0.3649
2007-01-19,44.085,57.121,87.27,0.3629
2007-01-22,44.045,57.126,87.2,0.3627
2007-01-23,44.075,57.472,87.47,0.3627
2007-01-24,44.085,57.25,86.92,0.3654
2007-01-25,44.085,57.164,86.82,0.3634
2007-01-26,44.015,56.915,86.29,0.3612
2007-01-29,44.07,57.302,86.71,0.3631
2007-01-30,43.975,57.012,86.29,0.3614
2007-01-31,44.005,57.29,86.39,0.3644
2007-02-01,43.945,57.322,86.62,0.3644
2007-02-02,43.935,56.97,86.31,0.3622
2007-02-05,43.965,56.783,86.08,0.3653
2007-02-06,44.054,57.191,86.83,0.367
2007-02-07,44.014,57.311,86.76,0.365
2007-02-08,44.052,57.432,86.28,0.3636
2007-02-09,43.865,57.031,85.77,0.3594
2007-02-12,44.074,57.128,85.82,0.362
2007-02-13,43.961,57.289,85.53,0.3625
2007-02-14,43.874,57.638,86.16,0.3647
2007-02-15,44.015,57.817,85.89,0.3687
2007-02-16,43.805,57.547,85.416,0.3662
2007-02-19,43.992,57.856,85.8,0.3675
2007-02-20,44.117,57.994,86.28,0.3676
2007-02-21,44.078,57.914,86.11,0.3645
2007-02-22,44.171,57.969,86.42,0.3635
2007-02-23,44.015,57.968,86.379,0.3629
2007-02-26,44.098,58.175,86.59,0.3655
2007-02-27,44.114,58.365,86.57,0.3735
2007-02-28,44.016,58.235,86.45,0.3706
2007-03-01,44.196,58.194,86.5,0.3753
2007-03-02,44.035,57.963,85.536,0.3757
2007-03-05,44.514,58.254,85.49,0.3851
2007-03-06,44.112,57.946,85.34,0.3777
2007-03-07,44.435,58.546,85.75,0.384
2007-03-08,44.113,57.96,85.12,0.3765
2007-03-09,44.01,57.719,85.01,0.3711
2007-03-12,44.053,58.098,85.11,0.3745
2007-03-13,44.015,58.052,84.91,0.3792
2007-03-14,44.232,58.503,85.76,0.3771
2007-03-15,44.152,58.62,85.58,0.3767
2007-03-16,43.89,58.446,85.25,0.3751
2007-03-19,44.02,58.587,85.66,0.3741
2007-03-20,43.454,57.872,85.24,0.3707
2007-03-21,43.442,58.22,85.54,0.3701
2007-03-22,43.434,57.909,85.34,0.3677
2007-03-23,43.305,57.567,84.941,0.3661
2007-03-26,43.155,57.528,85.02,0.3653
2007-03-27,43.053,57.528,84.67,0.3656
2007-03-28,43.09,57.378,84.56,0.3688
2007-03-29,43.575,58.102,85.52,0.3692
2007-03-30,43.045,57.575,85.0,0.365
2007-04-02,43.174,57.723,85.39,0.3666
2007-04-03,43.012,57.305,84.88,0.362
2007-04-04,42.808,57.246,84.61,0.3606
2007-04-05,42.696,57.337,84.17,0.3597
2007-04-06,42.695,57.211,84.76,0.3582
2007-04-09,42.872,57.253,84.11,0.3595
2007-04-10,42.594,57.198,83.97,0.3575
2007-04-11,42.613,57.259,84.2,0.3572
2007-04-12,42.552,57.393,84.25,0.3575
2007-04-13,42.365,57.311,84.149,0.3546
2007-04-16,41.775,56.512,83.07,0.3488
2007-04-17,41.853,56.8,84.01,0.3518
2007-04-18,41.835,56.958,84.03,0.353
2007-04-19,42.075,57.32,84.3,0.3558
2007-04-20,41.52,56.42,83.235,0.3492
2007-04-23,41.58,56.46,83.16,0.3505
2007-04-24,41.013,55.908,82.09,0.3461
2007-04-25,40.854,55.721,81.79,0.3443
2007-04-26,40.729,55.345,81.08,0.3407
2007-04-27,40.725,55.622,81.366,0.3394
2007-04-30,40.969,55.927,81.93,0.3431
2007-05-01,41.114,55.907,82.14,0.343
2007-05-02,40.976,55.669,81.48,0.3409
2007-05-03,40.933,55.473,81.37,0.3401
2007-05-04,40.515,55.048,81.07,0.3365
2007-05-07,40.7,55.357,81.12,0.3391
2007-05-08,40.691,55.106,80.95,0.3392
2007-05-09,40.614,54.935,80.96,0.338
2007-05-10,41.216,55.556,81.57,0.3439
2007-05-11,40.675,55.737,81.66,0.3431
2007-05-14,40.655,55.054,80.45,0.3378
2007-05-15,40.88,55.555,81.16,0.34
2007-05-16,40.758,55.102,80.57,0.3375
2007-05-17,40.53,54.69,80.03,0.3341
2007-05-18,40.305,54.458,79.607,0.3323
2007-05-21,40.535,54.591,79.91,0.3337
2007-05-22,40.542,54.533,80.06,0.3333
2007-05-23,40.49,54.489,80.42,0.3331
2007-05-24,40.495,54.371,80.38,0.3336
2007-05-25,40.215,54.099,79.738,0.33
2007-05-28,40.514,54.477,80.34,0.3327
2007-05-29,40.369,54.279,79.94,0.332
2007-05-30,40.529,54.437,80.09,0.3334
2007-05-31,40.546,54.549,80.26,0.333
2007-06-01,40.215,54.071,79.709,0.3287
2007-06-04,40.135,54.141,79.92,0.3297
2007-06-05,40.16,54.287,80.03,0.3309
2007-06-06,40.493,54.643,80.67,0.3346
2007-06-07,40.452,54.32,80.01,0.3346
2007-06-08,40.76,54.504,80.309,0.3342
2007-06-11,40.509,54.096,79.77,0.3327
2007-06-12,40.57,53.986,80.11,0.3336
2007-06-13,40.552,53.972,80.0,0.3307
2007-06-14,40.557,53.975,79.87,0.3298
2007-06-15,40.46,54.186,80.014,0.3269
2007-06-18,40.437,54.242,80.21,0.3269
2007-06-19,40.654,54.569,80.8,0.3294
2007-06-20,40.48,54.22,80.63,0.3278
2007-06-21,40.534,54.281,80.77,0.3276
2007-06-22,40.495,54.541,80.928,0.3254
2007-06-25,40.653,54.727,81.22,0.3289
2007-06-26,40.753,54.807,81.43,0.3312
2007-06-27,40.818,54.921,81.61,0.3313
2007-06-28,40.714,54.747,81.51,0.3304
2007-06-29,40.53,54.908,81.436,0.328
2007-07-02,40.532,55.246,81.77,0.3314
2007-07-03,40.355,54.926,81.39,0.3294
2007-07-04,40.413,55.013,81.48,0.3294
2007-07-05,40.395,54.916,81.27,0.3286
2007-07-06,40.31,54.93,81.067,0.3263
2007-07-09,40.229,54.807,81.07,0.3261
2007-07-10,40.175,55.259,81.43,0.3309
2007-07-11,40.31,55.428,81.89,0.3297
2007-07-12,40.454,55.779,82.09,0.3305
2007-07-13,40.2,55.426,81.77,0.3292
2007-07-16,40.174,55.355,81.82,0.3298
2007-07-17,40.293,55.565,82.48,0.3303
2007-07-18,40.333,55.681,82.82,0.3309
2007-07-19,40.194,55.462,82.35,0.3291
2007-07-20,40.125,55.483,82.505,0.3302
2007-07-23,40.051,55.282,82.47,0.3309
2007-07-24,40.217,55.602,82.9,0.3345
2007-07-25,40.232,55.204,82.58,0.3339
2007-07-26,40.176,55.23,82.26,0.3391
2007-07-27,40.32,54.987,81.664,0.3399
2007-07-30,40.454,55.455,82.02,0.3395
2007-07-31,40.398,55.232,82.02,0.3411
2007-08-01,40.373,55.209,82.04,0.3392
2007-08-02,40.149,55.019,81.78,0.337
2007-08-03,40.195,55.419,82.054,0.3399
2007-08-06,40.189,55.454,81.64,0.3383
2007-08-07,40.337,55.429,81.57,0.3394
2007-08-08,40.232,55.528,81.96,0.3361
2007-08-09,40.435,55.289,81.8,0.3417
2007-08-10,40.4,55.334,81.717,0.34
2007-08-13,40.35,54.903,81.18,0.3412
2007-08-14,40.655,55.015,81.18,0.3461
2007-08-15,40.877,54.879,81.21,0.3515
2007-08-16,41.093,55.16,81.57,0.3601
2007-08-17,40.985,55.227,81.232,0.3582
2007-08-20,41.02,55.272,81.57,0.3572
2007-08-21,40.96,55.106,81.119,0.3588
2007-08-22,40.96,55.496,81.708,0.3542
2007-08-23,40.775,55.284,81.68,0.3514
2007-08-24,40.84,55.818,82.228,0.3495
2007-08-27,40.9,55.771,82.16,0.3539
2007-08-28,40.893,55.619,81.81,0.3577
2007-08-29,40.896,55.911,82.48,0.3528
2007-08-30,40.991,55.92,82.56,0.3536
2007-08-31,40.575,55.273,81.808,0.3497
2007-09-03,40.791,55.541,82.3,0.3523
2007-09-04,40.715,55.439,82.0,0.3501
2007-09-05,40.834,55.735,82.49,0.3545
2007-09-06,40.575,55.568,82.18,0.3516
2007-09-07,40.34,55.542,81.83,0.355
2007-09-11,40.354,55.84,82.04,0.3531
2007-09-12,40.272,56.005,81.72,0.3527
2007-09-13,40.357,55.951,81.4,0.3521
2007-09-14,40.285,55.911,80.84,0.3482
2007-09-17,40.377,55.985,80.52,0.351
2007-09-18,40.217,56.224,80.96,0.3469
2007-09-19,40.033,55.914,80.08,0.345
2007-09-20,39.615,55.761,79.64,0.3454
2007-09-21,39.77,56.028,80.332,0.3435
2007-09-24,39.431,55.487,79.68,0.3432
2007-09-25,39.66,56.112,80.06,0.3458
2007-09-26,39.633,56.0,79.87,0.3433
2007-09-27,39.653,56.129,80.36,0.3432
2007-09-28,39.575,56.432,80.97,0.3428
2007-10-01,39.668,56.455,81.07,0.3426
2007-10-02,39.573,56.002,80.71,0.342
2007-10-03,39.32,55.409,79.9,0.3371
2007-10-04,39.216,55.415,79.93,0.3366
2007-10-05,39.405,55.701,80.469,0.337
2007-10-08,39.352,55.268,80.1,0.3353
2007-10-09,39.155,55.227,79.77,0.3341
2007-10-10,39.175,55.388,79.98,0.3344
2007-10-11,39.236,55.72,79.81,0.3343
2007-10-12,39.095,55.427,79.648,0.3315
2007-10-15,39.236,55.73,80.12,0.3343
2007-10-16,39.155,55.506,79.57,0.3347
2007-10-17,39.471,56.099,80.51,0.3389
2007-10-18,39.555,56.531,80.85,0.3425
2007-10-19,39.45,56.396,80.924,0.3426
2007-10-22,39.652,56.219,80.59,0.3465
2007-10-23,39.415,56.199,80.82,0.3431
2007-10-24,39.375,56.152,80.71,0.3449
2007-10-25,39.473,56.555,80.97,0.3461
2007-10-26,39.235,56.461,80.546,0.3428
2007-10-29,39.215,56.532,80.81,0.3418
2007-10-30,39.31,56.759,81.29,0.3426
2007-10-31,39.174,56.691,81.47,0.3395
2007-11-01,39.256,56.632,81.55,0.3429
2007-11-02,39.195,56.855,81.737,0.3408
2007-11-05,39.256,56.839,81.7,0.3433
2007-11-06,39.215,57.1,81.85,0.3418
2007-11-07,39.129,57.219,82.17,0.3475
2007-11-08,39.249,57.607,82.73,0.3482
2007-11-09,39.045,57.277,81.779,0.3519
2007-11-12,39.272,57.034,80.68,0.3583
2007-11-13,39.353,57.538,81.65,0.354
2007-11-14,39.26,57.483,80.58,0.3526
2007-11-15,39.214,57.323,80.16,0.3549
2007-11-16,39.175,57.43,80.395,0.3528
2007-11-19,39.155,57.429,80.24,0.3567
2007-11-20,39.156,58.068,80.9,0.3567
2007-11-21,39.255,58.317,80.99,0.3621
2007-11-22,39.455,58.592,81.37,0.3635
2007-11-23,39.6,58.707,81.628,0.3655
2007-11-27,39.716,58.93,82.11,0.3649
2007-11-28,39.631,58.802,82.37,0.3603
2007-11-29,39.573,58.406,81.62,0.3605
2007-11-30,39.455,57.725,81.12,0.3546
2007-12-03,39.494,57.927,81.5,0.3575
2007-12-04,39.352,58.101,81.01,0.3582
2007-12-05,39.398,57.526,79.88,0.3553
2007-12-06,39.392,57.702,79.88,0.3536
2007-12-07,39.36,57.721,79.9,0.3527
2007-12-10,39.344,57.855,80.45,0.3518
2007-12-11,39.293,57.619,79.99,0.3545
2007-12-12,39.294,57.811,80.36,0.3507
2007-12-13,39.309,57.535,80.35,0.3501
2007-12-14,39.24,56.602,79.159,0.3456
2007-12-17,39.373,56.744,79.58,0.3489
2007-12-19,39.49,56.798,78.83,0.3485
2007-12-20,39.489,56.603,78.33,0.3491
2007-12-21,39.235,56.443,77.772,0.343
2007-12-24,39.252,56.498,77.64,0.3438
2007-12-25,39.235,56.498,77.581,0.3423
2007-12-26,39.39,57.125,78.144,0.3451
2007-12-27,39.197,57.278,78.19,0.3442
2007-12-28,39.245,57.755,78.36,0.349
2007-12-31,39.245,57.292,77.954,0.3536
2008-01-01,39.245,57.298,77.98,0.3504
2008-01-02,39.375,57.959,78.03,0.3604
2008-01-03,39.353,58.012,77.66,0.3593
2008-01-04,39.095,57.679,77.083,0.3599
2008-01-07,39.213,57.597,77.14,0.3589
2008-01-08,39.196,57.639,77.28,0.3596
2008-01-09,39.213,57.496,76.76,0.3568
2008-01-10,39.216,58.037,76.91,0.3577
2008-01-11,39.095,57.773,76.49,0.3578
2008-01-14,39.217,58.307,76.63,0.3623
2008-01-15,39.192,58.043,76.77,0.3673
2008-01-16,39.171,57.409,76.87,0.3648
2008-01-17,39.191,57.384,77.23,0.3683
2008-01-18,39.284,57.271,76.82,0.3666
2008-01-21,39.476,56.931,76.82,0.3666
2008-01-22,39.31,57.654,77.37,0.3658
2008-01-23,39.473,57.724,77.2,0.37
2008-01-24,39.369,58.165,77.86,0.3675
2008-01-25,39.275,57.623,77.831,0.3668
2008-01-28,39.295,58.098,78.0,0.3672
2008-01-29,39.21,57.922,78.0,0.3663
2008-01-30,39.347,58.318,78.03,0.3703
2008-01-31,39.314,58.437,78.25,0.3699
2008-02-01,39.273,58.118,77.16,0.3687
2008-02-04,39.272,58.219,77.55,0.3681
2008-02-05,39.451,57.746,77.49,0.3704
2008-02-06,39.536,57.779,77.51,0.3716
2008-02-07,39.459,57.123,76.65,0.3676
2008-02-08,39.535,57.375,76.923,0.368
2008-02-11,39.526,57.321,77.06,0.3699
2008-02-12,39.575,57.71,77.56,0.3686
2008-02-13,39.634,57.691,77.77,0.3661
2008-02-14,39.576,57.924,77.94,0.3669
2008-02-15,39.585,58.105,77.61,0.3669
2008-02-18,39.636,58.07,77.32,0.3664
2008-02-19,39.685,58.46,77.31,0.3677
2008-02-20,40.134,59.081,77.96,0.3714
2008-02-21,39.915,59.134,78.37,0.3716
2008-02-22,39.975,59.289,78.638,0.3724
2008-02-25,39.913,59.201,78.48,0.3695
2008-02-26,39.815,59.704,79.12,0.3708
2008-02-27,39.69,60.005,78.7,0.3731
2008-02-28,39.816,60.474,79.2,0.3795
2008-02-29,39.91,60.619,79.353,0.3842
2008-03-03,40.254,61.185,79.88,0.3888
2008-03-04,40.209,61.151,79.83,0.3889
2008-03-05,40.174,61.371,80.0,0.3866
2008-03-06,40.044,61.617,80.58,0.3905
2008-03-07,40.239,61.815,81.03,0.3925
2008-03-10,40.314,61.854,80.97,0.3975
2008-03-11,40.175,61.62,80.639,0.3884
2008-03-12,39.979,62.113,81.03,0.3938
2008-03-13,40.124,62.7,81.56,0.3986
2008-03-14,40.075,62.543,80.942,0.4039
2008-03-17,40.374,63.597,80.63,0.4161
2008-03-18,40.154,62.863,80.65,0.402
2008-03-19,40.133,62.734,79.6,0.4065
2008-03-20,40.275,62.227,79.94,0.4056
2008-03-21,40.185,61.372,79.687,0.3961
2008-03-24,40.185,61.955,79.814,0.3981
2008-03-25,40.052,62.532,80.2,0.4002
2008-03-26,40.057,63.361,80.38,0.4039
2008-03-27,39.945,63.158,80.16,0.4013
2008-03-28,39.615,62.421,79.018,0.3991
2008-03-31,39.889,62.849,79.12,0.3994
2008-04-02,39.92,62.563,79.32,0.39
2008-04-03,39.884,62.458,79.55,0.3898
2008-04-04,39.805,62.601,79.347,0.3917
2008-04-07,39.873,62.612,79.26,0.3892
2008-04-08,39.829,62.508,78.32,0.3875
2008-04-09,39.817,62.993,78.59,0.3911
2008-04-10,39.89,62.787,78.65,0.3907
2008-04-11,39.775,62.928,78.838,0.3925
2008-04-14,39.869,63.071,78.75,0.3939
2008-04-15,39.864,62.927,78.19,0.3915
2008-04-16,39.829,63.53,78.51,0.391
2008-04-17,39.872,63.384,79.35,0.389
2008-04-18,39.654,62.672,79.17,0.3845
2008-04-21,39.817,63.362,78.87,0.3855
2008-04-22,39.828,63.692,79.52,0.3873
2008-04-23,39.86,63.345,78.94,0.3857
2008-04-24,40.035,62.795,78.99,0.384
2008-04-25,40.065,62.627,79.541,0.3829
2008-04-28,40.031,62.66,79.7,0.3841
2008-04-29,40.3,62.742,79.3,0.3876
2008-04-30,40.386,63.103,80.27,0.3888
2008-05-02,40.485,62.473,79.804,0.3838
2008-05-05,40.52,62.806,79.946,0.3855
2008-05-06,40.673,63.192,80.26,0.3885
2008-05-07,41.316,63.557,80.67,0.3943
2008-05-08,41.7,64.207,81.53,0.4014
2008-05-09,41.412,64.133,80.91,0.4027
2008-05-12,41.831,65.001,81.84,0.4031
2008-05-13,41.974,64.939,81.69,0.4009
2008-05-14,42.365,65.525,82.46,0.4032
2008-05-15,42.369,65.487,82.51,0.4044
2008-05-16,42.366,66.069,82.89,0.4081
2008-05-19,42.351,65.761,82.56,0.4057
2008-05-20,42.611,66.706,83.85,0.4114
2008-05-21,42.62,67.264,84.02,0.4134
2008-05-22,43.078,67.76,85.3,0.4139
2008-05-23,42.61,67.254,84.487,0.4123
2008-05-26,42.545,67.128,84.299,0.4111
2008-05-27,42.811,67.162,84.59,0.4108
2008-05-28,42.772,66.967,84.73,0.4087
2008-05-29,42.676,66.224,84.32,0.4045
2008-05-30,42.531,66.138,84.31,0.4033
2008-06-02,42.19,65.594,82.94,0.4039
2008-06-03,42.242,65.239,82.89,0.4016
2008-06-04,42.512,65.587,83.06,0.4038
2008-06-05,42.793,66.706,83.78,0.404
2008-06-06,42.716,67.498,84.16,0.4076
2008-06-09,42.809,66.978,84.5,0.4027
2008-06-10,42.83,66.213,83.68,0.399
2008-06-11,42.593,66.271,83.64,0.3982
2008-06-12,42.749,66.111,83.23,0.3966
2008-06-13,42.831,65.921,83.38,0.3966
2008-06-16,42.814,66.254,84.1,0.3959
2008-06-17,42.712,66.302,83.61,0.3956
2008-06-18,42.842,66.569,83.91,0.3973
2008-06-19,42.854,66.454,84.52,0.3971
2008-06-20,42.8,66.894,84.573,0.3981
2008-06-23,42.895,66.58,84.28,0.3977
2008-06-24,42.848,66.704,84.42,0.3975
2008-06-25,42.689,66.905,84.29,0.396
2008-06-26,42.652,67.182,84.76,0.3988
2008-06-27,42.715,67.434,85.165,0.4019
2008-06-30,42.852,67.486,85.4,0.4038
2008-07-02,43.114,68.438,85.9,0.4068
2008-07-03,43.197,67.791,85.63,0.4046
2008-07-04,43.085,67.626,85.459,0.4029
2008-07-07,43.151,67.833,85.29,0.4028
2008-07-08,43.292,67.825,85.26,0.403
2008-07-09,43.073,67.778,85.37,0.403
2008-07-10,43.092,68.018,85.21,0.4025
2008-07-11,42.832,68.31,85.21,0.4032
2008-07-14,42.677,67.803,85.09,0.4017
2008-07-15,43.111,68.529,86.37,0.4114
2008-07-16,43.092,68.171,86.11,0.4096
2008-07-17,42.731,67.749,85.35,0.4021
2008-07-18,42.716,67.719,85.38,0.3994
2008-07-21,42.653,67.88,85.4,0.4005
2008-07-22,42.653,67.351,84.99,0.3977
2008-07-23,41.997,65.894,83.88,0.389
2008-07-24,41.996,65.869,83.44,0.3909
2008-07-25,42.278,66.26,84.12,0.392
2008-07-28,42.192,66.414,84.13,0.3927
2008-07-29,42.516,66.271,84.2,0.3932
2008-07-30,42.411,66.048,84.02,0.3922
2008-07-31,42.434,66.169,84.15,0.3936
2008-08-26,43.675,63.966,80.3,0.3984
2008-08-27,43.654,64.268,80.12,0.3985
2008-08-28,43.65,64.219,79.86,0.3988
2008-08-29,43.625,63.989,79.463,0.4006
2008-09-01,43.974,64.09,78.76,0.4071
2008-09-02,44.257,64.236,78.84,0.4071
2008-09-03,43.893,63.56,77.81,0.4051
2008-09-04,44.388,63.263,78.13,0.4156
2008-09-05,44.573,63.603,78.715,0.4133
2008-09-08,44.176,62.457,77.75,0.4083
2008-09-09,44.786,63.381,78.89,0.4175
2008-09-10,45.059,62.99,78.97,0.4181
2008-09-11,45.39,63.562,79.7,0.4246
2008-09-12,45.611,64.896,81.74,0.4221
2008-09-15,45.83,65.376,82.38,0.4396
2008-09-16,46.69,65.94,83.23,0.4423
2008-09-17,46.087,66.054,83.7,0.4418
2008-09-18,46.529,66.585,84.48,0.4406
2008-09-19,45.705,65.886,83.672,0.4245
2008-09-22,45.244,66.956,84.04,0.4286
2008-09-23,45.772,67.215,84.92,0.4327
2008-09-24,45.895,67.139,84.87,0.4326
2008-09-25,46.17,67.606,84.96,0.4343
2008-09-26,46.498,67.889,85.696,0.4382
2008-09-29,46.493,66.845,84.41,0.4472
2008-09-30,46.601,65.694,83.06,0.4392
2008-10-01,46.567,65.255,82.41,0.4394
2008-10-02,46.399,64.014,81.81,0.441
2008-10-03,46.973,64.743,83.225,0.4486
2008-10-06,47.565,64.252,82.92,0.4665
2008-10-07,47.718,64.825,83.31,0.47
2008-10-08,47.95,65.367,82.83,0.4814
2008-10-09,47.588,64.716,81.29,0.4781
2008-10-10,48.423,64.868,82.499,0.4836
2008-10-13,48.136,65.55,83.93,0.4702
2008-10-14,47.998,65.35,83.58,0.4704
2008-10-15,48.405,65.076,83.18,0.4853
2008-10-16,48.653,65.629,84.37,0.4804
2008-10-17,48.823,65.525,84.449,0.4815
2008-10-20,48.694,64.802,83.4,0.4778
2008-10-21,48.897,63.861,81.57,0.4875
2008-10-22,49.208,63.057,79.71,0.5029
2008-10-23,49.585,64.149,80.43,0.5086
2008-10-24,49.755,62.83,79.175,0.5285
2008-10-27,49.72,61.937,77.22,0.5333
2008-10-28,49.166,63.03,79.15,0.5011
2008-10-29,49.481,64.12,81.0,0.5072
2008-10-30,49.371,63.514,80.84,0.4996
2008-10-31,49.403,62.737,79.395,0.503
2008-11-03,48.373,61.003,76.26,0.4885
2008-11-04,47.654,61.897,75.96,0.4775
2008-11-05,47.229,61.005,74.82,0.481
2008-11-06,47.476,60.28,74.0,0.4879
2008-11-07,47.555,60.452,74.414,0.4865
2008-11-10,47.292,60.276,73.92,0.4826
2008-11-11,47.889,59.84,73.57,0.4918
2008-11-12,49.285,61.407,73.4,0.5194
2008-11-13,48.995,62.717,73.09,0.5025
2008-11-14,48.783,61.442,71.96,0.5026
2008-11-17,48.786,61.682,73.13,0.5058
2008-11-18,49.582,62.63,74.16,0.5122
2008-11-19,49.652,62.026,74.32,0.517
2008-11-20,50.401,62.665,74.22,0.5357
2008-11-21,49.548,63.034,74.79,0.5219
2008-11-24,49.794,64.321,75.42,0.514
2008-11-25,49.583,64.664,76.51,0.52
2008-11-26,49.289,63.539,75.57,0.5151
2008-11-27,48.994,63.178,75.46,0.5134
2008-11-28,49.87,63.31,76.715,0.5221
2008-12-01,50.188,63.246,74.58,0.5386
2008-12-02,50.091,63.648,74.63,0.5376
2008-12-03,49.848,63.328,73.66,0.5351
2008-12-04,49.576,63.332,72.8,0.5362
2008-12-05,49.563,63.019,72.872,0.5312
2008-12-08,49.421,63.781,73.45,0.5308
2008-12-09,48.892,63.186,72.14,0.5295
2008-12-10,48.973,63.721,72.47,0.5274
2008-12-11,48.39,64.517,72.72,0.529
2008-12-12,48.233,64.439,72.094,0.5293
2008-12-15,47.487,65.047,72.67,0.5246
2008-12-16,47.768,67.187,74.49,0.5383
2008-12-17,47.571,68.522,73.75,0.545
2008-12-18,46.647,66.676,70.26,0.5211
2008-12-19,47.038,65.493,70.519,0.5244
2008-12-22,47.933,66.886,71.06,0.5315
2008-12-23,48.63,67.776,71.7,0.5351
2008-12-24,48.072,67.31,70.81,0.5311
2008-12-25,48.683,68.227,71.742,0.5355
2008-12-26,48.683,68.278,70.992,0.5332
2008-12-29,48.017,67.43,69.5,0.5297
2008-12-30,48.45,68.462,70.03,0.536
2008-12-31,48.065,67.185,70.435,0.53
2009-01-01,48.065,66.871,70.831,0.5265
2009-01-02,48.245,67.162,70.061,0.525
2009-01-05,48.229,65.752,70.96,0.5171
2009-01-06,48.505,65.546,72.34,0.5196
2009-01-07,48.551,66.104,73.19,0.5237
2009-01-08,48.365,66.241,73.64,0.5292
2009-01-09,48.468,65.326,73.56,0.5372
2009-01-12,48.492,64.756,71.84,0.5421
2009-01-13,48.87,64.473,70.92,0.5466
2009-01-14,48.65,64.3,71.08,0.5457
2009-01-15,48.67,64.024,71.38,0.5408
2009-01-16,48.643,64.644,71.695,0.5335
2009-01-19,48.539,63.545,70.02,0.5353
2009-01-20,48.909,62.988,67.87,0.5443
2009-01-21,49.133,63.83,68.17,0.5517
2009-01-22,49.081,63.816,68.13,0.5505
2009-01-23,49.018,63.542,67.552,0.5466
2009-01-26,48.469,63.96,67.75,0.5433
2009-01-27,48.791,64.475,69.22,0.5461
2009-01-28,48.792,64.155,69.4,0.539
2009-01-29,48.873,63.207,69.8,0.5433
2009-01-30,48.733,63.267,71.77,0.548
2009-02-02,48.925,62.686,69.5,0.5475
2009-02-03,48.736,63.41,70.35,0.5453
2009-02-04,48.551,62.404,70.18,0.5427
2009-02-05,48.715,62.315,71.26,0.5341
2009-02-06,48.09,62.174,71.14,0.5233
2009-02-09,48.536,62.957,72.13,0.5318
2009-02-10,48.592,62.738,70.75,0.5372
2009-02-11,48.608,62.574,69.82,0.5384
2009-02-12,48.747,62.794,69.61,0.5372
2009-02-13,48.76,62.725,70.01,0.5325
2009-02-16,48.718,62.355,69.65,0.5311
2009-02-17,49.45,62.216,70.4,0.5356
2009-02-18,49.895,62.684,71.09,0.5326
2009-02-19,49.6,62.805,70.75,0.5279
2009-02-20,49.068,63.451,70.84,0.5258
2009-02-23,49.302,62.536,71.36,0.5226
2009-02-24,49.774,64.055,72.26,0.5153
2009-02-25,49.752,63.31,70.73,0.5105
2009-02-26,50.192,63.851,71.73,0.5105
2009-02-27,50.65,64.237,72.52,0.5191
2009-03-02,51.546,64.742,72.33,0.5308
2009-03-03,51.889,65.074,72.85,0.5268
2009-03-04,51.432,65.04,72.92,0.5196
2009-03-05,51.693,64.859,73.06,0.5269
2009-03-06,51.564,65.172,72.54,0.5249
2009-03-09,51.787,65.343,71.42,0.5232
2009-03-10,51.524,65.505,71.04,0.5215
2009-03-11,51.086,65.411,70.68,0.525
2009-03-12,51.627,66.596,71.89,0.5303
2009-03-13,51.489,66.568,72.08,0.5252
2009-03-16,51.289,66.553,72.19,0.5221
2009-03-17,51.295,66.849,72.11,0.5193
2009-03-18,51.23,69.09,73.19,0.5316
2009-03-19,50.314,68.721,72.94,0.5319
2009-03-20,50.588,68.763,73.14,0.5278
2009-03-23,50.304,68.515,73.27,0.518
2009-03-24,50.328,67.886,74.02,0.5125
2009-03-25,50.397,68.456,73.34,0.5159
2009-03-26,50.346,68.107,72.82,0.5099
2009-03-27,50.925,66.896,72.98,0.5143
2009-03-30,50.969,67.204,72.6,0.523
2009-03-31,50.784,67.304,72.89,0.513
2009-04-01,50.543,66.914,73.08,0.5123
2009-04-02,50.241,67.654,74.02,0.5046
2009-04-03,49.848,67.218,73.93,0.4968
2009-04-06,49.912,66.885,73.55,0.4953
2009-04-07,49.848,66.168,73.46,0.4948
2009-04-08,50.09,66.387,73.59,0.5023
2009-04-09,49.83,65.572,73.1,0.4963
2009-04-10,49.628,65.487,72.71,0.4957
2009-04-13,49.74,66.268,73.598,0.4957
2009-04-14,49.733,65.975,74.11,0.5023
2009-04-15,49.597,65.596,74.37,0.4998
2009-04-16,49.755,65.557,74.23,0.5007
2009-04-17,49.632,64.789,73.51,0.501
2009-04-20,50.053,64.696,72.77,0.5104
2009-04-21,50.267,65.035,73.73,0.5096
2009-04-22,50.29,65.377,72.84,0.5126
2009-04-23,49.85,65.474,73.35,0.5091
2009-04-24,49.609,65.932,72.99,0.5112
2009-04-27,50.086,65.195,73.22,0.5188
2009-04-28,50.436,66.224,73.76,0.5224
2009-04-29,49.871,66.137,73.63,0.5113
2009-04-30,49.188,65.077,72.73,0.4983
2009-05-01,49.192,65.264,73.34,0.4959
2009-05-04,49.61,66.371,74.302,0.5005
2009-05-05,49.311,65.671,74.32,0.4985
2009-05-06,49.308,65.633,74.69,0.5009
2009-05-07,49.19,65.9,73.96,0.4964
2009-05-08,49.15,67.073,74.91,0.4994
2009-05-11,49.293,66.975,74.59,0.5055
2009-05-12,49.273,67.247,75.26,0.5108
2009-05-13,49.531,67.291,75.05,0.5195
2009-05-14,49.755,67.834,75.76,0.518
2009-05-15,49.412,66.714,75.01,0.5194
2009-05-18,47.588,64.522,73.0,0.4938
2009-05-19,47.43,64.665,73.44,0.4935
2009-05-20,47.228,65.029,74.37,0.4976
2009-05-21,47.231,65.673,74.87,0.5017
2009-05-22,47.145,65.972,75.06,0.4971
2009-05-25,47.278,66.196,75.224,0.4978
2009-05-26,47.525,66.512,75.74,0.5
2009-05-27,47.509,65.742,75.85,0.4984
2009-05-28,47.515,66.186,75.71,0.4908
2009-05-29,46.969,66.364,76.02,0.4911
2009-06-01,46.901,66.391,77.1,0.4855
2009-06-02,46.931,67.147,77.8,0.491
2009-06-03,46.891,66.337,76.47,0.488
2009-06-04,47.13,66.802,75.94,0.4873
2009-06-05,46.967,65.609,75.03,0.4752
2009-06-08,47.317,65.771,75.88,0.4805
2009-06-09,47.253,66.486,77.07,0.485
2009-06-10,47.15,65.917,77.13,0.4802
2009-06-11,47.365,66.831,78.55,0.4851
2009-06-12,47.309,66.283,77.8,0.4812
2009-06-15,47.812,65.919,77.92,0.4888
2009-06-16,47.695,65.964,78.2,0.4942
2009-06-17,47.995,66.888,78.64,0.5012
2009-06-18,47.958,66.718,78.46,0.4964
2009-06-19,48.108,67.067,79.35,0.4969
2009-06-22,48.268,66.899,78.85,0.5033
2009-06-23,48.592,68.365,79.83,0.5109
2009-06-24,48.351,67.399,79.41,0.5046
2009-06-25,48.511,67.851,79.42,0.5056
2009-06-26,48.036,67.509,79.38,0.5054
2009-06-29,48.029,67.642,79.55,0.4997
2009-06-30,47.801,67.099,78.7,0.4962
2009-07-01,47.852,67.674,78.85,0.4953
2009-07-02,47.859,66.775,78.22,0.4984
2009-07-03,47.87,66.926,78.22,0.4986
2009-07-06,48.439,67.7,78.82,0.509
2009-07-07,48.111,66.954,77.54,0.5079
2009-07-08,48.837,67.777,78.35,0.5263
2009-07-09,48.693,68.318,79.57,0.5231
2009-07-10,48.871,68.131,79.25,0.5281
2009-07-13,49.325,69.042,80.21,0.5305
2009-07-14,48.748,68.093,79.55,0.5216
2009-07-15,48.289,68.086,79.3,0.5127
2009-07-16,48.471,68.536,79.56,0.5168
2009-07-17,48.636,68.555,79.4,0.5159
2009-07-20,48.169,68.527,79.69,0.5121
2009-07-21,48.354,68.744,79.52,0.5175
2009-07-22,48.445,68.824,79.74,0.5179
2009-07-23,48.373,68.485,79.84,0.5093
2009-07-24,48.13,68.416,79.02,0.5076
2009-07-27,48.092,68.495,79.28,0.505
2009-07-28,48.133,68.186,79.01,0.5105
2009-07-29,48.392,67.884,79.17,0.5094
2009-07-30,48.275,67.924,79.62,0.5045
2009-07-31,47.626,67.904,79.55,0.5031
2009-08-03,47.616,68.618,80.64,0.5003
2009-08-04,47.47,68.335,80.41,0.4973
2009-08-05,47.57,68.569,80.86,0.5018
2009-08-06,47.614,68.386,79.95,0.4984
2009-08-07,47.869,67.882,79.85,0.4912
2009-08-10,47.707,67.453,78.63,0.492
2009-08-11,47.914,67.826,79.0,0.4997
2009-08-12,48.287,68.571,79.69,0.5015
2009-08-13,48.054,68.638,79.63,0.5044
2009-08-14,48.21,68.479,79.74,0.508
2009-08-17,48.571,68.394,79.34,0.5135
2009-08-18,48.689,68.792,80.58,0.5119
2009-08-19,48.671,69.358,80.58,0.5172
2009-08-20,48.616,69.315,80.25,0.5158
2009-08-21,48.433,69.36,79.91,0.5129
2009-08-24,48.409,69.181,79.43,0.5127
2009-08-25,48.673,69.518,79.4,0.5183
2009-08-26,48.774,69.442,79.15,0.5184
2009-08-27,48.889,70.254,79.64,0.522
2009-08-28,48.528,69.39,78.907,0.5183
2009-08-31,48.75,69.843,79.331,0.5245
2009-09-01,48.808,69.36,78.72,0.5265
2009-09-02,48.892,69.792,79.57,0.5304
2009-09-03,48.833,69.621,79.73,0.5268
2009-09-04,48.818,69.792,80.01,0.5249
2009-09-07,48.568,69.608,79.35,0.5227
2009-09-08,48.45,70.273,80.03,0.5248
2009-09-09,48.44,70.465,80.09,0.5256
2009-09-10,48.574,70.819,80.89,0.5296
2009-09-11,48.394,70.513,80.6,0.5337
2009-09-14,48.636,71.209,80.78,0.5351
2009-09-15,48.471,71.102,79.94,0.5332
2009-09-16,48.146,70.815,79.33,0.5288
2009-09-17,48.02,70.726,78.93,0.5263
2009-09-18,48.038,70.678,78.048,0.5261
2009-09-21,47.99,70.466,77.83,0.5215
2009-09-22,48.053,71.172,78.72,0.5296
2009-09-23,47.951,70.617,78.41,0.525
2009-09-24,47.908,70.202,76.902,0.5285
2009-09-25,47.938,70.431,76.578,0.5331
2009-09-28,47.746,69.863,75.858,0.5316
2009-09-29,48.068,70.112,76.537,0.5308
2009-09-30,47.81,70.08,76.596,0.532
2009-10-01,47.738,69.392,76.11,0.5328
2009-10-02,47.628,69.415,75.617,0.5313
2009-10-05,47.408,69.374,75.507,0.528
2009-10-06,46.79,68.833,74.408,0.5265
2009-10-07,46.598,68.39,74.076,0.5244
2009-10-08,46.218,68.296,74.374,0.5203
2009-10-09,46.458,68.296,73.842,0.5164
2009-10-12,46.338,68.483,73.144,0.5161
2009-10-13,46.283,68.665,73.562,0.5145
2009-10-14,46.018,68.564,73.484,0.513
2009-10-15,45.95,68.629,74.749,0.5052
2009-10-16,46.2,68.828,75.549,0.5078
2009-10-19,45.95,68.664,75.221,0.5055
2009-10-20,46.258,68.947,75.763,0.5078
2009-10-21,46.4,69.622,76.989,0.5104
2009-10-22,46.55,69.861,77.32,0.5082
2009-10-23,46.428,69.675,75.757,0.5045
2009-10-26,46.55,69.157,75.919,0.5047
2009-10-27,46.938,69.435,76.675,0.5107
2009-10-28,47.178,69.458,77.363,0.5203
2009-10-29,47.178,70.019,78.081,0.5152
2009-10-30,46.918,69.058,77.14,0.5202
2009-11-02,46.8,69.015,76.637,0.5168
2009-11-03,47.25,69.578,77.591,0.5225
2009-11-04,46.8,69.697,77.651,0.5169
2009-11-05,46.938,69.74,77.739,0.5158
2009-11-06,46.74,69.428,77.626,0.5203
2009-11-09,46.368,69.547,77.518,0.5154
2009-11-10,46.318,69.227,77.267,0.5146
2009-11-11,46.408,69.47,76.901,0.5151
2009-11-12,46.66,69.261,77.356,0.5164
2009-11-13,46.258,68.781,77.182,0.5159
2009-11-16,45.99,68.847,77.346,0.5161
2009-11-17,46.23,68.763,77.75,0.518
2009-11-18,46.1,68.893,77.093,0.5154
2009-11-19,46.55,69.445,77.553,0.5236
2009-11-20,46.54,69.175,76.83,0.5238
2009-11-23,46.36,69.448,76.975,0.5222
2009-11-24,46.3,69.246,76.758,0.5222
2009-11-25,46.01,69.393,76.715,0.5252
2009-11-26,46.668,69.874,76.99,0.5481
2009-11-27,46.45,69.541,76.633,0.5363
2009-11-30,46.458,69.587,76.221,0.5364
2009-12-01,46.228,69.748,76.86,0.5332
2009-12-02,46.2,69.489,76.849,0.5266
2009-12-03,46.0,69.423,76.204,0.5221
2009-12-04,46.118,68.582,76.154,0.5098
2009-12-07,46.468,68.787,76.335,0.519
2009-12-08,46.618,68.652,75.99,0.5288
2009-12-09,46.528,68.436,75.56,0.5271
2009-12-10,46.518,68.398,75.629,0.5262
2009-12-11,46.473,67.892,75.507,0.5205
2009-12-14,46.668,68.264,75.994,0.5251
2009-12-15,46.718,67.813,75.857,0.5203
2009-12-16,46.588,67.835,76.246,0.5197
2009-12-17,46.868,67.1,75.616,0.5211
2009-12-18,46.703,66.629,75.108,0.5135
2009-12-21,46.818,67.043,75.288,0.5149
2009-12-22,46.798,66.654,74.64,0.5087
2009-12-23,46.75,67.143,74.653,0.5112
2009-12-24,46.65,67.169,74.709,0.5107
2009-12-25,46.65,67.169,74.709,0.5121
2009-12-28,46.45,66.858,74.339,0.5072
2009-12-29,46.56,66.833,74.117,0.5066
2009-12-30,46.5,66.64,74.711,0.5027
2009-12-31,46.4,66.482,74.903,0.4992
2010-01-01,46.61,67.121,75.182,0.5018
2010-01-04,46.288,66.668,74.529,0.4997
2010-01-05,46.12,66.238,73.668,0.5035
2010-01-06,45.72,65.818,73.115,0.4948
2010-01-07,45.688,65.398,72.695,0.4885
2010-01-08,45.518,65.271,72.781,0.4889
2010-01-11,45.358,65.93,73.23,0.4928
2010-01-12,45.618,66.188,73.819,0.5018
2010-01-13,45.488,65.901,74.064,0.4959
2010-01-14,45.563,65.958,74.373,0.4979
2010-01-15,45.803,65.786,74.377,0.5037
2010-01-18,45.638,65.682,74.511,0.5022
2010-01-19,45.848,65.339,75.058,0.5016
2010-01-20,46.118,65.007,75.113,0.5045
2010-01-21,46.108,64.951,74.706,0.5096
2010-01-22,46.223,65.338,74.493,0.5144
2010-01-25,46.078,64.3753,74.851,0.5032
2010-01-26,45.848,64.502,74.094,0.511
2010-01-27,46.318,65.084,75.045,0.5151
2010-01-28,46.348,64.708,74.831,0.5162
2010-01-29,46.098,63.863,73.793,0.5101
2010-02-01,46.288,64.286,73.719,0.5086
2010-02-02,46.1,64.389,73.673,0.5095
2010-02-03,45.9,63.818,72.983,0.5054
2010-02-04,46.21,63.605,72.934,0.5176
2010-02-05,46.62,63.417,72.63,0.5198
2010-02-08,46.71,63.881,72.956,0.5244
2010-02-09,46.39,63.93,72.842,0.5167
2010-02-10,46.378,63.546,72.342,0.5142
2010-02-11,46.4,63.398,72.755,0.5159
2010-02-12,46.4,63.183,72.728,0.5151
2010-02-15,46.338,63.041,72.581,0.5141
2010-02-16,45.98,63.305,72.615,0.5095
2010-02-17,46.008,62.681,72.256,0.5053
2010-02-18,46.14,62.478,71.835,0.5045
2010-02-19,46.18,62.867,71.431,0.5045
2010-02-22,46.1,62.732,71.416,0.5055
2010-02-23,46.268,62.637,71.544,0.513
2010-02-24,46.288,62.777,71.431,0.5134
2010-02-25,46.3,62.688,70.589,0.5189
2010-02-26,45.9,62.507,70.036,0.5156
2010-03-01,46.0,62.318,68.948,0.5155
2010-03-02,46.028,62.605,68.797,0.5178
2010-03-03,45.55,62.503,68.899,0.515
2010-03-04,45.67,62.018,68.66,0.5121
2010-03-05,45.45,61.837,68.697,0.5026
2010-03-08,45.4,61.898,68.405,0.5034
2010-03-09,45.55,61.882,68.293,0.5054
2010-03-10,45.31,61.852,67.824,0.5011
2010-03-11,45.45,62.176,68.433,0.5012
2010-03-12,45.498,62.512,69.092,0.5013
2010-03-15,45.558,62.212,68.478,0.503
2010-03-16,45.39,62.314,68.902,0.5012
2010-03-17,45.28,62.218,69.364,0.5009
2010-03-18,45.39,61.806,69.202,0.5018
2010-03-19,45.25,61.271,67.984,0.5
2010-03-22,45.47,61.614,68.641,0.5027
2010-03-23,45.4,61.282,68.259,0.5035
2010-03-24,45.4,60.522,67.584,0.4934
2010-03-25,45.488,60.619,67.64,0.4924
2010-03-26,45.11,60.475,67.164,0.4875
2010-03-29,44.8,60.386,67.122,0.4843
2010-03-30,44.94,60.249,67.679,0.4836
2010-03-31,44.8,60.516,68.011,0.479
2010-04-01,44.6,60.564,68.148,0.4751
2010-04-02,44.808,60.722,68.365,0.4755
2010-04-05,44.36,59.82,67.797,0.47
2010-04-06,44.34,59.433,67.734,0.4729
2010-04-07,44.4,59.287,67.71,0.476
2010-04-08,44.34,59.171,67.647,0.474
2010-04-09,44.12,59.498,67.808,0.473
2010-04-12,44.34,60.22,68.168,0.4754
2010-04-13,44.578,60.688,68.567,0.4768
2010-04-14,44.21,60.378,68.39,0.4738
2010-04-15,44.29,60.106,68.632,0.476
2010-04-16,44.318,59.815,68.223,0.4796
2010-04-19,44.728,60.12,68.26,0.482
2010-04-20,44.39,59.673,68.212,0.4767
2010-04-21,44.4,59.511,68.436,0.4776
2010-04-22,44.44,59.158,68.357,0.4773
2010-04-23,44.29,59.258,68.083,0.4712
2010-04-26,44.25,59.005,68.377,0.4689
2010-04-27,44.45,58.754,67.882,0.4788
2010-04-28,44.5,58.514,67.489,0.4713
2010-04-29,44.45,58.868,68.148,0.4721
2010-04-30,44.25,58.87,67.609,0.4718
2010-05-03,44.4,58.63,67.739,0.4692
2010-05-04,44.55,57.982,67.64,0.4722
2010-05-05,44.85,57.489,67.74,0.4774
2010-05-06,45.46,57.391,67.422,0.5051
2010-05-07,45.418,57.692,66.928,0.4954
2010-05-10,44.763,57.503,67.106,0.4792
2010-05-11,44.99,57.151,67.3,0.4848
2010-05-12,44.95,56.729,66.623,0.4824
2010-05-13,44.94,56.436,65.782,0.4841
2010-05-14,45.25,55.954,65.821,0.4896
2010-05-17,45.528,56.377,65.907,0.4921
2010-05-18,45.56,55.656,65.337,0.4935
2010-05-19,46.273,56.916,66.871,0.4996
2010-05-20,46.74,58.633,67.458,0.5197
2010-05-21,46.918,58.912,67.853,0.5194
2010-05-24,46.81,57.991,67.561,0.5176
2010-05-25,47.48,58.528,68.31,0.5266
2010-05-26,47.1,57.429,67.833,0.5232
2010-05-27,46.72,57.893,68.199,0.5137
2010-05-28,46.3,56.931,66.966,0.5103
2010-05-31,46.358,56.908,67.36,0.5079
2010-06-01,47.083,57.688,69.13,0.5158
2010-06-02,46.8,57.337,68.578,0.508
2010-06-03,46.5,56.558,67.953,0.5021
2010-06-04,46.86,56.202,67.879,0.5112
2010-06-07,46.79,55.857,67.714,0.5101
2010-06-08,46.83,55.842,67.393,0.5129
2010-06-09,46.81,56.312,68.172,0.5123
2010-06-10,46.75,56.482,68.535,0.5135
2010-06-11,46.75,56.392,67.818,0.5101
2010-06-14,46.4,56.896,68.451,0.5055
2010-06-15,46.4,57.226,68.714,0.5076
2010-06-16,46.41,57.121,68.439,0.5076
2010-06-17,46.09,56.999,68.226,0.5076
2010-06-18,46.01,56.872,68.053,0.5074
2010-06-21,45.66,56.233,67.358,0.5017
2010-06-22,46.02,56.495,68.245,0.5083
2010-06-23,46.15,56.852,69.068,0.5132
2010-06-24,46.26,57.12,69.12,0.5162
2010-06-25,46.15,57.13,69.376,0.517
2010-06-28,46.1,56.653,69.653,0.5155
2010-06-29,46.41,56.56,69.924,0.524
2010-06-30,46.4,56.87,69.396,0.5237
2010-07-01,46.41,57.961,70.331,0.5305
2010-07-02,46.56,58.442,70.746,0.5307
2010-07-05,46.728,58.481,70.597,0.5319
2010-07-06,46.6,58.916,70.697,0.5331
2010-07-07,46.95,59.337,71.347,0.537
2010-07-08,46.65,59.131,70.596,0.5273
2010-07-09,46.52,58.815,70.227,0.5253
2010-07-12,46.66,58.761,70.142,0.5268
2010-07-13,46.41,59.006,70.376,0.5247
2010-07-14,46.6,59.368,71.103,0.5285
2010-07-15,46.45,59.925,71.398,0.5309
2010-07-16,46.7,60.411,71.461,0.5393
2010-07-19,46.09,59.669,70.164,0.5315
2010-07-20,47.25,60.891,72.145,0.5406
2010-07-21,47.07,60.009,71.287,0.5404
2010-07-22,47.04,60.71,71.816,0.5402
2010-07-23,46.89,60.092,72.222,0.5371
2010-07-26,47.043,61.007,72.873,0.5387
2010-07-27,46.648,60.478,72.463,0.5303
2010-07-28,46.69,60.674,72.893,0.5326
2010-07-29,46.46,60.758,72.548,0.5344
2010-07-30,46.36,60.534,72.774,0.5363
2010-08-02,46.088,60.639,73.274,0.5327
2010-08-03,46.128,61.045,73.519,0.5371
2010-08-04,46.128,61.045,73.519,0.5371
2010-08-05,46.0,60.575,73.14,0.5332
2010-08-06,46.056,60.72,73.192,0.5369
2010-08-09,45.958,61.083,73.374,0.5382
2010-08-10,46.078,60.998,73.478,0.5365
2010-08-11,46.31,60.725,73.138,0.5398
2010-08-12,46.59,60.058,73.043,0.5464
2010-08-13,46.71,60.05,72.741,0.5435
2010-08-16,46.628,59.504,72.779,0.5409
2010-08-17,46.683,59.928,73.19,0.547
2010-08-18,46.608,60.004,72.657,0.5443
2010-08-19,46.538,59.904,72.671,0.5454
2010-08-20,46.358,59.43,72.348,0.543
2010-08-23,46.608,59.257,72.445,0.5444
2010-08-24,46.563,58.882,72.312,0.5462
2010-08-25,46.858,59.404,72.486,0.5566
2010-08-26,46.873,59.226,72.452,0.5536
2010-08-27,46.788,59.399,72.849,0.5523
2010-08-30,46.803,58.6642,72.696,0.5397
2010-08-31,46.873,59.413,72.524,0.5528
2010-09-01,47.028,59.754,72.221,0.5591
2010-09-02,46.65,59.726,72.086,0.5525
2010-09-03,46.6,59.764,71.762,0.5532
2010-09-06,46.578,60.006,71.97,0.5513
2010-09-07,46.513,59.889,71.646,0.5518
2010-09-08,46.66,59.333,71.602,0.5573
2010-09-09,46.518,59.132,72.154,0.5541
2010-09-10,46.303,58.768,71.51,0.5515
2010-09-13,46.283,58.682,71.047,0.5499
2010-09-14,46.23,59.493,71.291,0.5527
2010-09-15,46.14,60.056,71.831,0.5553
2010-09-16,46.2,60.116,72.182,0.5398
2010-09-17,46.1,60.304,72.064,0.5371
2010-09-20,45.878,59.812,71.672,0.5348
2010-09-21,45.62,59.575,70.916,0.5319
2010-09-22,45.58,59.844,70.838,0.5339
2010-09-23,45.558,60.893,71.302,0.5378
2010-09-24,45.45,60.503,71.268,0.5385
2010-09-27,45.24,61.033,71.599,0.537
2010-09-28,44.93,60.586,71.268,0.5333
2010-09-29,45.05,61.128,71.186,0.5374
2010-09-30,44.69,60.917,70.557,0.5344
2010-10-01,44.563,60.594,70.115,0.5334
2010-10-04,44.413,61.252,70.322,0.533
2010-10-05,44.45,60.832,70.376,0.5332
2010-10-06,44.4,61.423,70.54,0.5336
2010-10-07,44.19,61.566,70.24,0.5326
2010-10-08,44.2,61.321,70.171,0.5361
2010-10-11,44.408,61.829,70.828,0.5425
2010-10-12,44.36,60.9046,70.503,0.5404
2010-10-13,44.5,61.971,70.339,0.5442
2010-10-14,44.34,61.89,70.492,0.5424
2010-10-15,44.068,61.914,70.464,0.5404
2010-10-18,44.158,61.708,70.586,0.5423
2010-10-19,44.17,61.754,70.356,0.544
2010-10-20,44.33,60.892,69.621,0.5435
2010-10-21,44.2,61.69,69.999,0.5447
2010-10-22,44.2,61.556,69.438,0.5433
2010-10-25,44.528,62.154,69.845,0.5465
2010-10-26,44.25,61.861,69.689,0.5473
2010-10-27,44.4,61.492,70.321,0.5448
2010-10-28,44.42,61.151,70.063,0.5432
2010-10-29,44.42,61.151,70.063,0.5432
2010-11-01,44.448,62.005,71.297,0.5522
2010-11-02,44.34,61.593,71.101,0.55
2010-11-03,44.2,62.026,70.821,0.5478
2010-11-04,44.25,62.473,71.224,0.5448
2010-11-05,44.013,62.537,71.58,0.5455
2010-11-08,43.9,61.657,71.055,0.5399
2010-11-09,44.3,61.679,71.498,0.546
2010-11-10,44.19,61.294,70.915,0.5447
2010-11-11,44.26,61.027,71.37,0.5383
2010-11-12,44.24,60.407,71.257,0.5364
2010-11-15,44.778,61.301,72.156,0.543
2010-11-16,45.11,61.294,72.417,0.5428
2010-11-17,45.19,61.093,71.766,0.5421
2010-11-18,45.108,61.163,71.911,0.5424
2010-11-19,45.15,61.55,72.355,0.54
2010-11-22,45.263,62.18,72.417,0.5428
2010-11-23,45.3,61.717,72.292,0.5439
2010-11-24,45.54,60.992,71.99,0.5483
2010-11-25,45.51,60.765,71.777,0.5455
2010-11-26,45.558,60.856,71.844,0.544
2010-11-29,45.71,60.515,71.328,0.5439
2010-11-30,45.8,60.09,71.317,0.5437
2010-12-01,45.77,59.405,71.188,0.5469
2010-12-02,45.23,59.358,70.563,0.5373
2010-12-03,45.13,59.684,70.402,0.5382
2010-12-06,44.913,60.294,70.889,0.5428
2010-12-07,44.81,59.64,70.385,0.5421
2010-12-08,44.5,59.163,70.204,0.5333
2010-12-09,45.0,59.605,71.082,0.5355
2010-12-10,45.05,59.633,71.058,0.5379
2010-12-13,44.95,59.46,71.068,0.5354
2010-12-14,44.91,60.129,71.233,0.5384
2010-12-15,44.91,60.076,70.816,0.5368
2010-12-16,45.25,59.888,70.366,0.5372
2010-12-17,45.25,59.763,70.594,0.537
2010-12-20,45.168,59.419,69.956,0.5386
2010-12-21,45.26,59.391,70.212,0.5405
2010-12-22,45.18,59.147,69.858,0.5392
2010-12-23,44.95,58.855,69.129,0.5378
2010-12-24,45.06,59.078,69.483,0.5431
2010-12-27,45.01,59.019,69.475,0.5429
2010-12-28,45.1,59.365,69.539,0.5447
2010-12-29,44.95,58.952,69.116,0.5455
2010-12-30,44.92,59.355,69.63,0.55
2010-12-31,44.81,59.57,69.102,0.5497
2011-01-03,44.818,60.011,69.97,0.5486
2011-01-04,44.61,59.577,69.058,0.5458
2011-01-05,44.9,59.743,69.981,0.5474
2011-01-06,45.21,59.483,70.094,0.5431
2011-01-07,45.18,58.754,69.896,0.5422
2011-01-10,45.358,58.596,70.57,0.5462
2011-01-11,45.31,58.667,70.568,0.5475
2011-01-12,45.098,58.526,70.394,0.5419
2011-01-13,44.91,58.973,70.791,0.5407
2011-01-14,44.96,60.099,71.337,0.5436
2011-01-17,45.418,59.6699,72.09,0.5396
2011-01-18,45.44,60.385,72.187,0.5493
2011-01-19,45.32,60.734,72.466,0.5482
2011-01-20,45.3,61.005,72.435,0.5523
2011-01-21,45.778,60.481,72.811,0.5416
2011-01-24,45.588,61.904,72.916,0.5516
2011-01-25,45.45,62.016,72.686,0.551
2011-01-26,45.61,62.399,72.136,0.5544
2011-01-27,45.45,62.281,72.298,0.5525
2011-01-28,45.688,62.463,72.645,0.5495
2011-01-31,45.838,62.411,72.715,0.5588
2011-02-01,45.8,62.718,73.37,0.5581
2011-02-02,45.41,62.788,73.287,0.5579
2011-02-03,45.45,62.752,73.57,0.5573
2011-02-04,45.56,62.084,73.53,0.5579
2011-02-07,45.608,61.945,73.367,0.5561
2011-02-08,45.31,61.536,72.989,0.5502
2011-02-09,45.15,61.51,72.534,0.5488
2011-02-10,45.35,62.267,73.017,0.5506
2011-02-11,45.63,62.05,73.421,0.5472
2011-02-14,45.608,61.787,72.996,0.5468
2011-02-15,45.35,61.148,72.7,0.5446
2011-02-16,45.41,61.251,73.244,0.5425
2011-02-17,45.31,61.472,72.917,0.5415
2011-02-18,45.21,61.512,73.095,0.5426
2011-02-21,45.108,61.796,73.28,0.542
2011-02-22,44.918,61.348,72.904,0.5395
2011-02-23,45.15,61.659,72.877,0.5454
2011-02-24,45.05,61.962,73.08,0.5465
2011-02-25,45.4,62.686,73.271,0.5541
2011-02-28,45.25,62.2,72.867,0.554
2011-03-01,45.1,62.183,73.293,0.5508
2011-03-02,44.83,61.905,73.004,0.5476
2011-03-03,44.81,62.105,73.149,0.547
2011-03-04,44.85,62.617,73.001,0.5446
2011-03-07,44.903,62.812,73.106,0.5451
2011-03-08,44.97,62.819,72.82,0.5469
2011-03-09,44.9,62.428,72.554,0.5433
2011-03-10,44.87,62.396,72.694,0.5426
2011-03-11,45.11,62.157,72.379,0.5438
2011-03-14,45.238,62.924,72.754,0.553
2011-03-15,44.95,62.932,72.743,0.5502
2011-03-16,45.16,63.224,72.604,0.5594
2011-03-17,45.02,62.549,72.127,0.5636
2011-03-18,45.05,63.131,72.724,0.5697
2011-03-21,44.998,63.784,73.05,0.5551
2011-03-22,44.91,63.84,73.211,0.5543
2011-03-23,44.85,63.681,73.432,0.5539
2011-03-24,44.75,63.136,72.701,0.5531
2011-03-25,44.6,63.191,71.828,0.5507
2011-03-28,44.693,62.946,71.632,0.5486
2011-03-29,44.7,63.016,71.545,0.5473
2011-03-30,44.66,62.912,71.399,0.542
2011-03-31,44.61,62.991,71.697,0.5382
2011-04-01,44.45,63.0,71.312,0.5345
2011-04-04,44.448,63.294,71.634,0.5288
2011-04-05,44.318,62.951,71.501,0.5263
2011-04-06,44.3,63.002,72.135,0.5224
2011-04-07,44.05,63.139,71.938,0.5157
2011-04-08,44.1,63.032,71.896,0.5195
2011-04-11,44.063,63.812,72.23,0.5184
2011-04-12,44.26,63.914,72.497,0.5231
2011-04-13,44.188,63.803,71.916,0.526
2011-04-14,44.42,64.147,72.254,0.5299
2011-04-18,44.273,63.948,72.264,0.5326
2011-04-19,44.36,63.14,72.096,0.5369
2011-04-20,44.41,63.655,72.444,0.5377
2011-04-21,44.26,64.279,72.641,0.5363
2011-04-22,44.26,64.279,72.641,0.5363
2011-04-25,44.268,64.439,73.084,0.541
2011-04-26,44.41,64.743,73.277,0.5433
2011-04-27,44.41,64.983,73.188,0.5439
2011-04-28,44.33,65.583,73.744,0.5405
2011-04-29,44.3,65.549,73.712,0.5425
2011-05-02,44.248,65.507,73.923,0.5443
2011-05-03,44.22,65.613,73.697,0.5443
2011-05-04,44.41,65.862,73.223,0.5482
2011-05-05,44.32,65.822,73.194,0.5499
2011-05-06,44.7,64.962,73.24,0.558
2011-05-09,44.723,64.119,73.211,0.5556
2011-05-10,44.61,63.942,73.0,0.555
2011-05-11,44.61,64.109,72.892,0.5522
2011-05-12,44.58,63.27,72.838,0.5505
2011-05-13,44.71,63.775,72.904,0.5524
2011-05-16,44.858,63.328,72.661,0.5553
2011-05-17,44.96,63.814,72.905,0.5565
2011-05-18,45.01,64.037,73.124,0.5532
2011-05-19,44.96,64.028,72.65,0.5503
2011-05-20,44.85,64.198,72.814,0.5502
2011-05-23,44.993,63.715,73.051,0.551
2011-05-24,45.15,63.271,72.705,0.552
2011-05-25,45.16,63.64,73.07,0.5497
2011-05-26,45.23,63.766,73.664,0.5518
2011-05-27,45.19,63.801,73.949,0.5554
2011-05-30,45.173,64.607,74.567,0.5594
2011-05-31,45.083,64.27,74.247,0.5562
2011-06-01,44.96,64.689,73.983,0.552
2011-06-02,44.76,64.558,73.334,0.5539
2011-06-03,44.76,64.747,73.207,0.5533
2011-06-06,44.823,65.607,73.642,0.5576
2011-06-07,44.67,65.223,73.071,0.5573
2011-06-08,44.61,65.541,73.367,0.5574
2011-06-09,44.66,65.07,73.238,0.559
2011-06-10,44.6,64.707,73.01,0.5551
2011-06-13,44.723,64.245,72.686,0.5572
2011-06-14,44.8,64.381,73.049,0.5587
2011-06-15,44.739,64.682,73.296,0.5553
2011-06-16,44.71,63.377,72.323,0.5522
2011-06-17,44.8,63.338,72.289,0.5546
2011-06-20,44.763,64.128,72.442,0.5587
2011-06-21,44.87,64.227,72.708,0.5589
2011-06-22,44.76,64.49,72.713,0.5584
2011-06-23,44.75,64.44,72.057,0.5576
2011-06-24,44.85,63.797,71.714,0.557
2011-06-27,44.988,63.831,71.803,0.56
2011-06-28,44.95,64.182,71.828,0.5557
2011-06-29,44.94,64.509,71.851,0.5539
2011-06-30,44.76,64.58,71.903,0.5534
2011-07-01,44.593,64.69,71.608,0.5533
2011-07-04,44.623,64.819,71.713,0.5521
2011-07-05,44.42,64.437,71.521,0.5492
2011-07-06,44.34,63.93,71.17,0.5466
2011-07-07,44.33,63.52,70.91,0.5478
2011-07-08,44.33,63.61,70.786,0.5457
2011-07-11,44.413,63.353,71.325,0.5506
2011-07-12,44.35,62.216,70.556,0.5528
2011-07-13,44.56,62.275,70.922,0.5611
2011-07-14,44.45,63.079,71.722,0.5634
2011-07-15,44.4,62.758,71.609,0.561
2011-07-18,44.508,63.013,71.822,0.563
2011-07-19,44.5,62.703,71.405,0.5629
2011-07-20,44.37,62.828,71.62,0.5604
2011-07-21,44.37,63.068,71.658,0.5633
2011-07-22,44.3,63.713,72.222,0.5641
2011-07-25,44.343,63.699,72.357,0.5654
2011-07-26,44.31,63.682,72.164,0.5659
2011-07-27,44.05,63.881,72.201,0.5644
2011-07-28,44.03,63.168,71.97,0.5639
2011-07-29,44.01,62.974,71.913,0.5657
2011-08-01,44.203,63.523,72.568,0.5737
2011-08-02,44.063,62.503,71.717,0.5726
2011-08-03,44.263,62.905,72.088,0.5732
2011-08-04,44.313,63.389,72.656,0.5759
2011-08-05,44.563,63.003,72.717,0.5635
2011-08-08,44.733,63.259,73.326,0.565
2011-08-09,45.003,64.023,73.544,0.5796
2011-08-10,45.203,64.317,73.216,0.5853
2011-08-11,45.248,64.15,73.519,0.5915
2011-08-12,45.293,64.377,73.438,0.5899
2011-08-15,45.393,64.674,73.891,0.5919
2011-08-16,45.233,65.312,74.091,0.589
2011-08-17,45.253,65.101,74.394,0.5899
2011-08-18,45.303,65.449,75.022,0.5925
2011-08-19,45.71,65.374,75.266,0.5974
2011-08-22,45.663,65.719,75.547,0.5965
2011-08-23,45.61,65.535,75.111,0.5941
2011-08-24,45.54,65.641,75.061,0.5943
2011-08-25,45.94,66.204,75.188,0.5965
2011-08-26,46.01,66.165,74.937,0.5934
2011-08-29,46.153,66.675,75.181,0.5998
2011-08-30,45.85,66.51,75.137,0.5958
2011-08-31,45.94,66.248,74.854,0.599
2011-09-01,45.74,65.765,74.337,0.5964
2011-09-02,45.7,65.2,73.972,0.5943
2011-09-05,45.738,64.883,74.155,0.5949
2011-09-06,45.984,64.775,74.172,0.5975
2011-09-07,46.04,64.419,73.42,0.5924
2011-09-08,46.04,64.907,73.616,0.596
2011-09-09,46.13,64.287,73.864,0.5958
2011-09-12,46.643,63.672,74.081,0.6028
2011-09-13,47.16,64.201,74.607,0.6105
2011-09-14,47.46,65.064,75.078,0.6174
2011-09-15,47.56,65.438,75.01,0.6206
2011-09-16,47.5,66.002,75.093,0.6197
2011-09-19,47.17,65.044,74.482,0.6138
2011-09-20,47.723,64.992,74.739,0.6232
2011-09-21,47.91,65.658,75.391,0.6266
2011-09-22,48.21,65.948,75.106,0.6295
2011-09-23,49.473,66.456,76.243,0.6477
2011-09-26,49.343,66.625,76.322,0.6442
2011-09-27,49.4,66.49,76.708,0.6461
2011-09-28,48.81,66.354,76.309,0.6361
2011-09-29,48.75,66.059,76.026,0.6367
2011-09-30,48.86,66.413,76.448,0.6369
2011-10-03,49.05,65.678,76.445,0.6367
2011-10-04,49.1,64.775,75.869,0.6405
2011-10-05,49.303,64.049,76.291,0.6418
2011-10-06,49.15,65.587,76.005,0.6404
2011-10-07,49.04,65.873,75.701,0.64
2011-10-10,48.893,65.996,76.08,0.6421
2011-10-11,48.813,66.724,76.533,0.6361
2011-10-12,49.238,66.03,76.706,0.6317
2011-10-13,48.91,67.52,77.136,0.6329
2011-10-14,49.2,67.518,77.406,0.6396
2011-10-17,48.893,67.766,77.288,0.632
2011-10-18,48.9,67.277,77.069,0.6364
2011-10-19,49.24,67.88,77.528,0.6413
2011-10-20,49.01,67.379,77.274,0.6381
2011-10-21,49.86,68.678,78.739,0.6489
2011-10-24,49.823,69.234,79.485,0.6547
2011-10-25,49.55,69.028,79.231,0.6514
2011-10-26,49.41,68.712,79.043,0.6506
2011-10-27,49.36,68.638,78.793,0.6479
2011-10-28,49.79,70.741,80.239,0.6554
2011-10-31,48.628,68.806,78.393,0.6416
2011-11-01,48.673,67.727,78.624,0.6237
2011-11-02,49.258,67.319,78.463,0.6282
2011-11-03,49.123,67.382,78.66,0.628
2011-11-04,49.048,67.557,78.567,0.6285
2011-11-07,48.993,67.275,78.472,0.6234
2011-11-08,48.91,67.387,78.481,0.6265
2011-11-09,49.31,68.23,79.473,0.6346
2011-11-10,50.05,68.038,79.854,0.6436
2011-11-11,49.96,68.033,79.701,0.6436
2011-11-14,50.033,68.866,80.445,0.6496
2011-11-15,50.368,68.543,80.065,0.6533
2011-11-16,50.623,68.322,80.019,0.6567
2011-11-17,50.703,68.313,80.022,0.6571
2011-11-18,50.948,68.824,80.363,0.6611
2011-11-21,51.228,69.188,80.917,0.6652
2011-11-22,52.058,70.334,81.427,0.6757
2011-11-23,52.483,70.786,82.091,0.6804
2011-11-24,52.258,69.696,81.308,0.6744
2011-11-25,52.063,69.38,80.901,0.6746
2011-11-28,52.228,69.096,80.773,0.6714
2011-11-29,51.943,68.4731,80.582,0.6596
2011-11-30,51.903,69.169,81.104,0.6659
2011-12-01,51.73,69.592,81.252,0.6668
2011-12-02,51.3,69.174,80.505,0.66
2011-12-05,51.103,68.33,79.611,0.6556
2011-12-06,51.2,68.571,80.093,0.6583
2011-12-07,51.2,68.63,79.852,0.6588
2011-12-08,51.6,69.181,81.039,0.6644
2011-12-09,51.7,68.872,80.772,0.6653
2011-12-12,51.868,69.263,81.19,0.6678
2011-12-13,52.65,69.444,82.055,0.676
2011-12-14,53.1,69.208,82.199,0.6809
2011-12-15,53.71,69.708,83.079,0.6882
2011-12-16,53.21,69.26,82.534,0.683
2011-12-19,52.493,68.493,81.61,0.6758
2011-12-20,52.7,68.56,81.816,0.676
2011-12-21,52.71,68.952,82.586,0.6777
2011-12-22,52.393,68.239,82.059,0.671
2011-12-23,52.51,68.499,82.333,0.6716
2011-12-26,52.783,68.866,82.278,0.6754
2011-12-27,52.7,68.882,82.37,0.6763
2011-12-28,52.85,69.064,82.81,0.6788
2011-12-29,52.86,68.374,81.679,0.6783
2011-12-30,53.0,68.709,81.705,0.6828
2012-01-02,53.008,68.693,82.287,0.6885
2012-01-03,53.298,68.794,82.502,0.6923
2012-01-04,53.05,69.235,83.007,0.6917
2012-01-05,52.85,68.271,82.555,0.6885
2012-01-06,52.76,67.464,81.749,0.684
2012-01-09,52.673,66.955,81.177,0.6841
2012-01-10,52.38,66.871,80.989,0.6815
2012-01-11,51.6,65.892,79.887,0.6715
2012-01-12,51.75,65.706,79.302,0.6732
2012-01-13,51.45,66.033,78.918,0.6705
2012-01-16,51.433,65.212,78.783,0.6688
2012-01-17,51.38,65.023,78.676,0.6684
2012-01-18,50.65,64.538,77.667,0.6593
2012-01-19,50.36,64.717,77.681,0.6556
2012-01-20,50.303,65.212,77.906,0.6523
2012-01-23,50.223,65.024,78.049,0.6524
2012-01-24,49.84,64.937,77.614,0.6475
2012-01-25,50.0,65.08,78.021,0.6435
2012-01-26,50.0,65.553,78.34,0.6434
2012-01-27,52.493,68.304,81.34,0.6752
2012-01-30,49.388,65.291,77.626,0.6441
2012-01-31,52.493,65.095,81.34,0.6752
2012-02-01,49.5,64.781,78.024,0.6495
2012-02-02,49.01,64.48,77.581,0.643
2012-02-03,49.0,64.401,77.434,0.6437
2012-02-06,48.653,63.695,76.974,0.6357
2012-02-07,49.053,64.287,77.477,0.6399
2012-02-08,49.043,64.973,78.032,0.6386
2012-02-09,49.148,65.046,77.616,0.637
2012-02-10,49.488,65.659,78.172,0.6368
2012-02-13,49.353,65.06,77.739,0.6356
2012-02-14,49.188,64.626,77.253,0.6339
2012-02-15,49.358,64.734,77.37,0.6289
2012-02-16,49.283,64.276,77.223,0.6272
2012-02-17,49.283,64.628,77.806,0.6246
2012-02-20,49.318,64.803,78.069,0.6202
2012-02-21,49.148,64.832,77.702,0.6168
2012-02-22,49.303,65.236,77.76,0.6168
2012-02-23,49.218,65.168,77.043,0.6125
2012-02-24,49.093,65.575,77.204,0.6136
2012-02-27,49.008,65.904,77.852,0.6051
2012-02-28,49.173,65.919,77.842,0.6111
2012-02-29,49.068,66.066,78.032,0.609
2012-03-01,49.003,65.223,77.939,0.6021
2012-03-02,49.198,65.456,78.411,0.6058
2012-03-05,49.518,65.373,78.397,0.6055
2012-03-06,49.833,65.843,79.02,0.6107
2012-03-07,50.358,65.972,79.061,0.6232
2012-03-08,50.278,65.995,79.013,0.6175
2012-03-09,50.073,66.389,79.148,0.613
2012-03-12,49.753,65.296,77.904,0.6036
2012-03-13,49.968,65.722,78.122,0.6059
2012-03-14,49.83,65.219,78.315,0.601
2012-03-15,49.908,64.912,78.056,0.5944
2012-03-16,50.378,65.811,79.029,0.6027
2012-03-19,50.133,65.982,79.352,0.6009
2012-03-20,50.228,66.373,79.707,0.6017
2012-03-21,50.388,66.633,79.836,0.6015
2012-03-22,50.628,66.844,80.261,0.6076
2012-03-23,51.12,67.504,80.896,0.6195
2012-03-26,51.168,66.766,79.864,0.6112
2012-03-27,51.023,68.096,81.362,0.6142
2012-03-28,50.678,67.476,80.762,0.6094
2012-03-29,50.773,67.584,80.596,0.6123
2012-03-30,51.338,68.281,81.839,0.6232
2012-04-02,50.868,67.863,81.386,0.6143
2012-04-03,50.868,67.749,81.493,0.6227
2012-04-04,50.25,66.808,80.33,0.6099
2012-04-05,51.108,67.108,81.186,0.6192
2012-04-06,51.033,66.61,80.7,0.6195
2012-04-09,51.033,66.61,80.69,0.6194
2012-04-10,51.05,66.994,81.201,0.6254
2012-04-11,51.473,67.225,81.518,0.637
2012-04-12,51.458,67.434,81.852,0.6346
2012-04-13,51.228,67.496,81.675,0.6323
2012-04-16,51.543,67.333,80.615,0.6292
2012-04-17,51.668,67.751,82.036,0.642
2012-04-18,51.468,67.53,81.953,0.6342
2012-04-19,51.788,67.87,82.883,0.6362
2012-04-20,52.138,68.457,83.647,0.6381
2012-04-23,52.068,68.757,83.859,0.6384
2012-04-24,52.498,68.967,84.532,0.6466
2012-04-25,52.673,69.439,84.946,0.6465
2012-04-26,52.538,69.448,84.869,0.6457
2012-04-27,52.403,69.046,84.677,0.6457
2012-04-30,52.538,69.563,85.466,0.6545
2012-05-01,52.658,69.647,85.399,0.6597
2012-05-02,52.53,69.476,85.241,0.6554
2012-05-03,52.958,69.55,85.667,0.6601
2012-05-04,53.408,70.185,86.38,0.665
2012-05-07,53.468,69.955,86.38,0.6694
2012-05-08,52.903,69.021,85.575,0.6611
2012-05-09,53.118,68.945,85.674,0.6643
2012-05-10,53.818,69.548,86.756,0.6744
2012-05-11,53.253,68.81,85.833,0.6659
2012-05-14,53.628,69.104,86.112,0.6693
2012-05-15,53.958,69.157,86.766,0.6749
2012-05-16,53.788,68.425,85.888,0.6689
2012-05-17,54.488,69.289,86.655,0.6773
2012-05-18,54.468,69.084,85.881,0.685
2012-05-21,54.418,69.5,86.004,0.6883
2012-05-22,55.028,70.434,86.998,0.6922
2012-05-23,55.388,70.061,87.195,0.6914
2012-05-24,55.993,70.259,87.711,0.7043
2012-05-25,55.56,69.681,87.047,0.6978
2012-05-28,55.368,69.307,86.639,0.6948
2012-05-29,55.368,69.429,86.603,0.6949
2012-05-30,55.668,69.38,86.936,0.6993
2012-05-31,56.228,69.505,86.962,0.7112
2012-06-01,56.078,69.241,86.233,0.7133
2012-06-04,55.538,68.984,85.323,0.7121
2012-06-05,55.648,69.597,85.566,0.7094
2012-06-06,55.638,69.265,85.498,0.7059
2012-06-07,55.358,69.536,85.594,0.6976
2012-06-08,54.938,68.972,85.188,0.6885
2012-06-11,55.418,69.298,85.754,0.697
2012-06-12,55.658,69.373,86.097,0.7011
2012-06-13,55.798,69.687,86.765,0.7007
2012-06-14,55.678,69.938,86.326,0.7007
2012-06-15,55.798,70.388,86.69,0.7017
2012-06-18,55.388,69.925,86.157,0.7029
2012-06-19,55.903,70.347,87.595,0.7068
2012-06-20,55.948,70.868,87.855,0.7069
2012-06-21,56.148,71.196,88.183,0.7069
2012-06-22,56.298,70.563,87.721,0.7029
2012-06-25,57.118,71.737,88.936,0.7102
2012-06-26,57.008,71.212,88.655,0.7151
2012-06-27,57.008,71.112,89.039,0.7167
2012-06-28,56.85,70.865,88.483,0.7131
2012-06-29,56.798,70.594,88.053,0.7153
2012-07-02,55.503,70.21,87.076,0.6954
2012-07-03,55.428,69.655,86.877,0.6969
2012-07-04,54.358,68.442,85.183,0.68
2012-07-05,54.478,68.122,84.808,0.6807
2012-07-06,54.938,67.994,85.226,0.6871
2012-07-09,55.403,68.085,85.822,0.6954
2012-07-10,55.843,68.713,86.619,0.7011
2012-07-11,55.388,67.804,85.855,0.6971
2012-07-12,55.618,68.041,86.171,0.698
2012-07-13,55.928,68.119,86.187,0.7043
2012-07-16,55.138,67.47,85.88,0.6961
2012-07-17,55.048,67.451,85.919,0.6976
2012-07-18,55.098,67.672,86.217,0.6959
2012-07-19,55.313,67.836,86.454,0.7012
2012-07-20,55.118,67.594,86.537,0.6992
2012-07-23,55.318,67.181,86.421,0.7049
2012-07-24,55.963,67.772,86.742,0.7138
2012-07-25,56.108,67.606,86.872,0.7175
2012-07-26,56.158,68.107,86.877,0.7181
2012-07-27,55.518,68.096,86.985,0.7081
2012-07-30,55.248,67.986,86.994,0.7044
2012-07-31,55.423,67.872,86.992,0.7088
2012-08-01,55.648,68.334,87.106,0.7115
2012-08-02,55.468,67.824,86.131,0.7069
2012-08-03,55.838,67.95,86.562,0.7132
2012-08-06,55.748,68.985,87.124,0.7097
2012-08-07,55.518,68.716,86.462,0.7092
2012-08-08,55.063,68.133,85.896,0.6998
2012-08-09,55.418,68.5,86.731,0.706
2012-08-10,55.268,67.87,86.283,0.7022
2012-08-13,55.278,67.857,86.619,0.7054
2012-08-14,55.338,68.138,86.656,0.7056
2012-08-15,55.648,68.512,87.14,0.7052
2012-08-16,55.648,68.309,87.156,0.7036
2012-08-17,55.618,68.667,87.44,0.7011
2012-08-20,55.728,68.691,87.485,0.7004
2012-08-21,55.498,68.477,87.093,0.6988
2012-08-22,55.363,69.002,87.26,0.6983
2012-08-23,55.493,69.027,87.496,0.7064
2012-08-24,55.258,69.336,87.529,0.7023
2012-08-27,55.498,69.442,87.715,0.7056
2012-08-28,55.688,69.542,87.844,0.7063
2012-08-29,55.663,69.894,87.983,0.7077
2012-08-30,55.623,69.624,87.943,0.7058
2012-08-31,55.628,69.517,87.731,0.7075
2012-09-03,55.518,69.734,88.087,0.7085
2012-09-04,55.528,69.816,88.09,0.708
2012-09-05,55.648,69.681,88.194,0.7084
2012-09-06,55.903,70.354,88.805,0.712
2012-09-07,55.658,70.231,88.586,0.7048
2012-09-10,55.358,70.877,88.519,0.7073
2012-09-11,55.438,70.676,88.568,0.7079
2012-09-12,55.338,71.047,88.835,0.7108
2012-09-13,55.208,71.156,88.834,0.7086
2012-09-14,55.418,71.934,89.43,0.7131
2012-09-17,54.298,71.277,88.058,0.692
2012-09-18,54.008,70.726,87.634,0.6858
2012-09-19,54.018,70.398,87.641,0.6851
2012-09-20,54.018,70.471,87.6,0.6884
2012-09-21,54.258,70.318,87.929,0.6931
2012-09-24,53.358,69.191,86.594,0.6829
2012-09-25,53.468,69.119,86.675,0.6859
2012-09-26,53.358,68.756,86.312,0.6857
2012-09-27,53.508,68.845,86.461,0.6879
2012-09-28,53.008,68.371,85.948,0.6822
2012-10-01,52.848,67.1597,85.331,0.6782
2012-10-02,52.398,67.449,84.417,0.6707
2012-10-03,52.398,67.58,84.42,0.6691
2012-10-04,52.153,67.324,83.879,0.6641
2012-10-05,51.738,67.253,83.649,0.6582
2012-10-08,51.908,67.587,83.661,0.6598
2012-10-09,52.638,68.222,84.29,0.6715
2012-10-10,52.718,67.722,84.231,0.6732
2012-10-11,53.043,68.132,84.81,0.6786
2012-10-12,52.668,68.045,84.427,0.671
2012-10-15,52.803,68.396,84.878,0.6734
2012-10-16,53.013,68.671,85.162,0.6722
2012-10-17,52.868,69.226,85.174,0.6697
2012-10-18,52.868,69.252,85.208,0.668
2012-10-19,53.408,69.728,85.661,0.6728
2012-10-22,53.838,70.041,86.077,0.6786
2012-10-23,53.468,69.823,85.574,0.6678
2012-10-24,53.718,69.62,85.582,0.6722
2012-10-25,53.733,69.594,86.042,0.6723
2012-10-26,53.548,69.201,86.209,0.6667
2012-10-29,53.548,69.231,86.163,0.6722
2012-10-30,54.078,69.725,86.599,0.6772
2012-10-31,53.958,69.872,86.645,0.6765
2012-11-01,53.878,69.779,86.828,0.6739
2012-11-02,53.653,69.386,86.463,0.6682
2012-11-05,53.808,68.997,86.129,0.6688
2012-11-06,54.588,69.799,87.163,0.6802
2012-11-07,54.418,69.622,86.92,0.6771
2012-11-08,54.198,69.075,86.523,0.6772
2012-11-09,54.358,69.203,86.766,0.6832
2012-11-12,54.588,68.5,86.783,0.678
2012-11-13,54.878,69.66,87.031,0.6886
2012-11-14,54.878,69.682,87.031,0.6899
2012-11-15,54.803,69.69,86.724,0.6826
2012-11-16,54.698,69.852,86.683,0.6735
2012-11-19,55.158,70.217,87.621,0.6785
2012-11-20,55.058,70.233,87.416,0.6759
2012-11-21,55.098,70.537,87.665,0.6734
2012-11-22,55.108,70.823,87.912,0.6666
2012-11-23,55.208,71.007,87.901,0.6695
2012-11-26,55.443,71.874,88.906,0.6728
2012-11-27,55.636,72.181,89.112,0.6786
2012-11-28,55.448,71.668,88.747,0.6748
2012-11-29,55.703,72.076,89.118,0.6773
2012-11-30,54.838,71.068,87.865,0.6668
2012-12-03,54.258,70.563,86.769,0.658
2012-12-04,54.768,71.481,86.769,0.6659
2012-12-05,54.673,71.543,87.945,0.6675
2012-12-06,54.538,71.208,87.672,0.6609
2012-12-07,54.133,70.094,86.788,0.656
2012-12-10,54.338,70.169,87.139,0.6589
2012-12-11,54.488,70.425,87.491,0.6609
2012-12-12,54.258,70.522,87.364,0.6568
2012-12-13,54.318,70.901,87.554,0.652
2012-12-14,54.458,71.147,87.663,0.6503
2012-12-17,54.438,70.0,86.006,0.6369
2012-12-18,54.848,72.126,88.785,0.6529
2012-12-19,54.848,72.488,89.044,0.6496
2012-12-20,54.548,72.009,88.556,0.647
2012-12-21,54.848,72.532,89.167,0.649
2012-12-24,55.058,72.532,88.944,0.6536
2012-12-25,54.948,72.364,88.536,0.647
2012-12-26,55.008,72.424,88.646,0.6463
2012-12-27,54.838,72.461,88.342,0.6393
2012-12-28,54.942,72.714,88.445,0.6346
2012-12-31,54.753,72.361,88.428,0.6359
2013-01-01,54.993,72.512,89.372,0.6335
2013-01-02,54.678,72.093,88.741,0.6307
2013-01-03,54.348,71.574,88.209,0.622
2013-01-04,54.498,70.905,87.539,0.6204
2013-01-07,54.88,71.723,88.2,0.6223
2013-01-08,55.218,72.395,88.948,0.632
2013-01-09,54.988,71.862,88.212,0.6322
2013-01-10,54.748,71.4,87.586,0.6204
2013-01-11,54.558,72.35,88.098,0.6107
2013-01-14,54.868,73.143,88.412,0.6147
2013-01-15,54.493,72.822,87.512,0.6084
2013-01-16,54.613,72.617,87.705,0.6147
2013-01-17,54.688,72.602,87.409,0.6163
2013-01-18,54.348,72.601,86.742,0.6044
2013-01-21,53.738,71.506,84.673,0.5911
2013-01-22,53.768,71.497,85.057,0.5994
2013-01-23,53.808,71.559,85.124,0.6071
2013-01-24,53.668,71.345,84.874,0.6053
2013-01-25,53.678,71.689,84.636,0.5922
2013-01-28,53.793,72.411,85.012,0.5917
2013-01-29,53.908,72.425,84.538,0.5953
2013-01-30,53.758,72.449,84.574,0.5915
2013-01-31,53.303,72.259,84.11,0.5851
2013-02-01,53.213,72.355,84.366,0.5797
2013-02-04,53.163,72.533,83.445,0.5735
2013-02-05,53.283,71.923,83.856,0.5775
2013-02-06,53.133,72.105,83.153,0.5672
2013-02-07,53.153,71.811,83.161,0.5681
2013-02-08,53.218,71.183,83.509,0.5677
2013-02-11,53.588,71.547,84.612,0.5773
2013-02-12,53.958,72.249,84.388,0.5723
2013-02-13,53.848,72.374,84.328,0.5766
2013-02-14,53.818,72.285,83.501,0.5764
2013-02-15,53.918,71.921,83.436,0.5795
2013-02-18,54.318,72.518,84.285,0.5809
2013-02-19,54.178,72.243,83.764,0.578
2013-02-20,54.163,72.481,83.477,0.5775
2013-02-21,54.068,71.697,82.249,0.5768
2013-02-22,54.468,71.789,83.036,0.5842
2013-02-25,54.273,71.523,82.289,0.581
2013-02-26,53.863,70.323,81.603,0.5824
2013-02-27,54.088,70.598,81.743,0.5864
2013-02-28,53.858,70.793,81.607,0.5828
2013-03-01,54.363,70.935,82.349,0.5866
2013-03-04,54.898,71.416,82.496,0.5867
2013-03-05,54.858,71.428,82.905,0.5867
2013-03-06,54.918,71.586,83.033,0.5881
2013-03-07,54.713,70.936,81.954,0.5819
2013-03-08,54.558,71.457,81.894,0.5742
2013-03-11,54.343,70.608,81.019,0.5655
2013-03-12,54.408,70.831,81.01,0.5625
2013-03-13,54.142,70.463,80.612,0.5643
2013-03-14,54.363,70.375,81.043,0.5654
2013-03-15,54.353,70.656,81.934,0.5658
2013-03-18,54.023,70.583,81.658,0.5669
2013-03-19,54.073,69.924,81.544,0.5665
2013-03-20,54.368,69.865,81.982,0.5713
2013-03-21,54.35,70.229,81.915,0.5654
2013-03-22,54.278,69.975,82.314,0.5713
2013-03-25,54.343,70.509,82.759,0.575
2013-03-26,54.168,69.584,82.13,0.5758
2013-03-27,54.363,69.837,82.333,0.5739
2013-03-28,54.388,69.407,82.195,0.5759
2013-03-29,54.388,69.491,82.195,0.5759
2013-04-01,54.278,69.489,82.372,0.5756
2013-04-02,54.25,69.685,82.639,0.5816
2013-04-03,54.423,69.697,82.132,0.5824
2013-04-04,54.428,69.869,82.305,0.5854
2013-04-05,54.883,70.874,83.499,0.569
2013-04-08,54.803,70.817,83.809,0.5614
2013-04-09,54.558,71.013,83.177,0.5487
2013-04-10,54.578,71.317,83.529,0.5508
2013-04-11,54.513,71.085,83.45,0.5464
2013-04-12,54.298,71.138,83.493,0.5445
2013-04-15,54.513,71.411,83.636,0.5542
2013-04-16,54.543,71.132,83.354,0.5629
2013-04-17,54.148,71.284,83.082,0.554
2013-04-18,54.208,70.584,82.55,0.5524
2013-04-19,54.023,70.429,82.456,0.5495
2013-04-22,53.933,70.309,82.041,0.5413
2013-04-23,54.138,70.631,82.695,0.5452
2013-04-24,54.378,70.582,82.726,0.5448
2013-04-25,54.273,70.579,82.839,0.5452
2013-04-26,54.218,70.442,83.599,0.5452
2013-04-29,54.373,70.851,84.169,0.5546
2013-04-30,54.228,70.938,83.917,0.5534
2013-05-01,53.798,70.768,83.497,0.5524
2013-05-02,53.658,70.653,83.467,0.552
2013-05-03,53.808,70.227,83.501,0.5488
2013-05-06,53.78,70.507,83.687,0.5423
2013-05-07,54.173,70.747,84.079,0.5447
2013-05-08,54.128,70.718,83.705,0.5475
2013-05-09,54.158,71.256,84.165,0.5475
2013-05-10,54.248,70.633,83.699,0.5378
2013-05-13,54.803,71.159,84.254,0.5394
2013-05-14,54.828,71.134,83.842,0.5387
2013-05-15,54.798,70.819,83.351,0.5356
2013-05-16,54.778,70.5,83.383,0.5352
2013-05-17,54.778,70.497,83.589,0.5357
2013-05-20,54.888,70.4,83.482,0.5309
2013-05-21,55.108,70.969,84.032,0.5388
2013-05-22,55.408,71.509,83.915,0.5403
2013-05-23,55.653,71.385,83.585,0.5388
2013-05-24,55.708,71.926,84.003,0.5435
2013-05-27,55.813,72.177,84.412,0.5508
2013-05-28,55.565,71.803,83.867,0.549
2013-05-29,56.108,72.0,84.201,0.5471
2013-05-30,56.298,72.815,85.097,0.5573
2013-05-31,56.378,73.466,85.78,0.5572
2013-06-03,56.573,72.3881,84.724,0.5542
2013-06-04,56.668,74.0,86.738,0.5675
2013-06-05,56.438,73.699,86.273,0.5623
2013-06-06,56.723,74.188,87.285,0.5726
2013-06-07,56.838,75.203,88.585,0.583
2013-06-10,56.838,75.203,88.585,0.583
2013-06-11,56.838,75.203,88.585,0.583
2013-06-12,56.838,75.203,88.585,0.583
2013-06-13,57.828,77.069,90.595,0.6022
2013-06-14,57.998,77.455,91.045,0.6069
2013-06-17,57.498,76.742,90.309,0.6111
2013-06-18,58.103,77.564,91.237,0.613
2013-06-19,58.838,78.699,91.909,0.6154
2013-06-20,58.713,77.965,90.805,0.6072
2013-06-21,59.568,78.774,92.342,0.6126
2013-06-24,59.268,77.777,91.383,0.6054
2013-06-25,59.808,78.472,92.294,0.6123
2013-06-26,59.658,77.959,91.862,0.6072
2013-06-27,60.713,78.935,92.952,0.6204
2013-06-28,60.188,78.384,91.75,0.6107
2013-07-01,59.526,77.443,90.554,0.6004
2013-07-02,59.378,77.521,90.256,0.5952
2013-07-03,59.548,77.287,90.227,0.5912
2013-07-04,60.219,78.28,91.884,0.6017
2013-07-05,60.175,77.595,90.412,0.5997
2013-07-08,60.223,77.284,89.675,0.5952
2013-07-09,60.688,78.028,90.656,0.6013
2013-07-10,60.095,76.745,89.214,0.5935
2013-07-11,59.888,78.877,90.804,0.6069
2013-07-12,59.827,78.288,90.721,0.6035
2013-07-15,59.884,78.25,90.487,0.6035
2013-07-16,59.808,78.023,90.21,0.5978
2013-07-17,59.293,77.9,89.665,0.5974
2013-07-18,59.323,77.731,90.136,0.5946
2013-07-19,59.738,78.246,90.835,0.5937
2013-07-22,59.333,77.917,90.501,0.5892
2013-07-23,59.718,78.701,91.663,0.6006
2013-07-24,59.758,78.941,91.784,0.6
2013-07-25,59.127,77.918,90.424,0.5883
2013-07-26,58.958,78.187,90.599,0.5932
2013-07-29,59.06,78.492,90.924,0.6034
2013-07-30,59.412,78.728,91.059,0.6055
2013-07-31,60.808,80.591,92.599,0.6198
2013-08-01,60.63,80.857,92.244,0.6213
2013-08-02,60.433,79.773,91.28,0.6073
2013-08-05,61.098,81.15,93.403,0.6174
2013-08-06,60.877,80.635,93.385,0.6191
2013-08-07,60.783,80.822,93.199,0.6241
2013-08-08,61.203,81.577,94.741,0.6332
2013-08-09,60.724,81.178,94.261,0.6271
2013-08-12,60.672,79.4,94.078,0.6305
2013-08-13,61.37,81.573,94.854,0.6314
2013-08-14,61.45,81.512,94.936,0.626
2013-08-15,61.29,81.29,95.095,0.6263
2013-08-16,61.26,81.801,95.814,0.6312
2013-08-19,62.49,83.287,97.636,0.6398
2013-08-20,63.85,84.111,98.697,0.6464
2013-08-21,63.36,85.029,99.237,0.651
2013-08-22,64.69,85.459,100.03,0.6548
2013-08-23,64.41,85.81,100.2,0.6499
2013-08-26,64.07,85.761,99.818,0.6491
2013-08-27,64.293,86.013,100.19,0.6542
2013-08-28,66.86,88.722,102.99,0.6838
2013-08-29,67.35,91.672,106.73,0.7034
2013-08-30,67.39,88.012,103.09,0.6762
2013-09-02,66.59,87.952,103.33,0.6768
2013-09-03,66.51,86.977,102.52,0.6623
2013-09-04,68.61,89.005,105.16,0.6786
2013-09-05,66.27,88.452,104.68,0.6719
2013-09-06,66.008,86.525,102.82,0.6588
2013-09-09,65.238,85.919,101.97,0.6533
2013-09-10,64.06,86.409,102.32,0.6537
2013-09-11,63.62,84.62,100.33,0.636
2013-09-12,63.16,84.095,99.953,0.6329
2013-09-13,63.62,84.269,100.14,0.6363
2013-09-16,63.29,84.545,100.86,0.6392
2013-09-17,63.29,83.717,99.818,0.6336
2013-09-18,63.18,84.57,100.7,0.6387
2013-09-19,63.58,85.642,102.16,0.6448
2013-09-20,62.19,83.523,98.951,0.6209
2013-09-23,62.72,84.885,100.44,0.6316
2013-09-24,62.68,84.604,100.54,0.6348
2013-09-25,62.72,84.504,100.33,0.6352
2013-09-26,62.43,84.33,100.28,0.6338
2013-09-27,61.73,83.634,99.448,0.6268
2013-09-30,62.91,84.896,101.71,0.6429
2013-10-01,62.58,84.567,101.23,0.6353
2013-10-02,62.61,84.385,101.04,0.6372
2013-10-03,62.07,84.8,101.31,0.6413
2013-10-04,61.96,84.025,99.638,0.634
2013-10-07,61.38,83.286,98.416,0.6308
2013-10-08,61.38,83.841,99.379,0.6385
2013-10-09,62.03,84.176,99.769,0.6386
2013-10-10,61.81,83.508,98.55,0.6337
2013-10-11,61.61,82.922,97.936,0.6241
2013-10-14,60.99,82.678,97.38,0.6204
2013-10-15,61.38,83.37,98.216,0.6234
2013-10-16,61.83,83.534,98.75,0.6271
2013-10-17,61.45,83.398,98.339,0.6234
2013-10-18,61.1,83.48,98.645,0.6233
2013-10-21,61.24,83.783,99.029,0.6255
2013-10-22,60.62,84.131,99.26,0.6266
2013-10-23,61.19,84.875,99.984,0.6277
2013-10-24,61.52,84.795,99.469,0.6316
2013-10-25,61.45,84.819,99.542,0.6309
2013-10-28,61.44,84.82,99.355,0.6294
2013-10-29,61.51,84.738,99.191,0.6295
2013-10-30,61.45,84.182,98.299,0.6238
2013-10-31,61.32,84.154,98.268,0.6224
2013-11-01,62.22,83.428,98.577,0.6248
2013-11-04,62.2,83.925,99.045,0.6301
2013-11-05,61.98,83.381,98.536,0.6255
2013-11-06,62.16,82.945,98.779,0.6253
2013-11-07,62.47,84.272,100.27,0.6319
2013-11-08,62.85,83.622,100.33,0.6352
2013-11-11,63.34,84.554,101.37,0.6386
2013-11-12,63.48,84.729,101.01,0.6374
2013-11-13,63.96,85.567,101.17,0.6391
2013-11-14,63.37,85.319,101.51,0.6374
2013-11-15,63.04,84.804,101.26,0.6291
2013-11-18,62.71,84.546,101.04,0.6249
2013-11-19,62.2,84.206,100.49,0.6245
2013-11-20,62.11,84.522,100.55,0.6219
2013-11-21,62.76,83.984,100.65,0.624
2013-11-22,62.99,84.71,101.78,0.6207
2013-11-25,62.24,84.343,101.01,0.6144
2013-11-26,62.503,84.49,100.95,0.616
2013-11-27,62.46,84.734,101.23,0.617
2013-11-28,62.54,84.883,101.84,0.6119
2013-11-29,62.413,84.83,101.9,0.6096
2013-12-02,62.46,84.888,102.25,0.6096
2013-12-03,62.318,84.314,101.85,0.6048
2013-12-04,62.363,84.678,102.1,0.6087
2013-12-05,61.7,84.229,101.53,0.6054
2013-12-06,61.58,84.341,100.77,0.6062
2013-12-09,61.15,83.815,99.882,0.5927
2013-12-10,60.87,83.926,100.33,0.5915
2013-12-11,60.98,83.958,100.37,0.5933
2013-12-12,61.59,84.36,100.21,0.597
2013-12-13,62.16,84.929,100.92,0.5965
2013-12-16,62.188,85.459,101.36,0.6026
2013-12-17,61.78,84.874,100.53,0.5987
2013-12-18,61.71,85.315,100.83,0.6036
2013-12-19,62.03,84.879,101.65,0.5953
2013-12-20,62.46,84.786,101.57,0.5954
2013-12-23,62.02,84.781,101.32,0.5963
2013-12-24,61.84,84.794,101.21,0.5942
2013-12-25,61.748,84.429,101.08,0.5918
2013-12-26,61.79,84.513,101.03,0.5915
2013-12-27,61.89,84.73,101.56,0.5905
2013-12-30,61.67,84.79,101.65,0.5856
2013-12-31,61.78,85.419,102.02,0.5895
2014-01-01,61.803,84.884,102.27,0.5864
2014-01-02,61.84,85.119,102.5,0.5871
2014-01-03,62.06,85.015,102.32,0.5934
2014-01-06,62.23,84.581,102.12,0.5932
2014-01-07,62.31,84.852,102.2,0.5973
2014-01-08,62.08,84.764,102.09,0.5947
2014-01-09,62.12,84.287,102.13,0.5923
2014-01-10,61.78,84.413,102.22,0.5918
2014-01-13,61.44,83.995,101.3,0.5904
2014-01-14,61.47,83.98,100.68,0.5957
2014-01-15,61.47,83.962,100.95,0.5896
2014-01-16,61.54,83.674,100.68,0.5883
2014-01-17,61.42,83.716,100.51,0.5895
2014-01-20,61.55,83.257,101.05,0.5903
2014-01-21,61.618,83.394,101.1,0.5905
2014-01-22,61.97,83.83,101.83,0.5931
2014-01-23,61.87,83.64,102.29,0.5902
2014-01-24,62.13,84.693,102.91,0.5986
2014-01-27,62.73,85.876,103.43,0.6145
2014-01-28,63.38,86.21,104.5,0.6141
2014-01-29,62.38,85.36,103.58,0.6055
2014-01-30,62.468,85.245,103.34,0.6101
2014-01-31,62.31,84.743,103.12,0.6082
2014-02-03,62.5,84.285,102.69,0.612
2014-02-04,62.87,84.524,101.95,0.618
2014-02-05,62.13,84.442,102.03,0.6144
2014-02-06,62.23,84.643,102.09,0.6165
2014-02-07,62.23,84.71,101.72,0.6108
2014-02-10,62.09,84.585,101.89,0.6054
2014-02-11,62.448,85.137,102.37,0.6108
2014-02-12,62.03,84.773,102.23,0.6064
2014-02-13,61.68,84.292,103.02,0.6053
2014-02-14,62.15,85.305,103.88,0.6103
2014-02-17,61.83,84.701,103.62,0.6088
2014-02-18,61.79,84.669,103.3,0.6053
2014-02-19,62.21,85.483,103.64,0.607
2014-02-20,62.26,85.372,103.72,0.6078
2014-02-21,62.13,85.31,103.59,0.6076
2014-02-24,62.01,85.185,103.13,0.6046
2014-02-25,62.068,85.174,103.29,0.6051
2014-02-26,61.978,85.122,103.26,0.6062
2014-02-27,62.15,84.719,103.21,0.6053
2014-02-28,62.02,84.897,103.37,0.6065
2014-03-03,61.82,85.205,103.41,0.6086
2014-03-04,62.17,85.145,103.29,0.6112
2014-03-05,61.6,84.984,103.07,0.6053
2014-03-06,61.748,84.725,103.13,0.6027
2014-03-07,60.8,84.647,102.22,0.5926
2014-03-10,61.23,84.987,102.42,0.5932
2014-03-11,60.81,84.386,101.18,0.589
2014-03-12,61.04,84.58,101.44,0.5935
2014-03-13,60.77,85.046,101.66,0.5951
2014-03-14,61.46,84.733,101.6,0.6005
2014-03-17,60.98,84.829,101.49,0.6016
2014-03-18,61.04,84.997,101.55,0.5991
2014-03-19,61.108,85.056,101.33,0.6019
2014-03-20,60.95,84.181,100.72,0.5944
2014-03-21,61.333,84.456,101.15,0.5984
2014-03-24,61.02,84.175,100.61,0.597
2014-03-25,60.59,84.027,100.17,0.5942
2014-03-26,60.22,83.492,99.893,0.5907
2014-03-27,60.16,82.8,99.573,0.5896
2014-03-28,60.238,82.697,99.944,0.5891
2014-03-31,59.84,82.269,99.583,0.5817
2014-04-01,59.99,82.591,99.923,0.5809
2014-04-02,59.78,82.46,99.429,0.5768
2014-04-03,59.898,82.391,99.504,0.5762
2014-04-04,60.39,82.488,99.756,0.5784
2014-04-07,59.67,81.762,98.924,0.5774
2014-04-08,60.12,82.527,99.743,0.5827
2014-04-09,60.09,82.802,100.54,0.5888
2014-04-10,59.96,83.239,100.93,0.5884
2014-04-11,60.3,83.343,100.69,0.5919
2014-04-14,60.34,83.556,100.95,0.5947
2014-04-15,60.34,83.174,100.7,0.5907
2014-04-16,60.3,83.114,100.64,0.5907
2014-04-17,60.25,83.385,101.36,0.5901
2014-04-18,60.29,83.281,101.23,0.5885
2014-04-21,60.15,83.085,101.0,0.5863
2014-04-22,60.48,83.42,101.56,0.5892
2014-04-23,60.758,83.815,102.12,0.5915
2014-04-24,61.01,84.347,102.45,0.5956
2014-04-25,61.12,84.454,102.63,0.5968
2014-04-28,60.638,83.923,101.87,0.5935
2014-04-29,60.643,83.929,101.84,0.591
2014-04-30,60.418,83.382,101.55,0.5885
2014-05-01,60.12,83.384,101.45,0.5879
2014-05-02,60.14,83.509,101.72,0.5887
2014-05-05,60.02,83.257,101.3,0.5872
2014-05-06,60.11,83.503,101.51,0.5892
2014-05-07,59.978,83.479,101.73,0.5893
2014-05-08,59.89,83.421,101.67,0.5887
2014-05-09,59.93,82.84,101.34,0.5889
2014-05-12,59.85,82.34,100.89,0.5877
2014-05-13,59.42,82.532,101.23,0.5872
2014-05-14,59.31,81.435,99.994,0.5811
2014-05-15,59.4,81.522,99.65,0.5837
2014-05-16,59.33,81.485,99.764,0.5852
2014-05-19,58.56,80.215,98.519,0.5767
2014-05-20,58.368,79.967,98.064,0.5746
2014-05-21,58.583,80.212,98.551,0.578
2014-05-22,58.688,80.221,99.073,0.578
2014-05-23,58.278,79.502,98.211,0.5722
2014-05-26,58.42,79.614,98.338,0.5729
2014-05-27,58.65,80.081,98.812,0.5757
2014-05-28,59.038,80.434,99.167,0.5785
2014-05-29,58.83,79.979,98.331,0.5781
2014-05-30,58.9,80.066,98.433,0.5786
2014-06-02,59.188,80.637,99.167,0.5813
2014-06-03,59.16,80.445,99.066,0.5776
2014-06-04,59.3,80.741,99.226,0.578
2014-06-05,59.26,80.553,99.128,0.5767
2014-06-06,59.163,80.752,99.349,0.5771
2014-06-09,59.168,80.65,99.298,0.5768
2014-06-10,59.198,80.394,99.386,0.5771
2014-06-11,59.12,80.094,99.077,0.5782
2014-06-12,59.333,80.246,99.539,0.5812
2014-06-13,59.288,80.283,100.45,0.5824
2014-06-16,59.703,80.792,101.34,0.5853
2014-06-17,60.09,81.563,102.02,0.5901
2014-06-18,60.323,81.658,102.21,0.5898
2014-06-19,59.81,81.865,102.38,0.5911
2014-06-20,60.16,81.715,102.3,0.589
2014-06-23,60.168,81.755,102.28,0.5892
2014-06-24,60.153,81.814,102.4,0.5904
2014-06-25,60.19,81.774,102.06,0.5897
2014-06-26,59.95,81.804,101.95,0.5895
2014-06-27,60.08,81.875,102.4,0.5918
2014-06-30,60.038,81.875,102.18,0.5915
2014-07-01,59.97,82.157,102.66,0.5922
2014-07-02,60.028,82.126,102.93,0.5911
2014-07-03,59.44,81.421,102.34,0.5856
2014-07-04,59.61,81.22,102.36,0.584
2014-07-07,59.718,81.119,102.37,0.5845
2014-07-08,59.948,81.495,102.62,0.5883
2014-07-09,59.748,81.282,102.31,0.5883
2014-07-10,59.758,81.531,102.53,0.5884
2014-07-11,60.188,81.815,103.0,0.5935
2014-07-14,60.088,81.752,102.87,0.593
2014-07-15,60.06,81.822,102.64,0.5916
2014-07-16,60.17,81.516,102.96,0.5908
2014-07-17,60.08,81.26,102.95,0.5909
2014-07-18,60.6,81.281,102.79,0.594
2014-07-21,60.278,81.564,103.01,0.5947
2014-07-22,60.25,81.401,102.75,0.5935
2014-07-23,60.098,80.86,102.46,0.5917
2014-07-24,59.86,80.716,102.16,0.5906
2014-07-25,60.06,80.872,102.05,0.5902
2014-07-28,60.053,80.671,101.98,0.5896
2014-07-29,60.05,80.696,101.99,0.5897
2014-07-30,60.04,80.554,101.8,0.5883
2014-07-31,60.25,80.374,101.46,0.5834
2014-08-01,60.77,81.369,102.64,0.5913
2014-08-04,61.208,82.178,102.95,0.5968
2014-08-05,60.9,81.72,102.68,0.5937
2014-08-06,60.843,81.362,102.69,0.5931
2014-08-07,61.19,82.207,103.54,0.6016
2014-08-08,61.238,81.728,102.97,0.5991
2014-08-11,61.138,81.974,102.57,0.5989
2014-08-12,61.12,81.797,102.58,0.5979
2014-08-13,61.22,81.56,102.55,0.5967
2014-08-14,61.02,81.586,101.86,0.5959
2014-08-15,60.64,81.111,101.29,0.5922
2014-08-18,60.773,81.365,101.6,0.5934
2014-08-19,60.82,81.125,101.54,0.5917
2014-08-20,60.74,80.742,100.74,0.5888
2014-08-21,60.608,80.293,100.52,0.5839
2014-08-22,60.44,80.484,100.49,0.5836
2014-08-25,60.463,79.787,100.05,0.5803
2014-08-26,60.51,79.794,100.27,0.5814
2014-08-27,60.428,79.51,99.9,0.58
2014-08-28,60.448,79.66,100.09,0.5812
2014-08-29,60.61,79.689,100.27,0.5828
2014-09-01,60.513,79.476,100.38,0.5811
2014-09-02,60.523,79.405,100.46,0.5794
2014-09-03,60.678,79.606,99.835,0.5762
2014-09-04,60.39,79.458,99.47,0.5762
2014-09-05,60.37,77.99,98.237,0.5711
2014-09-08,60.388,78.222,97.924,0.5742
2014-09-09,60.38,77.615,96.898,0.5673
2014-09-10,60.79,78.349,97.607,0.5705
2014-09-11,60.8,78.632,98.609,0.5698
2014-09-12,60.81,78.657,98.912,0.5682
2014-09-15,60.648,77.4859,97.338,0.5568
2014-09-16,60.97,78.984,99.062,0.5697
2014-09-17,61.053,79.042,99.212,0.5693
2014-09-18,60.908,78.19,98.987,0.5606
2014-09-19,60.69,78.39,99.732,0.5576
2014-09-22,60.853,78.068,99.129,0.558
2014-09-23,61.0,78.234,99.661,0.5597
2014-09-24,60.98,78.382,99.974,0.562
2014-09-25,60.81,77.793,99.366,0.5569
2014-09-26,61.49,78.156,100.06,0.5641
2014-09-29,61.138,77.547,99.322,0.5594
2014-09-30,61.553,78.04,99.872,0.5621
2014-10-01,61.82,78.135,100.31,0.5642
2014-10-02,61.713,77.829,99.829,0.5655
2014-10-03,61.44,77.891,99.341,0.5665
2014-10-06,61.538,77.009,98.258,0.5606
2014-10-07,61.21,77.747,98.81,0.5647
2014-10-08,61.27,77.575,98.531,0.5666
2014-10-09,60.88,78.099,99.06,0.5668
2014-10-10,61.02,77.39,98.31,0.5656
2014-10-13,61.278,77.382,98.514,0.5693
2014-10-14,61.003,77.54,97.907,0.5693
2014-10-15,61.393,77.52,97.479,0.5716
2014-10-16,61.373,78.621,98.042,0.5785
2014-10-17,61.723,78.962,99.247,0.5795
2014-10-20,61.358,78.219,98.817,0.5728
2014-10-21,61.228,78.276,98.833,0.5723
2014-10-22,61.143,77.669,98.43,0.5708
2014-10-23,61.1,77.283,98.077,0.5705
2014-10-24,61.13,77.3,97.945,0.5649
2014-10-27,61.163,77.497,98.412,0.5654
2014-10-28,61.298,77.784,98.745,0.5678
2014-10-29,61.181,77.861,98.659,0.5653
2014-10-30,61.283,77.345,97.991,0.5626
2014-10-31,61.433,77.387,98.182,0.5619
2014-11-03,61.398,76.2016,96.918,0.5416
2014-11-04,61.413,76.664,98.025,0.5399
2014-11-05,61.288,76.861,98.001,0.5397
2014-11-06,61.37,76.573,97.974,0.5352
2014-11-07,61.493,76.057,97.317,0.5334
2014-11-10,61.513,75.4044,97.621,0.537
2014-11-11,61.53,76.331,97.351,0.5352
2014-11-12,61.49,76.663,97.861,0.5309
2014-11-13,61.368,76.203,96.676,0.5304
2014-11-14,61.593,76.751,96.613,0.5312
2014-11-17,61.708,77.289,96.694,0.5306
2014-11-18,61.823,76.892,96.592,0.5294
2014-11-19,61.718,77.274,96.364,0.5276
2014-11-20,61.938,77.605,96.988,0.5237
2014-11-21,61.923,77.605,97.091,0.5232
2014-11-24,61.76,76.527,96.719,0.5241
2014-11-25,61.853,76.837,97.016,0.5216
2014-11-26,61.84,77.134,97.158,0.5246
2014-11-27,61.788,77.195,97.456,0.5248
2014-11-28,61.853,76.998,97.159,0.5243
2014-12-01,62.203,76.4261,97.372,0.5243
2014-12-02,61.948,77.175,97.357,0.5231
2014-12-03,61.788,76.466,96.582,0.5178
2014-12-04,61.856,76.107,96.978,0.5156
2014-12-05,61.783,76.453,96.776,0.5152
2014-12-08,61.911,76.064,96.482,0.5099
2014-12-09,61.818,76.051,96.659,0.5118
2014-12-10,61.873,76.577,96.952,0.5179
2014-12-11,62.003,77.262,97.539,0.5262
2014-12-12,62.473,77.355,98.13,0.5244
2014-12-15,62.518,77.916,98.263,0.5262
2014-12-16,63.168,78.526,98.713,0.536
2014-12-17,63.653,79.568,100.13,0.5454
2014-12-18,63.518,78.297,98.823,0.5342
2014-12-19,62.983,77.328,98.57,0.529
2014-12-22,63.24,77.34,98.819,0.5291
2014-12-23,63.223,77.2,98.387,0.5256
2014-12-24,63.433,77.146,98.36,0.525
2014-12-25,63.4,77.327,98.6,0.5262
2014-12-26,63.513,77.632,98.839,0.5285
2014-12-29,63.59,77.548,98.943,0.5277
2014-12-30,63.663,77.301,98.677,0.5271
2014-12-31,63.378,77.009,98.565,0.53
2015-01-01,63.028,76.18,98.082,0.526
2015-01-02,63.028,76.277,98.226,0.5261
2015-01-05,63.278,75.949,96.989,0.5252
2015-01-06,63.338,75.538,96.547,0.5297
2015-01-07,63.568,75.409,96.125,0.5351
2015-01-08,63.273,74.806,95.491,0.5299
2015-01-09,62.668,73.839,94.46,0.5227
2015-01-12,62.348,73.838,94.514,0.526
2015-01-13,62.068,73.358,94.06,0.524
2015-01-14,61.973,72.917,93.914,0.5256
2015-01-15,62.088,73.096,94.483,0.5281
2015-01-16,62.058,72.142,94.111,0.5338
2015-01-19,61.863,71.522,93.865,0.5259
2015-01-20,61.638,71.407,92.916,0.5231
2015-01-21,61.648,71.107,93.277,0.5189
2015-01-22,61.553,71.416,93.121,0.5217
2015-01-23,61.598,69.805,92.369,0.5181
2015-01-26,61.433,68.782,91.942,0.5209
2015-01-27,61.473,69.07,92.636,0.5181
2015-01-28,61.403,69.725,93.153,0.5208
2015-01-29,61.351,69.163,92.811,0.5211
2015-01-30,61.796,69.975,93.082,0.522
2015-02-02,62.013,69.981,93.429,0.5279
2015-02-03,61.728,69.93,92.659,0.5243
2015-02-04,61.614,70.513,93.183,0.5232
2015-02-05,61.86,70.007,93.881,0.5274
2015-02-06,61.733,70.743,94.495,0.5247
2015-02-09,61.963,70.105,94.457,0.5201
2015-02-10,62.13,70.294,94.441,0.5235
2015-02-11,62.342,70.574,95.137,0.5222
2015-02-12,62.382,70.489,94.995,0.5186
2015-02-13,62.17,70.824,95.58,0.5223
2015-02-16,62.069,70.641,95.583,0.5227
2015-02-17,62.186,70.404,95.394,0.5242
2015-02-18,62.112,70.759,95.253,0.5205
2015-02-19,62.074,70.69,95.718,0.5224
2015-02-20,62.165,70.586,95.755,0.5218
2015-02-23,62.101,70.603,95.526,0.5211
2015-02-24,62.171,70.383,95.958,0.5222
2015-02-25,62.233,70.573,96.154,0.5231
2015-02-26,61.877,70.249,95.986,0.5202
2015-02-27,61.754,69.114,95.105,0.5167
2015-03-02,61.651,68.95,95.033,0.5151
2015-03-03,61.901,69.113,94.948,0.5143
2015-03-04,61.813,69.047,94.864,0.5161
2015-03-05,62.305,68.956,94.994,0.5201
2015-03-06,62.443,68.812,95.11,0.5196
2015-03-09,62.453,67.652,93.857,0.5164
2015-03-10,62.673,67.822,94.556,0.5156
2015-03-11,62.713,67.078,94.456,0.5175
2015-03-12,62.755,66.119,93.613,0.5163
2015-03-13,62.535,66.371,93.032,0.5148
2015-03-16,63.076,66.204,92.983,0.5196
2015-03-17,62.789,66.311,92.98,0.5168
2015-03-18,62.616,66.285,92.268,0.5156
2015-03-19,62.693,67.941,93.697,0.5215
2015-03-20,62.483,66.594,92.13,0.5169
2015-03-23,62.403,67.526,93.311,0.5198
2015-03-24,62.223,68.037,92.921,0.519
2015-03-25,62.278,67.83,92.281,0.5192
2015-03-26,62.462,68.395,92.823,0.522
2015-03-27,62.829,68.32,93.242,0.5266
2015-03-30,62.515,68.079,92.992,0.5247
2015-03-31,62.509,67.622,92.468,0.5203
2015-04-01,62.306,66.904,92.385,0.5191
2015-04-02,62.169,66.878,92.112,0.5193
2015-04-03,62.06,67.465,92.031,0.5182
2015-04-06,62.06,68.105,92.581,0.5216
2015-04-07,62.06,67.831,92.368,0.5193
2015-04-08,62.309,67.362,92.262,0.5174
2015-04-09,62.182,66.989,92.411,0.5172
2015-04-10,62.314,66.395,91.603,0.5163
2015-04-13,62.269,66.024,91.122,0.5181
2015-04-14,62.391,65.887,91.395,0.5196
2015-04-15,62.314,66.271,91.943,0.5216
2015-04-16,62.39,66.539,92.414,0.5236
2015-04-17,62.326,66.956,92.878,0.5238
2015-04-20,62.543,67.512,93.481,0.5261
2015-04-21,63.145,67.791,94.041,0.5294
2015-04-22,62.878,67.474,93.792,0.5253
2015-04-23,62.935,67.416,94.513,0.5245
2015-04-24,63.287,68.371,95.149,0.5292
2015-04-27,63.655,69.19,96.628,0.535
2015-04-28,63.14,68.819,96.628,0.5311
2015-04-29,63.033,69.062,96.362,0.5299
2015-04-30,63.442,70.431,97.873,0.5327
2015-05-01,63.523,71.219,97.517,0.5316
2015-05-04,63.523,71.219,96.154,0.5293
2015-05-05,63.593,70.827,96.169,0.5289
2015-05-06,63.344,70.78,96.096,0.5276
2015-05-07,63.66,72.124,97.027,0.5326
2015-05-08,64.082,71.992,98.769,0.5348
2015-05-11,63.704,71.321,98.493,0.5313
2015-05-12,64.02,71.272,99.714,0.5324
2015-05-13,64.211,71.976,100.6,0.5353
2015-05-14,64.044,72.609,100.78,0.5368
2015-05-15,63.408,72.23,100.02,0.5314
2015-05-18,63.433,72.556,99.755,0.5311
2015-05-19,63.729,72.102,99.796,0.5309
2015-05-20,63.785,71.013,98.961,0.5281
2015-05-21,63.625,70.549,98.86,0.5243
2015-05-22,63.626,70.627,99.668,0.5251
2015-05-25,63.483,69.87,98.332,0.5221
2015-05-26,63.571,69.666,98.353,0.5222
2015-05-27,63.976,69.572,98.484,0.5196
2015-05-28,63.874,69.535,98.041,0.5156
2015-05-29,63.825,69.883,97.796,0.5149
2015-06-01,63.736,69.961,97.462,0.5125
2015-06-02,63.61,69.4,96.683,0.5089
2015-06-03,63.662,70.895,97.667,0.5127
2015-06-04,64.059,72.042,98.187,0.5148
2015-06-05,64.001,71.655,98.296,0.514
2015-06-08,63.762,70.793,97.345,0.5071
2015-06-09,63.976,72.094,98.157,0.513
2015-06-10,64.038,72.263,98.548,0.5145
2015-06-11,63.799,72.085,98.89,0.5187
2015-06-12,63.999,71.875,99.249,0.5173
2015-06-15,64.092,72.154,99.721,0.5193
2015-06-16,64.052,72.138,99.892,0.5184
2015-06-17,64.182,72.072,100.4,0.5194
2015-06-18,64.003,72.69,101.33,0.5176
2015-06-19,63.645,72.305,101.04,0.5169
2015-06-22,63.492,72.012,100.85,0.5168
2015-06-23,63.507,71.983,100.5,0.5141
2015-06-24,63.6,70.989,100.06,0.5129
2015-06-25,63.562,71.143,99.827,0.5127
2015-06-26,63.511,71.095,100.01,0.5132
2015-06-29,63.444,70.803,99.504,0.5246
2015-06-30,63.724,71.412,100.23,0.519
2015-07-01,63.59,70.787,99.864,0.5189
2015-07-02,63.574,70.102,99.195,0.515
2015-07-03,63.37,70.18,98.921,0.5144
2015-07-06,63.404,70.395,98.723,0.5157
2015-07-07,63.365,69.93,98.845,0.5162
2015-07-08,63.518,69.852,98.23,0.5179
2015-07-09,63.562,70.284,97.688,0.5255
2015-07-10,63.364,70.028,97.403,0.5203
2015-07-13,63.352,70.663,98.303,0.5158
2015-07-14,63.514,69.732,98.33,0.5134
2015-07-15,63.324,69.626,99.016,0.5129
2015-07-16,63.524,69.433,99.329,0.5123
2015-07-17,63.482,69.018,99.064,0.5108
2015-07-20,63.484,68.675,99.041,0.5108
2015-07-21,63.625,68.856,99.073,0.5113
2015-07-22,63.583,69.459,98.906,0.5128
2015-07-23,63.664,69.485,99.416,0.5127
2015-07-24,63.848,70.078,99.061,0.5148
2015-07-27,64.1,70.347,99.419,0.5174
2015-07-28,64.217,71.142,99.928,0.5205
2015-07-29,63.839,70.559,99.634,0.5161
2015-07-30,63.883,70.091,99.711,0.5149
2015-07-31,64.118,70.071,100.03,0.5163
2015-08-03,63.98,70.22,99.949,0.516
2015-08-04,64.124,70.169,99.97,0.5169
2015-08-05,63.819,69.401,99.338,0.513
2015-08-06,63.696,69.376,99.401,0.5101
2015-08-07,63.733,69.554,98.865,0.5104
2015-08-10,63.733,69.554,98.865,0.5104
2015-08-11,63.838,70.243,99.498,0.5117
2015-08-12,64.326,70.938,100.24,0.5137
2015-08-13,64.799,72.225,101.15,0.521
2015-08-14,65.269,72.762,101.88,0.5243
2015-08-17,65.122,72.271,101.88,0.5233
2015-08-18,65.443,72.421,101.99,0.5254
2015-08-19,65.446,72.119,102.48,0.5257
2015-08-20,65.054,72.265,102.02,0.5245
2015-08-21,65.461,73.48,102.71,0.5298
2015-08-24,66.026,75.149,103.62,0.5406
2015-08-25,66.807,77.301,105.22,0.5613
2015-08-26,66.283,76.489,104.01,0.5586
2015-08-27,66.056,74.817,102.25,0.5497
2015-08-28,66.055,74.217,101.8,0.5453
2015-08-31,66.143,73.902,101.8,0.5429
2015-09-01,66.35,74.413,101.93,0.5474
2015-09-02,66.423,74.945,101.68,0.5543
2015-09-03,66.226,74.178,101.37,0.5486
2015-09-04,66.16,73.535,100.96,0.5505
2015-09-07,66.678,74.267,101.14,0.5596
2015-09-08,66.803,74.487,102.04,0.5589
2015-09-09,66.406,74.342,102.25,0.5524
2015-09-10,66.597,74.649,102.27,0.5532
2015-09-11,66.319,74.762,102.4,0.5492
2015-09-14,66.234,75.017,102.2,0.5483
2015-09-15,66.315,74.921,102.29,0.5504
2015-09-16,66.43,74.798,101.93,0.551
2015-09-17,66.196,74.683,102.66,0.5486
2015-09-18,66.122,75.297,102.95,0.55
2015-09-21,65.861,74.401,102.3,0.5487
2015-09-22,65.739,73.494,101.94,0.545
2015-09-23,65.875,73.175,101.14,0.548
2015-09-24,66.162,73.953,100.89,0.55
2015-09-25,66.221,73.948,100.83,0.5501
2015-09-28,66.163,73.994,100.45,0.548
2015-09-29,66.26,74.335,100.53,0.5523
2015-09-30,65.92,74.111,99.915,0.5493
2015-10-01,65.527,73.115,99.093,0.5461
2015-10-02,65.618,73.368,99.352,0.5471
2015-10-05,65.357,73.197,99.199,0.5446
2015-10-06,65.123,72.827,98.678,0.54
2015-10-07,65.184,73.372,99.24,0.5415
2015-10-08,64.939,72.913,99.46,0.5409
2015-10-09,64.995,73.269,99.784,0.5414
2015-10-12,64.772,73.497,99.244,0.5379
2015-10-13,64.782,73.495,99.386,0.5392
2015-10-14,65.085,74.011,99.249,0.5431
2015-10-15,64.849,74.333,100.36,0.5451
2015-10-16,64.784,73.575,100.24,0.5436
2015-10-19,64.695,73.368,99.86,0.5413
2015-10-20,64.951,73.501,100.44,0.543
2015-10-21,64.994,73.716,100.39,0.542
2015-10-22,65.159,73.864,100.47,0.5432
2015-10-23,65.05,72.011,100.07,0.5377
2015-10-26,64.885,71.415,99.364,0.5336
2015-10-27,64.901,71.716,99.652,0.536
2015-10-28,65.067,71.72,99.606,0.5395
2015-10-29,64.946,70.892,99.186,0.5368
2015-10-30,65.444,71.871,100.25,0.5403
2015-11-02,65.415,71.941,100.91,0.5419
2015-11-03,65.541,72.124,101.07,0.5421
2015-11-04,65.531,71.754,101.05,0.5405
2015-11-05,65.585,71.189,100.89,0.5393
2015-11-06,65.86,71.592,100.18,0.5406
2015-11-09,66.133,70.961,99.524,0.5361
2015-11-10,66.468,71.45,100.48,0.5396
2015-11-11,66.193,70.999,100.09,0.5372
2015-11-12,66.063,71.028,100.54,0.5376
2015-11-13,66.048,71.342,100.59,0.5383
2015-11-16,66.051,71.135,100.63,0.5393
2015-11-17,65.897,70.356,100.18,0.5341
2015-11-18,66.037,70.214,100.49,0.5344
2015-11-19,66.075,70.426,100.65,0.5343
2015-11-20,66.085,70.794,101.03,0.5369
2015-11-23,66.05,69.7025,100.34,0.5331
2015-11-24,66.371,70.537,100.36,0.5393
2015-11-25,66.3,70.491,99.98,0.5406
2015-11-26,66.382,70.458,100.4,0.5406
2015-11-27,66.558,70.502,100.51,0.5422
2015-11-30,66.9,70.795,100.56,0.544
2015-12-01,66.508,70.234,100.16,0.5393
2015-12-02,66.461,70.549,100.22,0.5401
2015-12-03,66.557,70.551,99.48,0.5395
2015-12-04,66.803,72.854,101.15,0.5441
2015-12-07,66.636,72.458,100.7,0.541
2015-12-08,66.768,72.261,100.52,0.541
2015-12-09,66.833,72.719,100.33,0.5431
2015-12-10,66.89,73.611,101.55,0.5491
2015-12-11,66.786,73.039,101.24,0.5481
2015-12-14,67.141,72.4315,102.2,0.5446
2015-12-15,67.071,73.652,101.68,0.5533
2015-12-16,66.903,73.089,100.6,0.5493
2015-12-17,66.428,72.153,99.495,0.5418
2015-12-18,66.459,71.987,99.207,0.5421
2015-12-21,66.248,71.906,98.658,0.5455
2015-12-22,66.269,72.231,98.658,0.5462
2015-12-23,66.243,72.458,98.189,0.5468
2015-12-24,66.154,72.092,98.378,0.5465
2015-12-25,65.94,71.2702,98.327,0.5479
2015-12-28,65.94,71.2702,98.327,0.5474
2015-12-29,66.134,72.508,98.443,0.5488
2015-12-30,66.26,72.321,98.185,0.5491
2015-12-31,66.455,72.59,98.43,0.5511
2016-01-01,66.193,71.0666,97.551,0.5498
2016-01-04,66.193,71.0666,97.598,0.5498
2016-01-05,66.601,72.027,97.979,0.557
2016-01-06,66.524,71.444,97.643,0.558
2016-01-07,66.724,71.83,97.608,0.5619
2016-01-08,66.921,73.036,97.882,0.5687
2016-01-11,66.84,71.475,97.056,0.5579
2016-01-12,66.793,72.442,97.12,0.5671
2016-01-13,66.92,72.487,96.642,0.5673
2016-01-14,66.936,72.785,96.54,0.5694
2016-01-15,67.304,73.01,97.043,0.5689
2016-01-18,67.767,72.7889,96.608,0.5789
2016-01-19,67.711,73.683,96.503,0.5761
2016-01-20,67.767,73.865,96.076,0.5759
2016-01-21,67.949,73.826,96.416,0.5796
2016-01-22,67.808,73.555,96.448,0.5745
2016-01-25,67.541,72.235,96.358,0.5681
2016-01-26,67.741,73.441,96.483,0.5724
2016-01-27,67.77,73.537,97.21,0.5718
2016-01-28,68.196,74.296,97.18,0.5748
2016-01-29,68.093,74.395,97.772,0.5719
2016-02-01,67.87,73.0313,96.681,0.5567
2016-02-02,67.882,73.889,97.899,0.5611
2016-02-03,67.986,74.168,97.955,0.5666
2016-02-04,67.927,75.27,99.085,0.5744
2016-02-05,67.564,75.586,98.504,0.5775
2016-02-08,67.802,75.589,98.323,0.5796
2016-02-09,68.076,76.092,98.197,0.5879
2016-02-10,67.928,76.605,98.227,0.589
2016-02-11,67.893,76.502,98.624,0.5988
2016-02-12,68.474,77.417,99.144,0.6081
2016-02-15,68.111,75.9189,98.809,0.5958
2016-02-16,68.137,76.081,98.411,0.5954
2016-02-17,68.506,76.268,97.998,0.6
2016-02-18,68.356,75.961,97.617,0.5976
2016-02-19,68.566,76.074,98.295,0.6047
2016-02-22,68.538,76.241,98.739,0.6083
2016-02-23,68.574,75.545,97.014,0.6065
2016-02-24,68.603,75.557,96.197,0.6125
2016-02-25,68.376,75.235,95.21,0.6094
2016-02-26,68.797,75.763,96.02,0.6077
2016-02-29,68.73,74.7189,95.342,0.5997
2016-03-01,68.218,74.187,95.005,0.6061
2016-03-02,67.746,73.595,94.518,0.5938
2016-03-03,67.388,73.169,94.873,0.5932
2016-03-04,67.143,73.433,95.144,0.59
2016-03-07,66.93,72.6618,95.268,0.5875
2016-03-08,67.046,73.773,95.609,0.5906
2016-03-09,67.357,74.034,95.684,0.5973
2016-03-10,67.145,73.694,95.376,0.5922
2016-03-11,67.309,75.153,96.176,0.5957
2016-03-14,66.913,73.496,96.251,0.5876
2016-03-15,67.174,74.498,95.945,0.5895
2016-03-16,67.359,74.738,95.362,0.5949
2016-03-17,66.83,75.264,95.269,0.595
2016-03-18,66.612,75.3,96.426,0.5976
2016-03-21,66.376,74.728,96.123,0.5943
2016-03-22,66.52,74.664,95.603,0.5926
2016-03-23,66.764,74.847,94.95,0.5943
2016-03-24,66.902,74.715,94.425,0.5946
2016-03-25,66.907,74.724,94.665,0.5926
2016-03-28,66.907,74.724,94.574,0.5917
2016-03-29,66.907,74.724,95.396,0.5883
2016-03-30,66.368,74.841,95.488,0.5883
2016-03-31,66.368,75.149,95.418,0.59
2016-04-01,66.248,75.312,95.177,0.5882
2016-04-04,66.358,75.51,94.404,0.5935
2016-04-05,66.133,75.225,94.322,0.5938
2016-04-06,66.468,75.582,94.119,0.6015
2016-04-07,66.533,75.779,94.033,0.6058
2016-04-08,66.779,75.867,93.865,0.6155
2016-04-11,66.544,75.795,94.004,0.6154
2016-04-12,66.29,75.565,94.334,0.6134
2016-04-13,66.315,75.422,94.566,0.6098
2016-04-14,66.525,74.959,94.415,0.6074
2016-04-15,66.637,75.019,94.247,0.609
2016-04-18,66.653,75.133,94.661,0.6122
2016-04-19,66.409,75.02,94.809,0.6082
2016-04-20,66.222,75.146,95.283,0.6056
2016-04-21,66.204,74.745,94.924,0.6022
2016-04-22,66.512,75.014,95.276,0.607
2016-04-25,66.653,74.763,96.02,0.5958
2016-04-26,66.705,75.091,96.66,0.5996
2016-04-27,66.457,74.994,96.861,0.5968
2016-04-28,66.355,75.093,96.467,0.5943
2016-04-29,66.438,75.376,97.054,0.614
2016-05-02,66.418,75.99,97.073,0.6239
2016-05-03,66.371,76.411,97.329,0.6231
2016-05-04,66.592,76.513,96.857,0.6237
2016-05-05,66.62,76.478,96.606,0.6224
2016-05-06,66.602,75.878,96.527,0.6204
2016-05-09,66.594,75.878,96.095,0.6212
2016-05-10,66.721,75.901,96.185,0.6154
2016-05-11,66.666,75.754,96.332,0.6098
2016-05-12,66.591,76.016,96.146,0.6137
2016-05-13,66.751,75.844,96.415,0.6111
2016-05-16,66.9,75.526,96.063,0.6147
2016-05-17,66.875,75.578,96.419,0.6123
2016-05-18,66.868,75.583,96.643,0.613
2016-05-19,67.16,75.271,98.014,0.609
2016-05-20,67.477,75.536,98.523,0.6136
2016-05-23,67.423,75.6,98.198,0.611
2016-05-24,67.448,75.541,97.662,0.6158
2016-05-25,67.651,75.258,98.841,0.6133
2016-05-26,67.304,75.013,98.919,0.6106
2016-05-27,66.954,74.86,98.191,0.6095
2016-05-30,67.024,74.425,97.983,0.6072
2016-05-31,67.133,74.771,98.212,0.6051
2016-06-01,67.231,74.776,97.426,0.6068
2016-06-02,67.426,75.348,97.191,0.6152
2016-06-03,67.292,74.963,96.923,0.6175
2016-06-06,66.992,76.078,97.303,0.6282
2016-06-07,66.801,75.818,96.609,0.6209
2016-06-08,66.763,75.751,97.082,0.6217
2016-06-09,66.51,75.77,96.549,0.6222
2016-06-10,66.741,75.43,96.5,0.6226
2016-06-13,66.945,75.248,95.477,0.6253
2016-06-14,67.154,75.737,95.389,0.6316
2016-06-15,67.298,75.373,94.959,0.6336
2016-06-16,67.073,75.46,95.237,0.633
2016-06-17,67.307,75.696,95.663,0.6419
2016-06-20,67.066,75.559,97.541,0.6366
2016-06-21,67.13,76.398,98.632,0.6499
2016-06-22,67.606,75.982,99.153,0.6447
2016-06-23,67.422,76.287,99.822,0.6435
2016-06-24,67.242,76.083,100.51,0.6402
2016-06-27,67.877,74.0185,92.836,0.6637
2016-06-28,67.921,74.74,89.866,0.6665
2016-06-29,67.705,74.897,90.366,0.6586
2016-06-30,67.416,74.926,90.724,0.6551
2016-07-01,67.501,74.896,89.743,0.6529
2016-07-04,67.182,74.743,89.107,0.6543
2016-07-05,67.237,74.861,89.291,0.6552
2016-07-06,67.426,74.515,87.331,0.6659
2016-07-07,67.401,74.73,87.139,0.6659
2016-07-08,67.497,74.614,86.959,0.669
2016-07-11,67.132,73.5245,86.919,0.6671
2016-07-12,67.145,74.173,87.257,0.6543
2016-07-13,66.87,73.998,88.61,0.6385
2016-07-14,67.006,74.272,88.014,0.6431
2016-07-15,66.838,74.145,89.214,0.6346
2016-07-18,67.133,74.0,88.565,0.6395
2016-07-19,67.139,74.261,89.064,0.6319
2016-07-20,67.206,73.935,88.103,0.6325
2016-07-21,67.164,73.926,88.85,0.6258
2016-07-22,67.154,74.012,88.759,0.634
2016-07-25,67.146,73.625,88.051,0.632
2016-07-26,67.405,73.993,88.331,0.6377
2016-07-27,67.284,73.857,88.332,0.6411
2016-07-28,67.063,74.16,88.605,0.6384
2016-07-29,67.007,74.193,88.188,0.639
2016-08-01,66.648,73.426,88.142,0.6522
2016-08-02,66.751,74.473,88.035,0.6515
2016-08-03,66.676,74.732,88.953,0.6591
2016-08-04,66.76,74.375,88.923,0.6582
2016-08-05,66.841,74.343,87.667,0.6598
2016-08-08,66.835,73.4158,87.36,0.6557
2016-08-09,66.794,73.966,87.101,0.6524
2016-08-10,66.783,74.174,86.859,0.6546
2016-08-11,66.758,74.597,86.912,0.6594
2016-08-12,66.74,74.256,86.444,0.6548
2016-08-15,66.8996,74.616,86.311,0.6597
2016-08-16,66.8649,74.706,86.175,0.6598
2016-08-17,66.8577,75.323,87.225,0.6666
2016-08-18,66.9055,75.535,87.276,0.6691
2016-08-19,66.82,75.756,87.956,0.6668
2016-08-22,67.1275,75.96,87.736,0.6692
2016-08-23,67.1874,75.977,88.284,0.6692
2016-08-24,67.13,75.792,88.562,0.6685
2016-08-25,67.16,75.554,88.883,0.6673
2016-08-26,67.0056,75.567,88.386,0.6658
2016-08-29,67.129,74.7011,88.197,0.6552
2016-08-30,67.09,75.016,87.929,0.6583
2016-08-31,67.1266,74.777,87.816,0.6519
2016-09-01,66.9747,74.655,88.032,0.6477
2016-09-02,66.793,74.726,88.667,0.6462
2016-09-05,66.5728,74.437,88.502,0.6418
2016-09-06,66.46,74.037,88.401,0.6413
2016-09-07,66.2552,74.492,88.945,0.6523
2016-09-08,66.4716,74.642,88.664,0.6521
2016-09-09,66.45,74.808,88.4,0.6489
2016-09-12,66.778,74.819,88.577,0.6503
2016-09-13,66.723,74.938,89.0,0.6552
2016-09-14,66.995,75.137,88.384,0.6535
2016-09-15,66.7581,75.011,88.539,0.6504
2016-09-16,66.8503,75.094,88.543,0.6547
2016-09-19,67.0653,74.766,87.245,0.6551
2016-09-20,66.9552,74.774,87.329,0.6567
2016-09-21,66.975,74.628,86.949,0.6589
2016-09-22,66.7612,74.647,87.019,0.6643
2016-09-23,66.6226,74.609,87.168,0.6601
2016-09-26,66.6965,74.805,86.499,0.6597
2016-09-27,66.6065,74.857,86.379,0.663
2016-09-28,66.4413,74.432,86.467,0.6605
2016-09-29,66.3328,74.373,86.495,0.6564
2016-09-30,66.8163,74.896,86.628,0.6596
2016-10-03,66.5465,73.331,86.129,0.6561
2016-10-04,66.3803,74.511,85.289,0.6529
2016-10-05,66.578,74.555,84.737,0.6464
2016-10-06,66.5632,74.529,84.902,0.6428
2016-10-07,66.6871,74.226,82.677,0.642
2016-10-10,66.5912,73.3261,82.806,0.6462
2016-10-11,66.4851,73.986,82.038,0.6405
2016-10-12,66.7985,73.807,82.042,0.6459
2016-10-13,66.8181,73.498,81.416,0.6399
2016-10-14,66.784,73.711,81.643,0.6433
2016-10-17,66.7053,72.4619,81.19,0.6397
2016-10-18,66.7836,73.477,81.548,0.6424
2016-10-19,66.738,73.173,82.109,0.642
2016-10-20,66.6364,73.062,81.903,0.644
2016-10-21,66.8413,72.985,81.933,0.6414
2016-10-24,66.9112,71.8253,81.799,0.6439
2016-10-25,66.834,72.597,81.694,0.6401
2016-10-26,66.7813,72.626,81.302,0.6405
2016-10-27,66.864,72.876,81.821,0.6388
2016-10-28,66.903,72.832,81.42,0.6352
2016-10-31,66.7814,71.8878,81.42,0.6368
2016-11-01,66.6655,73.07,81.568,0.6353
2016-11-02,66.6785,73.641,81.604,0.6399
2016-11-03,66.7775,74.011,82.167,0.6452
2016-11-04,66.6845,73.951,83.127,0.6465
2016-11-07,66.7853,73.0964,83.159,0.6476
2016-11-08,66.735,73.67,82.685,0.6382
2016-11-09,66.2295,72.896,82.028,0.63
2016-11-10,66.5075,72.551,82.577,0.6277
2016-11-11,67.2145,72.73,84.324,0.625
2016-11-14,67.5468,73.269,84.943,0.6324
2016-11-15,67.7755,72.773,84.73,0.6258
2016-11-16,67.748,72.588,84.348,0.6207
2016-11-17,67.9815,72.722,84.575,0.6244
2016-11-18,67.9748,72.13,84.367,0.6159
2016-11-21,68.17,71.4256,84.192,0.614
2016-11-22,68.2155,72.495,85.216,0.6158
2016-11-23,68.3855,72.642,84.951,0.6157
2016-11-24,68.7985,72.458,85.475,0.6104
2016-11-25,68.7455,72.522,85.6,0.6062
2016-11-28,68.5085,72.515,85.411,0.6053
2016-11-29,68.5555,72.733,85.099,0.6134
2016-11-30,68.608,72.972,85.696,0.6093
2016-12-01,68.588,72.573,85.827,0.5974
2016-12-02,68.2165,72.66,85.937,0.5983
2016-12-05,68.0115,72.481,86.272,0.5979
2016-12-06,68.0125,73.081,86.552,0.5967
2016-12-07,67.722,72.516,85.8,0.5932
2016-12-08,67.4315,72.484,85.157,0.5924
2016-12-09,67.406,71.51,84.809,0.5902
2016-12-12,67.4605,71.182,84.952,0.585
2016-12-13,67.418,71.657,85.447,0.5857
2016-12-14,67.3865,71.539,85.321,0.5841
2016-12-15,67.82,70.853,85.019,0.5751
2016-12-16,67.845,70.605,84.3,0.5732
2016-12-19,67.835,69.8062,84.656,0.5662
2016-12-20,67.8402,70.511,84.054,0.579
2016-12-21,67.897,70.473,84.01,0.5752
2016-12-22,67.8255,70.656,83.787,0.5762
2016-12-23,67.838,70.737,83.36,0.5766
2016-12-26,67.8308,70.847,83.238,0.5781
2016-12-27,67.772,69.8867,83.197,0.5708
2016-12-28,67.968,71.012,83.407,0.5778
2016-12-29,68.205,70.973,83.38,0.5819
2016-12-30,67.933,71.767,83.265,0.5836
2017-01-02,67.9448,71.381,83.82,0.5797
2017-01-03,68.1339,71.185,83.672,0.5792
2017-01-04,68.2698,71.054,83.562,0.5798
2017-01-05,67.8855,71.204,83.634,0.5791
2017-01-06,67.733,71.762,84.119,0.587
2017-01-09,68.1426,71.666,83.6,0.5817
2017-01-10,68.097,72.026,82.853,0.5866
2017-01-11,68.318,72.024,83.163,0.5891
2017-01-12,68.14,72.296,83.23,0.5928
2017-01-13,68.1295,72.247,82.822,0.5936
2017-01-16,68.1578,72.491,81.989,0.595
2017-01-17,68.0946,72.128,81.933,0.5959
2017-01-18,67.8995,72.563,84.149,0.601
2017-01-19,68.198,72.402,83.616,0.5937
2017-01-20,68.0903,72.508,84.021,0.5917
2017-01-23,68.0772,72.781,84.264,0.5833
2017-01-24,68.0514,73.14,85.274,0.6028
2017-01-25,68.1645,73.071,85.421,0.5982
2017-01-26,67.973,73.009,85.857,0.5994
2017-01-27,68.149,72.735,85.823,0.5948
2017-01-30,68.11,71.7498,85.244,0.5827
2017-01-31,67.821,72.553,84.749,0.5961
2017-02-01,67.5016,72.857,84.993,0.5985
2017-02-02,67.3954,72.485,85.318,0.5941
2017-02-03,67.2656,72.211,84.219,0.5951
2017-02-06,67.1573,71.2478,83.859,0.5863
2017-02-07,67.1953,72.118,83.795,0.6003
2017-02-08,67.3405,71.823,84.155,0.5985
2017-02-09,66.9643,71.607,83.884,0.5982
2017-02-10,66.7453,71.078,83.4,0.5881
2017-02-13,66.8437,70.1517,83.471,0.5825
2017-02-14,66.9154,70.85,83.788,0.5879
2017-02-15,66.7759,70.621,83.264,0.584
2017-02-16,66.8655,70.841,83.353,0.5853
2017-02-17,67.1648,71.508,83.861,0.5913
2017-02-20,67.0652,71.119,83.406,0.5937
2017-02-21,66.965,70.896,83.529,0.5899
2017-02-22,66.9651,70.525,83.611,0.5885
2017-02-23,66.9143,70.533,83.352,0.5894
2017-02-24,66.6828,70.501,83.726,0.5911
2017-02-27,66.635,70.311,83.08,0.5936
2017-02-28,66.6932,70.515,82.952,0.591
2017-03-01,66.7051,70.428,82.58,0.5894
2017-03-02,66.858,70.369,82.233,0.5853
2017-03-03,66.8451,70.091,82.019,0.5833
2017-03-06,66.773,70.854,82.111,0.5732
2017-03-07,66.6647,70.452,81.587,0.5846
2017-03-08,66.6162,70.339,81.289,0.5841
2017-03-09,66.765,70.324,81.289,0.5829
2017-03-10,66.6805,70.465,81.041,0.5785
2017-03-13,66.485,69.691,80.912,0.5792
2017-03-14,66.1701,70.405,80.73,0.5752
2017-03-15,65.7751,69.731,79.962,0.5731
2017-03-16,65.6205,70.39,80.662,0.5781
2017-03-17,65.4045,70.353,80.765,0.5763
2017-03-20,65.4681,69.2586,81.123,0.5806
2017-03-21,65.3353,70.078,80.741,0.5799
2017-03-22,65.495,70.571,81.716,0.5853
2017-03-23,65.365,70.553,81.533,0.587
2017-03-24,65.4444,70.503,81.928,0.5889
2017-03-27,65.3931,70.579,81.707,0.5872
2017-03-28,65.045,70.508,81.674,0.586
2017-03-29,65.11,70.279,80.89,0.584
2017-03-30,64.78,69.712,80.592,0.5831
2017-03-31,64.79,69.236,80.839,0.5796
2017-04-03,64.7967,69.022,81.331,0.5817
2017-04-04,64.8775,69.256,81.046,0.5861
2017-04-05,65.05,69.425,80.92,0.5864
2017-04-06,65.04,69.155,81.214,0.5871
2017-04-07,64.58,68.683,80.544,0.5818
2017-04-10,64.26,67.992,79.469,0.578
2017-04-11,64.575,68.368,80.237,0.5827
2017-04-12,64.63,68.419,80.733,0.5883
2017-04-13,64.5,68.948,80.959,0.5934
2017-04-14,64.45,68.325,80.593,0.5888
2017-04-17,64.4537,68.325,80.755,0.5927
2017-04-18,64.4083,68.325,80.884,0.5887
2017-04-19,64.57,69.196,82.942,0.5942
2017-04-20,64.6467,69.189,82.626,0.5933
2017-04-21,64.66,69.157,82.77,0.5901
2017-04-24,64.64,69.277,82.893,0.592
2017-04-25,64.39,69.985,82.27,0.5875
2017-04-26,64.35,70.217,82.568,0.5786
2017-04-27,64.02,69.879,82.245,0.5761
2017-04-28,64.06,69.575,82.58,0.5759
2017-05-01,64.2583,69.3539,83.079,0.5759
2017-05-02,64.18,70.009,82.77,0.5739
2017-05-03,64.07,70.088,82.906,0.5724
2017-05-04,64.21,69.786,82.64,0.5682
2017-05-05,64.17,70.435,82.938,0.57
2017-05-08,64.308,70.644,83.478,0.57
2017-05-09,64.4118,70.24,83.362,0.5677
2017-05-10,64.64,70.328,83.709,0.5682
2017-05-11,64.55,70.056,83.462,0.5638
2017-05-12,64.36,69.893,82.949,0.5652
2017-05-15,64.1655,70.144,82.702,0.5662
2017-05-16,64.0383,70.267,82.619,0.5631
2017-05-17,63.9,70.968,82.542,0.5678
2017-05-18,64.23,71.467,83.307,0.5763
2017-05-19,64.8711,72.008,84.019,0.582
2017-05-22,64.4485,72.265,84.015,0.5795
2017-05-23,64.5002,72.42,83.816,0.5809
2017-05-24,64.8852,72.466,84.116,0.579
2017-05-25,64.7601,72.66,83.999,0.5802
2017-05-26,64.5454,72.289,83.459,0.5771
2017-05-29,64.5132,72.062,82.654,0.5787
2017-05-30,64.5086,71.74,82.749,0.5798
2017-05-31,64.6186,72.109,82.802,0.5823
2017-06-01,64.5001,72.426,83.053,0.5816
2017-06-02,64.3723,72.229,82.932,0.578
2017-06-05,64.405,72.593,82.899,0.5723
2017-06-06,64.344,72.361,83.041,0.5824
2017-06-07,64.4205,72.539,83.166,0.5879
2017-06-08,64.4183,72.438,83.479,0.5856
2017-06-09,64.2439,71.771,82.287,0.5842
2017-06-12,64.377,71.846,82.03,0.5817
2017-06-13,64.4691,72.109,81.677,0.5859
2017-06-14,64.3575,72.047,82.078,0.5839
2017-06-15,64.1658,71.94,81.8,0.5862
2017-06-16,64.56,71.887,82.331,0.5813
2017-06-19,64.395,72.102,82.223,0.5808
2017-06-20,64.4876,71.793,82.108,0.5766
2017-06-21,64.5305,71.795,81.462,0.579
2017-06-22,64.5416,72.003,81.791,0.5792
2017-06-23,64.591,71.955,81.875,0.5799
2017-06-26,64.498,72.13,82.156,0.5792
2017-06-27,64.4213,71.978,81.94,0.5754
2017-06-28,64.5248,73.019,82.703,0.574
2017-06-29,64.5119,73.362,83.435,0.5737
2017-06-30,64.7851,73.891,84.283,0.5766
2017-07-03,64.6068,73.758,84.122,0.5744
2017-07-04,64.8427,73.652,83.941,0.5712
2017-07-05,64.7689,73.518,83.713,0.5729
2017-07-06,64.7914,73.449,83.808,0.5719
2017-07-07,64.7133,73.868,83.925,0.5714
2017-07-10,64.6117,73.602,83.281,0.5668
2017-07-12,64.5256,73.999,82.974,0.567
2017-07-13,64.365,73.544,82.998,0.5682
2017-07-14,64.4258,73.433,83.421,0.5677
2017-07-17,64.2673,73.811,84.222,0.5719
2017-07-18,64.33,73.741,84.005,0.5708
2017-07-19,64.3063,74.199,83.84,0.5737
2017-07-20,64.2633,74.014,83.724,0.5738
2017-07-21,64.325,74.775,83.408,0.5747
2017-07-24,64.4611,75.012,83.773,0.5785
2017-07-25,64.3651,74.843,83.822,0.5781
2017-07-26,64.447,74.89,83.964,0.5743
2017-07-27,64.3447,75.395,84.41,0.5783
2017-07-28,64.185,74.873,83.891,0.5766
2017-07-31,64.1235,74.1115,84.254,0.5788
2017-08-01,64.1895,75.827,84.75,0.5811
2017-08-02,64.0558,75.626,84.629,0.5798
2017-08-03,63.6406,75.348,84.149,0.5741
2017-08-04,63.697,75.614,83.691,0.5791
2017-08-07,63.6651,74.5288,83.091,0.5746
2017-08-08,63.8301,75.254,83.198,0.5758
2017-08-09,63.7029,74.787,82.758,0.5778
2017-08-10,63.8877,75.029,83.122,0.5796
2017-08-11,64.1386,75.36,83.221,0.5868
2017-08-14,64.081,74.4026,83.356,0.5868
2017-08-15,64.1743,75.389,83.185,0.5824
2017-08-16,64.263,75.2,82.686,0.5792
2017-08-17,64.1605,75.474,82.716,0.5826
2017-08-18,64.1889,75.092,82.604,0.5863
2017-08-21,64.0759,75.302,82.508,0.5864
2017-08-22,64.1575,75.65,82.741,0.5877
2017-08-23,64.0575,75.279,82.155,0.5832
2017-08-24,64.005,75.596,81.953,0.5874
2017-08-25,64.035,75.487,81.952,0.5842
2017-08-28,63.9955,74.6748,82.591,0.5847
2017-08-29,63.7893,76.366,82.468,0.5871
2017-08-30,63.9868,76.543,82.681,0.5825
2017-08-31,63.9762,76.001,82.667,0.5786
2017-09-01,63.9119,76.07,82.69,0.5799
2017-09-04,64.0155,75.847,82.987,0.5799
2017-09-05,64.0263,76.089,82.745,0.5826
2017-09-06,64.1,76.365,83.593,0.5897
2017-09-07,64.0154,76.328,83.52,0.5864
2017-09-08,63.9501,76.917,83.748,0.5906
2017-09-11,63.931,76.688,84.31,0.5909
2017-09-12,63.98,76.38,84.296,0.5839
2017-09-13,63.9876,76.572,85.031,0.5803
2017-09-14,64.1151,76.006,84.692,0.5786
2017-09-15,64.155,76.357,85.942,0.5828
2017-09-18,64.1202,75.6104,87.171,0.5778
2017-09-19,64.2147,76.643,86.794,0.5748
2017-09-20,64.2987,77.032,86.894,0.5757
2017-09-21,64.2837,76.242,86.703,0.5706
2017-09-22,64.8023,77.339,88.004,0.5758
2017-09-25,64.891,77.337,87.615,0.578
2017-09-26,65.2651,77.132,87.958,0.5821
2017-09-27,65.35,77.078,87.907,0.5819
2017-09-28,65.525,77.125,87.784,0.5816
2017-09-29,65.36,77.047,87.779,0.5814
2017-10-02,65.2933,77.087,87.474,0.5813
2017-10-03,65.5717,76.555,87.046,0.5785
2017-10-04,65.4431,76.845,86.668,0.5797
2017-10-05,65.0195,76.373,86.039,0.5758
2017-10-06,65.21,76.218,85.476,0.5771
2017-10-09,65.4142,76.67,85.542,0.5712
2017-10-10,65.4146,76.657,85.958,0.5795
2017-10-11,65.2389,77.021,86.171,0.5803
2017-10-12,65.2054,77.232,86.237,0.5789
2017-10-13,65.046,76.893,86.276,0.5791
2017-10-16,64.673,75.7613,85.95,0.578
2017-10-17,64.6946,76.227,85.722,0.5761
2017-10-18,64.9287,76.467,85.658,0.5789
2017-10-19,65.0401,76.643,85.941,0.575
2017-10-20,64.9046,76.923,85.346,0.5762
2017-10-23,65.1041,76.544,85.839,0.5726
2017-10-24,65.0349,76.357,85.866,0.5731
2017-10-25,65.0795,76.459,85.462,0.5706
2017-10-26,64.84,76.658,86.055,0.5711
2017-10-27,64.6,75.378,84.789,0.5676
2017-10-30,64.8734,75.425,85.179,0.5717
2017-10-31,64.8424,75.492,85.668,0.5734
2017-11-01,64.6701,75.364,85.963,0.5691
2017-11-02,64.5551,74.996,85.566,0.5648
2017-11-03,64.5005,75.205,84.182,0.5657
2017-11-06,64.6934,74.868,84.598,0.5654
2017-11-07,64.5909,74.966,85.076,0.5674
2017-11-08,65.1645,75.396,85.822,0.5713
2017-11-09,64.9105,75.188,85.129,0.5692
2017-11-10,64.968,75.593,85.395,0.5724
2017-11-13,65.1603,75.902,85.768,0.5737
2017-11-14,65.4384,76.259,85.81,0.5755
2017-11-15,65.4134,77.055,86.061,0.5762
2017-11-17,65.21,76.818,86.063,0.5771
2017-11-20,64.905,75.6715,85.749,0.5723
2017-11-21,65.025,76.331,86.09,0.5778
2017-11-22,64.7613,76.07,85.777,0.5769
2017-11-23,64.77,76.573,86.256,0.5822
2017-11-24,64.5794,76.442,85.928,0.5799
2017-11-27,64.545,75.6813,86.075,0.5786
2017-11-28,64.4339,76.674,85.833,0.5793
2017-11-29,64.47,76.233,86.109,0.5763
2017-11-30,64.4148,76.196,86.423,0.574
2017-12-01,64.4994,76.653,87.256,0.5724
2017-12-04,64.509,75.751,86.913,0.5679
2017-12-05,64.3514,76.32,86.707,0.5716
2017-12-06,64.3569,76.061,86.316,0.5715
2017-12-07,64.5152,76.094,86.389,0.574
2017-12-08,64.5424,75.935,87.035,0.57
2017-12-11,64.473,75.778,86.304,0.5672
2017-12-12,64.35,75.711,85.88,0.5662
2017-12-13,64.55,75.553,85.965,0.5666
2017-12-14,64.32,76.212,86.278,0.5709
2017-12-15,64.275,75.684,86.339,0.572
2017-12-18,64.0723,75.24,85.357,0.5686
2017-12-19,64.2001,75.582,85.889,0.5699
2017-12-20,64.0476,75.754,85.74,0.5665
2017-12-21,63.965,76.073,85.53,0.5656
2017-12-22,64.0097,75.829,85.643,0.5644
2017-12-25,64.0078,75.838,85.549,0.5643
2017-12-26,64.0105,75.838,85.61,0.5639
2017-12-27,64.0282,75.867,85.634,0.5652
2017-12-28,64.115,76.229,85.929,0.5656
2017-12-29,64.062,76.432,86.085,0.567
2018-01-01,63.8408,75.5603,86.281,0.5659
2018-01-02,63.8676,75.5603,86.298,0.5588
2018-01-03,63.46,76.472,86.29,0.5647
2018-01-04,63.4191,76.19,85.678,0.5634
2018-01-05,63.3696,76.434,85.878,0.5615
2018-01-08,63.265,76.115,85.888,0.5595
2018-01-09,63.452,75.903,86.107,0.5604
2018-01-10,63.6361,75.878,86.111,0.5641
2018-01-11,63.76,75.996,86.162,0.5704
2018-01-12,63.6721,76.612,86.22,0.5717
2018-01-15,63.5885,77.442,87.326,0.5621
2018-01-16,63.5212,77.84,87.652,0.5737
2018-01-17,63.9943,78.479,88.297,0.5794
2018-01-18,63.825,77.767,88.223,0.5731
2018-01-19,63.8676,78.075,88.721,0.5747
2018-01-22,63.8321,77.93,88.68,0.5755
2018-01-23,63.8801,78.227,89.328,0.5752
2018-01-24,63.7505,78.415,89.374,0.5785
2018-01-25,63.5779,78.798,90.408,0.5817
2018-01-26,63.5731,78.631,89.965,0.5784
2018-01-29,63.57,78.905,89.902,0.5843
2018-01-30,63.6694,78.663,89.611,0.5833
2018-01-31,63.7699,78.953,90.274,0.5852
2018-02-01,63.665,78.833,90.42,0.5813
2018-02-02,63.975,79.962,91.276,0.5842
2018-02-05,64.1325,79.836,90.443,0.5818
2018-02-06,64.3147,79.245,89.725,0.5874
2018-02-07,63.98,79.422,89.295,0.5851
2018-02-08,64.2,78.782,89.05,0.5881
2018-02-09,64.4405,78.755,89.794,0.5918
2018-02-12,64.2113,78.683,88.763,0.591
2018-02-13,64.2835,79.007,89.011,0.5908
2018-02-14,64.2501,79.307,89.211,0.5958
2018-02-15,64.0252,79.837,89.743,0.6009
2018-02-16,63.8909,79.817,90.139,0.6016
2018-02-19,64.38,79.585,90.282,0.6036
2018-02-20,64.505,79.577,90.28,0.6014
2018-02-21,64.865,79.925,90.796,0.6034
2018-02-22,64.895,79.51,90.295,0.6015
2018-02-23,64.9514,80.015,90.626,0.6078
2018-02-26,64.703,79.471,90.374,0.6048
2018-02-27,64.7804,79.681,90.475,0.6043
2018-02-28,64.91,79.32,90.266,0.6037
2018-03-01,65.24,79.421,89.726,0.6109
2018-03-02,65.15,79.964,89.726,0.6137
2018-03-05,65.1867,80.278,90.0,0.6163
2018-03-06,65.0037,80.138,90.017,0.6114
2018-03-07,64.89,80.5,90.176,0.6143
2018-03-08,64.8912,80.452,90.214,0.6105
2018-03-09,65.0904,80.038,89.854,0.6112
2018-03-12,64.9649,80.069,90.015,0.609
2018-03-13,64.9455,80.102,90.315,0.6108
2018-03-14,64.8281,80.285,90.56,0.6083
2018-03-15,64.8368,80.163,90.579,0.6102
2018-03-16,65.0144,79.903,90.6,0.6107
2018-03-19,65.065,79.786,90.719,0.6126
2018-03-20,65.2101,80.379,91.459,0.6146
2018-03-21,65.2324,79.826,91.345,0.6121
2018-03-22,65.0656,80.401,92.031,0.6147
2018-03-23,65.16,80.165,91.963,0.6196
2018-03-26,65.015,80.202,92.014,0.6196
2018-03-27,64.695,80.673,92.107,0.6139
2018-03-28,64.8955,80.501,91.998,0.6152
2018-03-29,65.1492,80.132,91.718,0.6096
2018-03-30,65.03,80.015,91.246,0.6113
2018-04-02,65.1055,80.015,91.363,0.6106
2018-04-03,65.14,80.0209,91.514,0.6139
2018-04-04,64.905,79.727,91.279,0.6101
2018-04-05,64.995,79.841,91.555,0.6086
2018-04-06,64.8615,79.42,90.848,0.6054
2018-04-09,64.9045,79.667,91.453,0.6067
2018-04-10,64.87,79.958,91.673,0.6079
2018-04-11,64.9253,80.218,92.089,0.6057
2018-04-12,65.19,80.656,92.455,0.6102
2018-04-13,65.2757,80.419,92.919,0.6084
2018-04-16,65.1956,80.386,92.851,0.6073
2018-04-17,65.4293,81.005,93.846,0.611
2018-04-18,65.675,81.189,93.888,0.6131
2018-04-19,66.01,81.272,93.765,0.6117
2018-04-20,66.1148,81.237,93.112,0.6125
2018-04-23,66.1969,80.2413,92.728,0.6066
2018-04-24,66.545,81.143,92.753,0.611
2018-04-25,66.4141,81.189,92.952,0.6097
2018-04-26,66.9077,81.365,93.245,0.6112
2018-04-27,66.9,80.814,93.097,0.6106
2018-04-30,66.61,80.733,91.789,0.6104
2018-05-01,66.45,80.19,91.49,0.6068
2018-05-02,66.7887,80.2309,90.881,0.6094
2018-05-03,67.08,79.608,91.055,0.6065
2018-05-04,66.66,79.847,90.46,0.6104
2018-05-07,66.8105,79.85,90.429,0.611
2018-05-08,67.1188,80.042,91.072,0.6156
2018-05-09,67.1625,79.634,91.026,0.6156
2018-05-10,67.62,79.713,91.632,0.6126
2018-05-11,67.39,80.039,91.111,0.6137
2018-05-14,67.3822,80.378,91.275,0.6154
2018-05-15,67.678,80.523,91.794,0.6151
2018-05-16,68.46,80.408,92.452,0.6167
2018-05-17,68.06,79.996,92.172,0.6135
2018-05-18,68.14,79.825,92.069,0.6108
2018-05-21,67.975,79.951,91.606,0.6132
2018-05-22,68.4,80.214,91.882,0.6131
2018-05-23,68.43,80.099,91.939,0.6137
2018-05-24,68.65,79.923,91.839,0.6212
2018-05-25,68.2601,79.953,91.355,0.6239
2018-05-28,67.7217,78.819,90.142,0.6184
2018-05-29,67.4028,78.286,89.727,0.6156
2018-05-30,68.13,78.19,90.299,0.6251
2018-05-31,67.43,78.592,89.572,0.6196
2018-06-01,67.435,78.766,89.627,0.6195
2018-06-04,66.925,78.036,89.338,0.6112
2018-06-05,67.06,78.395,89.282,0.6093
2018-06-06,67.09,78.598,89.945,0.6101
2018-06-07,66.8301,78.668,89.705,0.6063
2018-06-08,67.41,79.428,90.459,0.6139
2018-06-11,67.51,79.396,90.43,0.616
2018-06-12,67.49,79.356,90.263,0.6106
2018-06-13,67.91,79.192,90.825,0.6103
2018-06-14,67.78,79.772,90.7,0.613
2018-06-15,68.13,78.21,90.341,0.6112
2018-06-18,68.05,78.931,90.363,0.6147
2018-06-19,68.01,79.044,90.104,0.617
2018-06-20,68.05,79.081,89.657,0.6199
2018-06-21,68.35,78.727,90.044,0.6161
2018-06-22,67.83,78.774,89.846,0.6173
2018-06-25,67.8549,79.043,90.008,0.6165
2018-06-26,68.34,79.625,90.757,0.6206
2018-06-27,68.365,79.575,90.403,0.6203
2018-06-28,69.24,79.292,90.83,0.6221
2018-06-29,68.7967,79.513,89.954,0.6224
2018-07-02,68.435,79.909,90.375,0.6179
2018-07-03,68.6948,79.92,90.285,0.6192
2018-07-04,68.83,79.842,90.79,0.6202
2018-07-05,68.98,80.03,91.277,0.621
2018-07-06,69.07,80.465,91.326,0.6223
2018-07-09,68.755,80.732,91.43,0.6223
2018-07-10,68.6598,80.642,90.979,0.6182
2018-07-11,68.9,80.546,91.353,0.6197
2018-07-12,68.72,80.169,90.743,0.6133
2018-07-13,68.54,79.8,90.315,0.6072
2018-07-16,68.4867,79.962,90.591,0.609
2018-07-17,68.72,80.189,90.949,0.6094
2018-07-18,68.356,79.658,89.577,0.6049
2018-07-19,68.6155,79.837,89.705,0.6077
2018-07-20,68.9351,80.366,89.744,0.6137
2018-07-23,68.7333,80.483,90.268,0.6162
2018-07-24,69.2,80.434,90.659,0.617
2018-07-25,68.81,80.489,90.48,0.6192
2018-07-26,68.84,80.592,90.856,0.6194
2018-07-27,68.74,79.861,90.084,0.6171
2018-07-30,68.615,79.893,89.927,0.6172
2018-07-31,68.685,80.243,90.223,0.6175
2018-08-01,68.4968,79.946,89.844,0.6118
2018-08-02,68.3071,79.643,89.665,0.6118
2018-08-03,68.6155,79.426,89.308,0.6138
2018-08-06,68.505,79.216,89.064,0.6154
2018-08-07,68.81,79.462,89.071,0.6175
2018-08-08,68.596,79.551,88.784,0.6158
2018-08-09,68.455,79.638,88.157,0.6186
2018-08-10,69.1,79.156,88.623,0.6183
2018-08-13,69.085,78.53,88.214,0.6206
2018-08-14,69.9491,79.746,89.271,0.6321
2018-08-15,69.95,79.283,88.969,0.6282
2018-08-16,70.66,79.22,89.713,0.6317
2018-08-17,70.005,79.619,88.991,0.6308
2018-08-20,69.785,80.107,89.018,0.634
2018-08-21,69.74,80.161,89.25,0.6344
2018-08-22,69.81,80.786,90.076,0.6337
2018-08-23,69.79,80.857,90.11,0.6311
2018-08-24,70.275,80.814,90.015,0.6288
2018-08-27,69.765,81.239,89.651,0.6285
2018-08-28,69.945,81.901,90.196,0.6308
2018-08-29,70.54,81.87,90.778,0.63
2018-08-30,70.91,82.52,92.415,0.6309
2018-08-31,71.405,82.441,92.906,0.6367
2018-09-03,70.995,82.307,91.759,0.6388
2018-09-04,71.07,82.64,91.479,0.6405
2018-09-05,71.75,82.844,92.271,0.6415
2018-09-06,71.89,83.403,92.833,0.6432
2018-09-07,71.9389,83.53,93.003,0.6506
2018-09-10,72.095,82.863,93.201,0.6461
2018-09-11,72.445,83.928,94.386,0.6514
2018-09-12,72.99,84.15,95.026,0.6502
2018-09-13,71.9252,83.81,93.855,0.6481
2018-09-14,72.0275,84.143,94.438,0.6425
2018-09-17,72.095,83.513,94.246,0.6407
2018-09-18,72.5348,84.552,95.365,0.6487
2018-09-19,73.12,84.831,96.311,0.6468
2018-09-20,72.345,84.397,95.058,0.6436
2018-09-21,71.72,84.721,95.195,0.6395
2018-09-24,72.23,84.824,94.496,0.64
2018-09-25,73.3,85.325,96.125,0.6437
2018-09-26,73.09,85.416,96.31,0.6428
2018-09-27,72.77,85.211,95.876,0.6436
2018-09-28,72.95,84.363,95.369,0.6395
2018-10-01,72.505,84.057,94.474,0.637
2018-10-02,73.755,84.345,96.211,0.6393
2018-10-03,73.28,84.159,95.144,0.6414
2018-10-04,73.85,84.091,95.599,0.6401
2018-10-05,74.22,84.731,96.671,0.6459
2018-10-08,73.763,84.91,96.803,0.6474
2018-10-09,73.89,85.043,96.74,0.6541
2018-10-10,74.55,85.445,98.006,0.6573
2018-10-11,74.6,85.556,98.513,0.6618
2018-10-12,74.16,85.748,98.148,0.6601
2018-10-15,73.676,85.021,96.536,0.6556
2018-10-16,74.08,85.372,97.453,0.659
2018-10-17,73.4555,84.963,96.843,0.6533
2018-10-18,73.92,84.556,96.823,0.6528
2018-10-19,74.16,84.167,96.574,0.6549
2018-10-22,73.465,84.411,96.005,0.6516
2018-10-23,73.8595,84.257,95.76,0.6516
2018-10-24,73.2213,84.293,95.068,0.6534
2018-10-25,73.2205,83.388,94.325,0.6531
2018-10-26,73.2202,83.208,93.884,0.6511
2018-10-29,73.125,83.686,93.845,0.6561
2018-10-30,73.5906,83.405,94.206,0.6527
2018-10-31,73.65,83.517,93.591,0.6511
2018-11-01,74.07,83.613,94.591,0.6547
2018-11-02,73.31,83.684,95.294,0.651
2018-11-05,72.905,82.407,94.645,0.6393
2018-11-06,72.86,83.297,95.181,0.6446
2018-11-07,73.23,83.37,95.989,0.643
2018-11-08,72.38,82.759,95.037,0.6374
2018-11-09,72.9,82.202,95.239,0.6345
2018-11-12,72.47,82.083,93.595,0.6363
2018-11-13,73.18,81.694,94.061,0.6402
2018-11-14,72.55,82.051,94.459,0.6375
2018-11-15,72.4,81.717,94.11,0.6361
2018-11-16,71.8917,81.36,91.768,0.6327
2018-11-19,71.775,82.114,92.132,0.6374
2018-11-20,71.69,81.942,92.17,0.636
2018-11-21,71.415,81.15,91.324,0.633
2018-11-22,71.295,81.133,91.065,0.6303
2018-11-23,70.835,80.538,91.206,0.6251
2018-11-26,70.67,80.089,90.613,0.625
2018-11-27,70.81,80.166,90.734,0.6232
2018-11-28,70.88,79.896,90.305,0.6216
2018-11-29,70.6,80.231,90.569,0.6215
2018-11-30,69.92,79.406,89.353,0.6146
2018-12-03,69.76,78.75,89.028,0.613
2018-12-04,70.485,79.905,89.71,0.6195
2018-12-05,70.63,79.919,89.826,0.6251
2018-12-06,70.87,79.995,90.223,0.6236
2018-12-07,70.75,80.508,90.406,0.6281
2018-12-10,71.365,80.637,90.802,0.6281
2018-12-11,72.73,82.251,91.36,0.6399
2018-12-12,72.62,81.775,90.741,0.637
2018-12-13,72.15,81.62,91.168,0.6335
2018-12-14,71.547,81.231,90.534,0.6295
2018-12-17,71.91,81.233,90.497,0.6339
2018-12-18,71.59,81.194,90.3,0.634
2018-12-19,70.57,80.247,89.292,0.6269
2018-12-20,70.6855,80.437,89.249,0.6284
2018-12-21,70.3,80.092,89.078,0.6288
2018-12-24,70.14,79.683,88.729,0.6297
2018-12-25,70.24,79.836,89.359,0.6338
2018-12-26,70.24,79.918,89.147,0.6358
2018-12-27,70.15,79.895,88.687,0.6341
2018-12-28,69.99,80.36,88.519,0.6339
2018-12-31,69.9225,79.947,88.858,0.6332
2019-01-01,69.71,79.689,88.79,0.6341
2019-01-02,69.71,80.199,88.906,0.6336
2019-01-03,69.96,79.143,87.647,0.6508
2019-01-04,70.3,79.793,88.819,0.6497
2019-01-07,69.525,79.197,88.507,0.6405
2019-01-08,69.81,80.051,89.277,0.642
2019-01-09,70.33,80.269,89.532,0.6441
2019-01-10,70.5505,81.456,90.287,0.6516
2019-01-11,70.72,80.977,90.175,0.6497
2019-01-14,70.37,80.667,90.519,0.648
2019-01-15,71.085,81.103,91.554,0.6531
2019-01-16,71.0925,81.096,91.498,0.6539
2019-01-17,71.365,80.823,91.953,0.6503
2019-01-18,71.0302,80.852,92.235,0.6501
2019-01-21,71.23,80.889,91.605,0.6487
2019-01-22,71.5,80.857,92.187,0.6485
2019-01-23,71.2302,80.874,92.291,0.6508
2019-01-24,71.1573,80.945,93.065,0.6493
2019-01-25,70.99,80.232,92.81,0.6472
2019-01-28,70.975,79.511,93.744,0.6473
2019-01-29,71.0901,81.187,93.531,0.6501
2019-01-30,71.62,81.607,93.708,0.6522
2019-01-31,71.12,81.719,93.309,0.6529
2019-02-01,71.2,81.152,93.304,0.6513
2019-02-04,71.4517,81.763,93.537,0.6518
2019-02-05,71.685,81.928,93.425,0.6514
2019-02-06,71.77,81.519,92.984,0.6498
2019-02-07,71.5405,81.237,92.537,0.6499
2019-02-08,71.58,80.764,92.69,0.6489
2019-02-11,71.15,80.551,92.047,0.6482
2019-02-12,71.23,80.155,91.614,0.6438
2019-02-13,70.81,79.89,91.333,0.6378
2019-02-14,70.8651,79.747,91.082,0.6382
2019-02-15,71.01,80.159,90.875,0.642
2019-02-18,71.32,80.48,92.016,0.645
2019-02-19,71.7,80.658,92.648,0.6447
2019-02-20,71.6,80.8,93.512,0.6444
2019-02-21,71.3,80.557,93.034,0.641
2019-02-22,71.185,80.641,92.81,0.6423
2019-02-25,71.031,80.492,92.792,0.6419
2019-02-26,71.09,80.42,93.263,0.6372
2019-02-27,70.94,80.835,94.048,0.6417
2019-02-28,71.19,80.928,94.785,0.6415
2019-03-01,70.816,80.467,93.929,0.6354
2019-03-04,70.99,80.69,93.927,0.6344
2019-03-05,70.9,80.314,93.438,0.6337
2019-03-06,70.7425,79.627,93.093,0.6295
2019-03-07,70.365,79.205,92.683,0.6272
2019-03-08,70.4875,78.439,92.262,0.6274
2019-03-11,69.9869,78.637,90.893,0.6297
2019-03-12,69.7901,78.508,92.401,0.6263
2019-03-13,69.845,78.509,91.311,0.6249
2019-03-14,69.7263,78.732,92.745,0.6249
2019-03-15,69.3373,78.361,91.886,0.6202
2019-03-18,68.953,78.045,91.707,0.6182
2019-03-19,68.618,77.717,90.988,0.6155
2019-03-20,69.3175,78.283,91.968,0.6188
2019-03-21,68.825,78.533,90.846,0.6209
2019-03-22,68.93,78.188,90.469,0.6204
2019-03-25,69.1605,78.182,91.37,0.6174
2019-03-26,68.9234,77.911,91.018,0.6256
2019-03-27,69.4275,77.706,91.718,0.6233
2019-03-28,69.37,77.668,91.192,0.6247
2019-03-29,69.5,77.626,90.743,0.6248
2019-04-01,69.43,77.591,90.565,0.624
2019-04-02,69.1953,77.471,90.44,0.6204
2019-04-03,68.9102,77.135,90.445,0.6185
2019-04-04,68.85,76.889,90.705,0.6138
2019-04-05,68.9704,77.336,90.169,0.6172
2019-04-08,69.16,77.588,90.152,0.6192
2019-04-09,69.5525,78.277,90.823,0.6234
2019-04-10,69.2618,77.966,90.441,0.6228
2019-04-11,69.1402,77.89,90.531,0.6223
2019-04-12,69.43,77.64,90.682,0.6176
2019-04-15,69.161,78.091,90.454,0.6169
2019-04-16,69.81,78.368,91.45,0.6193
2019-04-17,69.885,78.381,91.161,0.6202
2019-04-18,69.401,78.33,90.484,0.619
2019-04-19,69.381,77.896,90.14,0.6194
2019-04-22,69.36,78.016,90.132,0.6199
2019-04-23,70.0625,78.453,90.955,0.6224
2019-04-24,69.758,78.226,90.243,0.6229
2019-04-25,70.0958,77.95,90.458,0.6229
2019-04-26,70.16,78.061,90.483,0.628
2019-04-29,69.842,77.782,90.227,0.6245
2019-04-30,69.8118,78.057,90.266,0.6246
2019-05-01,69.556,78.047,90.686,0.6248
2019-05-02,69.6329,78.171,90.892,0.6254
2019-05-03,69.4244,77.475,90.473,0.6219
2019-05-06,69.168,77.345,91.066,0.6215
2019-05-07,69.4003,77.666,90.886,0.6258
2019-05-08,69.91,77.814,91.367,0.6307
2019-05-09,70.01,78.008,91.111,0.6331
2019-05-10,70.41,78.674,91.596,0.6386
2019-05-13,69.9225,78.582,90.946,0.6358
2019-05-14,70.617,79.249,91.511,0.6464
2019-05-15,70.307,78.704,90.742,0.6405
2019-05-16,70.2092,78.616,90.197,0.6408
2019-05-17,70.235,78.405,89.884,0.6387
2019-05-20,70.2815,78.335,89.447,0.638
2019-05-21,70.1275,77.663,89.279,0.6317
2019-05-22,70.1275,77.675,88.907,0.6317
2019-05-23,69.9725,77.615,88.62,0.6312
2019-05-24,69.945,77.837,88.573,0.6352
2019-05-27,69.36,76.8,88.178,0.6271
2019-05-28,69.72,77.719,88.398,0.6339
2019-05-29,69.875,77.661,88.449,0.6359
2019-05-30,69.815,77.684,88.161,0.6367
2019-05-31,69.98,77.646,88.239,0.6378
2019-06-03,69.5696,77.707,87.907,0.6409
2019-06-04,69.1619,77.713,87.58,0.6397
2019-06-05,69.56,77.897,88.349,0.6394
2019-06-06,69.625,77.846,88.323,0.6401
2019-06-07,69.36,77.917,88.058,0.637
2019-06-10,69.345,78.52,88.236,0.6405
2019-06-11,69.5235,78.595,88.228,0.6408
2019-06-12,69.3865,78.543,88.3,0.639
2019-06-13,69.7,78.269,88.471,0.6389
2019-06-14,69.8,78.393,88.509,0.6416
2019-06-17,69.7705,78.196,87.852,0.641
2019-06-18,70.1125,78.298,87.928,0.6426
2019-06-19,69.765,77.869,87.674,0.6404
2019-06-20,69.87,78.175,88.413,0.6436
2019-06-21,69.78,78.446,88.666,0.6474
2019-06-24,69.5699,79.058,88.669,0.648
2019-06-25,69.6025,78.88,88.667,0.6448
2019-06-26,69.6375,78.735,88.363,0.6463
2019-06-27,69.6025,78.649,88.373,0.6418
2019-06-28,69.325,78.453,87.864,0.6403
2019-07-01,68.9405,78.316,87.494,0.6384
2019-07-02,69.1675,77.671,87.461,0.635
2019-07-03,69.0825,77.707,87.039,0.6383
2019-07-04,69.0075,77.564,86.824,0.6375
2019-07-05,68.74,77.256,86.488,0.635
2019-07-08,68.44,76.755,85.721,0.6304
2019-07-09,68.85,76.821,86.181,0.6301
2019-07-10,68.765,76.744,85.678,0.6288
2019-07-11,68.3676,76.95,85.515,0.6309
2019-07-12,68.67,76.934,85.988,0.6297
2019-07-15,68.5503,77.191,86.181,0.6347
2019-07-16,68.7475,77.106,86.063,0.6345
2019-07-17,68.895,76.933,85.504,0.6341
2019-07-18,68.786,77.217,85.517,0.6371
2019-07-19,68.85,77.454,86.349,0.6404
2019-07-22,68.83,77.195,86.071,0.6386
2019-07-23,69.16,77.16,86.268,0.6381
2019-07-24,69.02,76.895,85.842,0.6371
2019-07-25,69.185,76.79,86.372,0.637
2019-07-26,69.1505,77.003,86.113,0.6357
2019-07-29,68.87,76.563,85.254,0.6331
2019-07-30,68.95,76.53,84.239,0.631
2019-07-31,69.0775,76.734,84.026,0.6335
2019-08-01,69.405,76.175,84.351,0.6322
2019-08-02,69.2972,76.385,84.027,0.6418
2019-08-05,69.6569,77.343,84.621,0.6533
2019-08-06,71.52,79.551,86.952,0.67
2019-08-07,71.23,79.517,86.665,0.6674
2019-08-08,71.1651,79.668,86.407,0.67
2019-08-09,70.4709,78.775,85.574,0.665
2019-08-12,71.035,79.355,85.471,0.6705
2019-08-13,71.58,79.871,86.46,0.676
2019-08-14,71.08,79.741,85.728,0.6693
2019-08-15,71.6352,79.338,86.392,0.6722
2019-08-16,71.72,79.701,86.708,0.6762
2019-08-19,71.132,78.831,86.483,0.6683
2019-08-20,71.995,79.106,87.302,0.6698
2019-08-21,71.81,79.325,87.343,0.6726
2019-08-22,71.4378,79.15,86.662,0.6695
2019-08-23,71.9204,79.644,88.137,0.6749
2019-08-26,71.5025,79.599,87.731,0.6595
2019-08-27,72.16,79.873,88.19,0.6788
2019-08-28,71.535,79.267,87.872,0.6759
2019-08-29,72.085,79.543,88.08,0.6764
2019-08-30,71.6802,79.213,87.33,0.6728
2019-09-02,71.7299,78.454,87.221,0.6715
2019-09-03,71.9621,78.83,86.827,0.677
2019-09-04,72.46,79.109,87.607,0.6811
2019-09-05,71.9557,79.334,88.111,0.6761
2019-09-06,72.22,79.284,88.999,0.6713
2019-09-09,71.67,77.976,88.03,0.6551
2019-09-10,72.0925,79.219,88.995,0.6681
2019-09-11,71.859,79.338,88.781,0.6673
2019-09-12,71.5601,78.74,88.27,0.6618
2019-09-13,71.285,78.383,87.887,0.6554
2019-09-16,71.0207,78.536,88.765,0.6561
2019-09-17,71.7491,78.68,89.141,0.6611
2019-09-18,71.71,79.088,89.648,0.6607
2019-09-19,71.5425,78.389,89.223,0.6555
2019-09-20,71.7175,78.757,89.815,0.66
2019-09-23,71.1916,78.238,88.788,0.66
2019-09-24,70.7896,77.746,88.014,0.6572
2019-09-25,71.285,78.084,89.002,0.6615
2019-09-26,71.31,77.67,88.124,0.6585
2019-09-27,71.215,77.423,87.79,0.6578
2019-09-30,70.4987,77.064,86.654,0.6525
2019-10-01,70.9225,76.916,87.157,0.653
2019-10-02,71.1,77.672,87.379,0.6595
2019-10-03,71.1416,77.904,87.52,0.6632
2019-10-04,71.02,77.879,87.646,0.6643
2019-10-07,70.815,77.686,87.329,0.6614
2019-10-08,71.36,77.794,87.687,0.661
2019-10-09,71.21,77.974,87.011,0.6652
2019-10-10,71.41,78.049,87.215,0.6629
2019-10-11,70.98,78.084,88.248,0.6574
2019-10-14,70.914,78.241,89.5407,0.654
2019-10-15,71.4525,78.462,90.0927,0.6565
2019-10-16,71.76,78.813,91.554,0.6564
2019-10-17,71.62,78.949,91.8229,0.656
2019-10-18,71.4225,79.056,91.922,0.6544
2019-10-21,71.03,79.335,91.5937,0.6548
2019-10-22,71.105,79.001,92.2166,0.6523
2019-10-23,71.075,78.727,91.5679,0.6521
2019-10-24,70.715,78.651,91.3607,0.6503
2019-10-25,71.19,78.72,91.3981,0.6528
2019-10-28,70.83,78.389,90.8543,0.651
2019-10-29,70.735,78.436,90.9541,0.6485
2019-10-30,70.8846,78.693,91.1934,0.6504
2019-10-31,70.99,79.05,91.5882,0.6515
2019-11-01,70.97,79.201,91.7874,0.6573
2019-11-04,70.5121,78.938,91.2194,0.6535
2019-11-05,71.0,78.694,91.5066,0.6506
2019-11-06,70.895,78.293,91.3225,0.6477
2019-11-07,71.0,78.528,91.2808,0.6512
2019-11-08,71.3765,78.441,91.7799,0.6495
2019-11-11,71.3765,78.552,91.2026,0.6527
2019-11-12,71.574,78.894,92.2391,0.6557
2019-11-13,71.78,78.979,92.2505,0.6579
2019-11-14,72.1415,79.354,92.7278,0.6624
2019-11-15,71.9558,79.226,92.6577,0.6627
2019-11-18,71.7058,79.115,92.3955,0.6581
2019-11-19,71.9351,79.581,93.1554,0.6613
2019-11-20,71.851,79.497,93.1859,0.6617
2019-11-21,71.7682,79.404,92.7726,0.6608
2019-11-22,71.7405,79.315,92.6759,0.6601
2019-11-25,71.7826,79.048,92.117,0.6601
2019-11-26,71.6795,78.857,92.4418,0.6571
2019-11-27,71.4284,78.709,91.8475,0.6545
2019-11-28,71.2281,78.338,92.0956,0.651
2019-11-29,71.5474,78.658,92.3784,0.6522
2019-12-02,71.723,78.979,92.7702,0.6543
2019-12-03,71.625,79.259,92.6802,0.6563
2019-12-04,71.96,79.422,93.5989,0.6596
2019-12-05,71.4801,79.149,93.7074,0.6562
2019-12-06,71.385,79.029,93.7349,0.6545
2019-12-09,71.2868,78.76,93.6321,0.6558
2019-12-10,70.9602,78.445,93.2815,0.653
2019-12-11,71.01,78.47,92.9915,0.6503
2019-12-12,70.7293,78.638,93.3531,0.6507
2019-12-13,70.5599,78.853,95.0661,0.6443
2019-12-16,70.689,78.645,94.2781,0.6471
2019-12-17,70.9205,78.892,94.265,0.6465
2019-12-18,71.215,79.135,93.2343,0.6479
2019-12-19,70.9899,78.84,92.8945,0.6474
2019-12-20,71.2227,79.097,92.9432,0.6501
2019-12-23,71.024,78.624,92.3439,0.6486
2019-12-24,71.2107,78.917,92.1583,0.6505
2019-12-25,71.46,78.959,92.3444,0.651
2019-12-26,71.54,78.959,92.7886,0.6513
2019-12-27,71.3003,78.959,92.8902,0.6418
2019-12-30,71.313,79.777,93.3118,0.6517
2019-12-31,71.311,79.813,93.8353,0.6542
2020-01-01,71.2758,79.933,94.4872,0.656
2020-01-02,71.025,79.93,94.1328,0.652
2020-01-03,71.415,79.622,93.8371,0.6566
2020-01-06,71.731,80.002,93.7945,0.6633
2020-01-07,71.787,80.376,94.5854,0.6623
2020-01-08,72.16,80.049,94.6336,0.6646
2020-01-09,71.4119,79.386,93.9092,0.6551
2020-01-10,71.1943,79.034,93.158,0.6496
2020-01-13,70.953,77.5939,92.6965,0.6372
2020-01-14,70.7189,78.665,91.8645,0.6423
2020-01-15,70.8451,78.758,92.2487,0.6443
2020-01-16,70.718,78.794,92.477,0.643
2020-01-17,70.9456,78.965,92.7877,0.6434
2020-01-20,71.0347,78.75,92.3844,0.6447
2020-01-21,71.031,78.743,92.643,0.6441
2020-01-22,71.17,78.83,93.3339,0.647
2020-01-23,71.0781,78.79,93.6582,0.6471
2020-01-24,71.321,78.853,93.5805,0.6511
2020-01-27,71.325,78.572,93.2592,0.6522
2020-01-28,71.44,78.654,93.3012,0.6552
2020-01-29,71.2304,78.444,92.7842,0.6521
2020-01-30,71.3,78.478,92.8346,0.6537
2020-01-31,71.64,78.851,93.7586,0.6566
2020-02-03,71.4965,79.304,94.4163,0.6595
2020-02-04,71.3141,78.816,92.6991,0.6559
2020-02-05,71.1,78.457,92.6654,0.649
2020-02-06,71.18,78.223,92.5243,0.6477
2020-02-07,71.47,78.128,92.3916,0.6469
2020-02-10,71.5155,78.199,92.1328,0.6508
2020-02-11,71.28,77.697,92.0849,0.6487
2020-02-12,71.2753,77.753,92.3497,0.6482
2020-02-13,71.2962,77.466,92.369,0.6484
2020-02-14,71.2685,77.256,93.046,0.6492
2020-02-17,71.5148,77.383,93.3139,0.651
2020-02-18,71.3492,77.228,92.7884,0.6488
2020-02-19,71.575,77.196,93.0964,0.6506
2020-02-20,71.8275,77.316,92.7766,0.6431
2020-02-21,72.11,77.248,92.9007,0.6395
2020-02-24,71.8868,77.87,93.1428,0.6435
2020-02-25,72.0467,77.976,93.3535,0.6483
2020-02-26,71.87,78.121,93.4557,0.6511
2020-02-27,71.6634,77.823,92.8336,0.648
2020-02-28,71.93,78.723,92.7124,0.6527
2020-03-02,72.15,79.927,92.4644,0.6704
2020-03-03,72.825,81.132,92.978,0.6711
2020-03-04,73.342,81.564,94.6544,0.6818
2020-03-05,74.0425,81.833,95.2971,0.6823
2020-03-06,73.8551,82.42,96.3067,0.6912
2020-03-09,73.9953,83.468,96.5783,0.7015
2020-03-10,74.406,84.481,98.2741,0.7187
2020-03-11,74.205,83.835,95.771,0.7053
2020-03-12,74.76,82.897,95.8173,0.7041
2020-03-13,75.3,83.315,94.6951,0.7122
2020-03-16,73.904,81.91,90.6908,0.6833
2020-03-17,75.155,82.507,92.1949,0.6963
2020-03-18,74.0124,81.5,90.4207,0.6889
2020-03-19,74.982,81.634,87.16,0.6873
2020-03-20,75.1597,79.62,87.644,0.6712
2020-03-23,75.6221,80.596,88.0637,0.6802
2020-03-24,76.506,82.084,90.1058,0.6881
2020-03-25,77.26,82.424,91.0849,0.6866
2020-03-26,75.8455,83.085,90.4014,0.6882
2020-03-27,74.7256,82.662,92.8502,0.6857
2020-03-30,75.465,84.011,93.9879,0.6988
2020-03-31,75.4,83.097,93.5055,0.6973
2020-04-01,75.325,82.984,93.5122,0.7
2020-04-02,77.57,83.609,96.0269,0.7115
2020-04-03,77.14,82.783,95.5531,0.7067
2020-04-06,76.23,82.271,93.1605,0.7024
2020-04-07,75.9649,81.981,92.9262,0.6955
2020-04-08,76.66,82.335,93.511,0.6955
2020-04-09,75.959,82.404,95.2435,0.6965
2020-04-10,76.65,83.308,95.4795,0.7028
2020-04-13,76.1665,83.301,94.9579,0.7025
2020-04-14,76.91,81.8226,95.4985,0.6927
2020-04-15,75.931,83.423,96.3957,0.7091
2020-04-16,77.2125,83.401,96.0695,0.7107
2020-04-17,77.57,83.328,96.8394,0.711
2020-04-20,76.56,83.154,95.6289,0.7113
2020-04-21,77.21,83.153,96.0453,0.7108
2020-04-22,76.9694,83.484,95.5394,0.714
2020-04-23,76.4,82.493,94.2907,0.708
2020-04-24,76.4225,81.689,94.4218,0.7043
2020-04-27,76.2715,82.468,94.3478,0.7091
2020-04-28,76.1863,82.446,95.2,0.71
2020-04-29,76.465,82.338,95.0773,0.7121
2020-04-30,75.2585,81.989,93.8865,0.707
2020-05-01,75.72,82.158,94.8449,0.6999
2020-05-04,75.6005,82.152,94.7865,0.7
2020-05-05,75.85,82.402,94.565,0.7082
2020-05-06,76.17,81.975,94.5182,0.7106
2020-05-07,76.1513,82.093,94.378,0.7159
2020-05-08,76.08,82.05,94.1369,0.7119
2020-05-11,75.525,81.792,93.6963,0.708
2020-05-12,76.31,81.952,94.0926,0.7048
2020-05-13,75.68,81.336,92.7565,0.6999
2020-05-14,75.4262,81.476,92.2151,0.7041
2020-05-15,75.485,81.504,92.3366,0.7025
2020-05-18,75.82,81.943,91.6576,0.7073
2020-05-19,75.6001,82.445,92.2183,0.7035
2020-05-20,76.0,82.648,92.7901,0.7014
2020-05-21,75.78,82.871,92.404,0.7014
2020-05-22,75.625,82.744,92.4378,0.7019
2020-05-25,75.985,82.728,92.5974,0.705
2020-05-26,76.11,82.633,92.5401,0.7039
2020-05-27,75.82,82.755,93.5126,0.701
2020-05-28,76.13,83.561,93.1817,0.7036
2020-05-29,75.96,83.792,93.2852,0.7026
2020-06-01,75.5132,83.878,93.2256,0.7004
2020-06-02,75.73,83.927,94.5662,0.7015
2020-06-03,75.0658,83.927,94.701,0.6896
2020-06-04,75.545,84.571,94.9922,0.6906
2020-06-05,75.4909,85.446,95.39,0.6905
2020-06-08,75.5177,85.252,96.0205,0.6886
2020-06-09,75.625,85.164,96.0344,0.6949
2020-06-10,75.5098,85.482,95.9886,0.6996
2020-06-11,75.875,85.927,96.4284,0.7067
2020-06-12,76.39,85.681,96.0865,0.7106
2020-06-15,75.9568,85.529,94.9508,0.7075
2020-06-16,75.978,86.057,96.1312,0.7062
2020-06-17,76.655,85.847,96.098,0.7094
2020-06-18,76.55,85.681,96.0838,0.713
2020-06-19,76.4004,85.553,94.9601,0.7132
2020-06-22,76.2521,85.154,94.0838,0.7132
2020-06-23,75.7898,85.404,94.9713,0.7083
2020-06-24,75.6078,85.325,94.9591,0.7084
2020-06-25,75.97,85.047,94.3106,0.7062
2020-06-26,75.5398,84.665,93.8597,0.7042
2020-06-29,75.6198,84.758,93.2823,0.7048
2020-06-30,75.7,84.854,93.1874,0.7013
2020-07-01,75.75,84.784,93.8448,0.6988
2020-07-02,75.4549,84.825,94.1001,0.7021
2020-07-03,74.721,83.923,93.3685,0.6947
2020-07-06,74.6793,83.842,93.1477,0.6935
2020-07-07,74.6076,84.351,93.2174,0.6944
2020-07-08,75.125,84.272,94.0405,0.6947
2020-07-09,74.9399,84.9,94.5245,0.6978
2020-07-10,75.34,84.759,94.9947,0.7001
2020-07-13,75.1585,83.8179,94.9071,0.6937
2020-07-14,75.45,85.256,94.7616,0.7005
2020-07-15,75.575,85.959,94.91,0.7025
2020-07-16,75.1249,85.687,94.8958,0.702
2020-07-17,75.1745,85.546,94.7095,0.7002
2020-07-20,74.8973,85.542,94.1329,0.6991
2020-07-21,74.99,85.561,94.6505,0.6966
2020-07-22,74.77,85.894,95.1799,0.697
2020-07-23,74.82,86.204,95.2411,0.6955
2020-07-24,74.8073,86.668,95.5443,0.6996
2020-07-27,74.7598,87.058,95.6019,0.7037
2020-07-28,75.0,87.952,96.3732,0.7101
2020-07-29,75.09,87.702,97.0469,0.7121
2020-07-30,74.8312,88.235,97.4096,0.713
2020-07-31,74.99,88.813,98.3082,0.7146
2020-08-03,74.9178,88.26,98.1112,0.707
2020-08-04,75.33,88.338,98.2923,0.7084
2020-08-05,75.25,88.605,98.4754,0.7101
2020-08-06,74.8822,88.727,98.581,0.708
2020-08-07,74.8998,88.853,98.6812,0.7086
2020-08-10,75.0248,88.33,97.9117,0.7012
2020-08-11,75.1,87.805,97.9108,0.7058
2020-08-12,74.9,87.494,97.7871,0.6999
2020-08-13,74.7721,88.144,97.5513,0.6995
2020-08-14,75.03,88.326,98.063,0.6986
2020-08-17,74.9028,88.613,98.1309,0.7021
2020-08-18,75.0,88.68,98.2872,0.7045
2020-08-19,74.795,89.022,99.1279,0.7079
2020-08-20,74.9668,88.567,98.5718,0.7049
2020-08-21,74.9999,88.957,99.3878,0.7093
2020-08-24,74.9218,88.298,98.148,0.7074
2020-08-25,74.4,87.399,97.2603,0.6991
2020-08-26,74.4525,87.767,97.9471,0.6971
2020-08-27,74.2401,87.804,98.4043,0.7005
2020-08-28,73.7745,87.278,97.3863,0.6923
2020-08-31,73.1283,86.971,97.6268,0.6932
2020-09-01,73.67,87.374,98.4654,0.6904
2020-09-02,73.27,86.962,98.1777,0.6887
2020-09-03,73.2485,86.736,98.0961,0.6892
2020-09-04,73.4479,86.811,97.7288,0.6911
2020-09-07,73.2903,86.667,97.0765,0.6893
2020-09-08,73.65,86.731,96.927,0.6903
2020-09-09,73.7868,86.742,95.6919,0.6956
2020-09-10,73.55,86.455,95.6456,0.6895
2020-09-11,73.5273,86.756,94.5241,0.6913
2020-09-14,73.4786,86.914,94.0574,0.6911
2020-09-15,73.615,87.005,94.554,0.6933
2020-09-16,73.8,87.1,94.8094,0.6976
2020-09-17,73.5507,86.74,95.623,0.6993
2020-09-18,73.5836,87.133,95.4957,0.7024
2020-09-21,73.5348,86.998,95.1285,0.7025
2020-09-22,73.5798,86.487,94.3231,0.7022
2020-09-23,73.503,85.981,93.638,0.6992
2020-09-24,73.7784,85.703,94.0825,0.6981
2020-09-25,73.6824,86.137,94.2778,0.7003
2020-09-28,73.6993,85.63,94.0312,0.6972
2020-09-29,73.975,86.07,95.0437,0.6989
2020-09-30,73.845,86.525,94.9983,0.6974
2020-10-01,73.705,86.17,95.2113,0.697
2020-10-02,73.217,85.936,94.6085,0.6932
2020-10-05,73.3224,85.789,94.7973,0.6952
2020-10-06,73.1083,86.093,95.2004,0.6908
2020-10-07,73.815,86.113,95.0808,0.6945
2020-10-08,73.5425,86.206,95.0014,0.6915
2020-10-09,73.2805,86.155,95.051,0.6908
2020-10-12,73.0148,86.309,95.1519,0.6904
2020-10-13,73.3508,86.566,95.8333,0.6956
2020-10-14,73.62,86.122,94.9602,0.6954
2020-10-15,73.2962,85.994,95.3699,0.6964
2020-10-16,73.371,85.887,94.9229,0.6963
2020-10-19,73.4438,85.981,94.9158,0.6961
2020-10-20,73.575,86.25,95.2573,0.6949
2020-10-21,73.6475,86.808,95.1998,0.6957
2020-10-22,73.6813,87.162,96.9735,0.7025
2020-10-23,73.72,86.957,96.5261,0.7015
2020-10-26,73.8229,87.497,96.3292,0.7045
2020-10-27,73.9485,87.268,96.5037,0.7049
2020-10-28,73.805,86.663,95.9256,0.7036
2020-10-29,74.44,87.129,96.6775,0.7109
2020-10-30,74.264,86.788,96.0134,0.7108
2020-11-02,74.5505,86.759,96.5424,0.712
2020-11-03,74.4568,86.657,96.2542,0.7108
2020-11-04,74.6556,87.687,98.2026,0.7132
2020-11-05,74.38,87.169,96.6656,0.7114
2020-11-06,74.12,87.266,97.3508,0.7128
2020-11-09,73.9798,87.763,97.3062,0.7152
2020-11-10,73.9532,87.47,97.6333,0.7036
2020-11-11,74.2816,87.727,98.746,0.7052
2020-11-12,74.57,87.633,98.5932,0.7058
2020-11-13,74.865,88.082,98.23,0.71
2020-11-16,74.4877,88.184,98.3179,0.7123
2020-11-17,74.4181,88.077,98.2646,0.7104
2020-11-18,74.4797,88.272,98.7602,0.7142
2020-11-19,74.42,87.737,98.7507,0.7128
2020-11-20,74.0996,87.863,98.454,0.7132
2020-11-23,74.1624,87.789,98.5449,0.7129
2020-11-24,74.2449,87.847,98.9955,0.7096
2020-11-25,73.9608,88.052,98.9586,0.7081
2020-11-26,73.7799,87.857,99.044,0.7061
2020-11-27,74.0488,87.87,98.9051,0.7076
2020-11-30,73.9409,88.367,98.4215,0.7095
2020-12-01,74.0252,88.258,98.8511,0.7088
2020-12-02,73.655,88.645,98.6031,0.704
2020-12-03,73.6626,89.289,98.4695,0.7056
2020-12-04,73.8649,89.64,99.3617,0.7108
2020-12-07,73.7903,89.35,99.1597,0.7077
2020-12-08,74.02,89.322,98.6051,0.709
2020-12-09,73.7264,89.19,98.9175,0.7073
2020-12-10,73.935,88.993,98.5435,0.7066
2020-12-11,73.7267,89.449,98.0629,0.707
2020-12-14,73.738,89.254,97.5363,0.708
2020-12-15,73.86,89.389,98.1489,0.7074
2020-12-16,73.7598,89.319,99.1663,0.709
2020-12-17,73.6166,89.731,99.6517,0.711
2020-12-18,73.5298,90.089,99.7752,0.7123
2020-12-21,73.6036,90.101,99.6166,0.7114
2020-12-22,73.9353,90.512,99.8288,0.7159
2020-12-23,74.27,89.922,99.1064,0.7128
2020-12-24,73.8398,89.931,99.6791,0.7123
2020-12-25,73.5578,89.555,99.8003,0.7092
2020-12-28,73.689,89.539,99.9187,0.7099
2020-12-29,73.5449,89.792,98.9793,0.7086
2020-12-30,73.4536,89.856,99.4357,0.7083
2020-12-31,73.134,89.954,99.9632,0.709
2021-01-01,73.0892,89.158,100.0508,0.7069
2021-01-04,73.092,89.149,99.9431,0.7065
2021-01-05,73.32,89.454,99.4714,0.7081
2021-01-06,73.3748,89.87,99.6613,0.7116
2021-01-07,73.36,90.163,99.6735,0.7092
2021-01-08,73.446,90.049,99.6682,0.7071
2021-01-11,73.3734,89.533,99.478,0.7046
2021-01-12,73.5135,89.268,100.228,0.7049
2021-01-13,73.165,89.313,100.3976,0.7051
2021-01-14,73.1699,88.906,99.7934,0.704
2021-01-15,73.0876,88.726,100.0036,0.7033
2021-01-18,73.159,88.26,99.3519,0.7033
2021-01-19,73.1887,88.313,99.3897,0.7051
2021-01-20,73.1919,88.761,99.8015,0.7038
2021-01-21,72.9109,88.257,99.5741,0.7035
2021-01-22,72.9549,88.681,100.1792,0.7042
2021-01-25,72.9959,88.751,99.9082,0.7025
2021-01-26,72.97,88.538,99.7758,0.7026
2021-01-27,72.92,88.609,100.1966,0.7031
2021-01-28,73.0371,88.308,99.8231,0.7006
2021-01-29,72.9388,88.321,100.1201,0.6989
2021-02-01,72.9066,88.404,99.9638,0.6957
2021-02-02,73.1198,88.165,99.9915,0.6965
2021-02-03,72.9163,87.687,99.6422,0.6935
2021-02-04,72.858,87.637,99.4384,0.6932
2021-02-05,72.9457,87.218,99.6957,0.6904
2021-02-08,72.7848,87.651,99.987,0.6901
2021-02-09,72.9299,87.812,100.216,0.6925
2021-02-10,72.8549,88.195,100.6654,0.696
2021-02-11,72.8073,88.155,100.698,0.6952
2021-02-12,72.7095,88.111,100.4178,0.6935
2021-02-15,72.5948,87.895,100.6919,0.6913
2021-02-16,72.6387,88.031,101.0224,0.6886
2021-02-17,72.935,88.034,101.3577,0.6861
2021-02-18,72.7973,87.596,100.9389,0.6869
2021-02-19,72.6054,87.711,101.4113,0.6865
2021-02-22,72.553,87.85,101.6151,0.6877
2021-02-23,72.444,88.063,101.9439,0.6894
2021-02-24,72.377,87.882,102.0984,0.6869
2021-02-25,72.4,88.043,102.416,0.6828
2021-02-26,73.1509,88.379,102.5332,0.6833
2021-03-01,73.5959,89.193,102.5122,0.6934
2021-03-02,73.3094,88.355,102.1115,0.6863
2021-03-03,73.2775,88.458,102.234,0.6856
2021-03-04,72.8807,87.889,101.5616,0.6812
2021-03-05,73.1318,87.424,101.5621,0.6768
2021-03-08,73.1334,87.115,101.1271,0.6751
2021-03-09,73.33,86.823,101.3862,0.6726
2021-03-10,72.7759,86.516,101.067,0.6695
2021-03-11,72.706,86.661,101.2954,0.6701
2021-03-12,72.639,87.044,101.6205,0.6691
2021-03-15,72.683,86.814,101.1747,0.6662
2021-03-16,72.5153,86.401,100.7876,0.6638
2021-03-17,72.5156,86.22,100.8109,0.6644
2021-03-18,72.2956,86.873,100.9487,0.6658
2021-03-19,72.6688,86.56,101.1924,0.6667
2021-03-22,72.405,86.12,100.2027,0.6652
2021-03-23,72.3805,86.291,100.3401,0.6648
2021-03-24,72.6122,85.818,99.7709,0.668
2021-03-25,72.6456,85.684,99.3975,0.6667
2021-03-26,72.6128,85.427,99.8089,0.6644
2021-03-29,72.4472,85.563,99.9113,0.6617
2021-03-30,72.7419,85.524,100.1961,0.6615
2021-03-31,73.4453,86.022,100.8612,0.6651
2021-04-01,73.2035,85.701,100.8506,0.6598
2021-04-02,73.2873,86.279,101.373,0.6624
2021-04-05,73.376,86.283,101.437,0.6626
2021-04-06,73.2795,86.139,101.8746,0.6631
2021-04-07,73.49,87.168,101.6066,0.6686
2021-04-08,74.4015,88.217,102.1947,0.6764
2021-04-09,74.5445,88.785,102.3958,0.6815
2021-04-12,74.7295,88.839,102.4436,0.6808
2021-04-13,74.991,89.26,103.1013,0.685
2021-04-14,75.1815,89.795,103.4406,0.6897
2021-04-15,75.0261,89.868,103.4019,0.6888
2021-04-16,74.7274,89.365,102.9944,0.687
2021-04-19,74.5632,88.0183,103.1052,0.6846
2021-04-20,74.8782,90.066,104.7573,0.6919
2021-04-21,75.4492,90.647,105.1368,0.6968
2021-04-22,75.4295,90.715,105.0724,0.6976
2021-04-23,75.0917,90.173,103.91,0.695
2021-04-26,74.8681,90.592,103.8372,0.6938
2021-04-27,74.8149,90.222,103.9434,0.6903
2021-04-28,74.575,90.098,103.6871,0.6852
2021-04-29,74.3118,90.317,103.6748,0.6858
2021-04-30,74.1058,89.763,103.3315,0.68
2021-05-03,74.0948,88.935,102.3741,0.6772
2021-05-04,73.8375,88.932,102.6689,0.676
2021-05-05,73.7789,88.551,102.4647,0.6741
2021-05-06,73.7994,88.533,102.6298,0.675
2021-05-07,73.6152,88.724,102.2929,0.6743
2021-05-10,73.2903,89.026,102.8427,0.6741
2021-05-11,73.5,89.156,103.7873,0.6747
2021-05-12,73.3751,89.062,103.7826,0.6749
2021-05-13,73.6816,88.747,103.7996,0.67
2021-05-14,73.4449,88.62,103.1693,0.67
2021-05-17,73.2789,88.943,103.3364,0.6696
2021-05-18,73.2697,89.073,103.6157,0.6709
2021-05-19,73.1282,89.293,103.7435,0.671
2021-05-20,73.2229,89.029,103.3323,0.6694
2021-05-21,73.0219,89.193,103.6273,0.6702
2021-05-24,72.9098,88.629,103.1205,0.6686
2021-05-25,72.8366,88.881,103.1081,0.6685
2021-05-26,72.8049,89.088,102.971,0.6685
2021-05-27,72.6725,88.586,102.7048,0.6656
2021-05-28,72.683,88.542,103.2239,0.6613
2021-05-31,72.3935,88.211,102.6902,0.6585
2021-06-01,72.4872,88.635,103.0404,0.6616
2021-06-02,72.855,88.924,103.0794,0.6648
2021-06-03,72.9651,89.001,103.4088,0.6651
2021-06-04,73.0442,88.524,103.0605,0.6618
2021-06-07,72.9097,88.581,103.2416,0.6647
2021-06-08,72.8094,88.687,103.2254,0.6657
2021-06-09,72.9753,88.725,103.2625,0.6659
2021-06-10,72.9853,88.805,103.0297,0.6652
2021-06-11,73.0123,88.88,103.4913,0.6674
2021-06-14,73.2316,88.599,103.3695,0.6672
2021-06-15,73.1808,88.635,103.249,0.6645
2021-06-16,73.3447,88.866,103.2742,0.6656
2021-06-17,73.8241,87.817,103.2785,0.661
2021-06-18,74.2539,88.295,103.453,0.6718
2021-06-21,74.1439,87.855,102.483,0.6716
2021-06-22,74.1352,88.236,103.3026,0.6711
2021-06-23,74.3322,88.658,103.705,0.6712
2021-06-24,74.2469,88.377,103.6829,0.6674
2021-06-25,74.1903,88.41,103.285,0.6683
2021-06-28,74.213,88.502,103.0951,0.6688
2021-06-29,74.2854,88.519,103.0898,0.6709
2021-06-30,74.2876,88.347,102.7349,0.6716
2021-07-01,74.371,88.098,102.854,0.6686
2021-07-02,74.545,88.234,102.6077,0.6676
2021-07-05,74.4818,88.336,103.0198,0.6705
2021-07-06,74.3178,88.083,102.9823,0.6694
2021-07-07,74.7629,88.304,103.1961,0.6753
2021-07-08,74.8219,88.132,103.2618,0.6755
2021-07-09,74.7214,88.446,103.0527,0.6798
2021-07-12,74.4905,88.373,103.5317,0.6756
2021-07-13,74.5417,88.368,103.5028,0.675
2021-07-14,74.6591,87.835,103.1101,0.6744
2021-07-15,74.4691,88.04,103.2125,0.6765
2021-07-16,74.537,87.956,103.0762,0.6783
2021-07-19,74.6318,88.012,102.7024,0.6771
2021-07-20,74.9934,88.199,102.5102,0.6826
2021-07-21,74.527,87.72,101.5629,0.6774
2021-07-22,74.4402,87.764,102.0972,0.6751
2021-07-23,74.452,87.565,102.5545,0.6753
2021-07-26,74.4489,87.543,102.4331,0.6726
2021-07-27,74.2895,87.678,102.6645,0.6728
2021-07-28,74.5023,87.989,103.4259,0.6778
2021-07-29,74.39,88.04,103.4355,0.6763
2021-07-30,74.252,88.206,103.6804,0.678
2021-08-02,74.3791,88.144,103.3591,0.6773
2021-08-03,74.332,88.175,103.2495,0.6796
2021-08-04,74.2144,88.012,103.283,0.6803
2021-08-05,74.184,87.735,103.0487,0.6767
2021-08-06,74.082,87.578,103.1736,0.6743
2021-08-09,74.4914,87.187,103.2659,0.6672
2021-08-10,74.4662,87.343,103.114,0.6746
2021-08-11,74.4355,87.158,102.9941,0.6726
2021-08-12,74.103,86.928,102.7735,0.6707
2021-08-13,74.2601,87.144,102.5555,0.6726
2021-08-16,74.2168,87.493,102.9052,0.6765
2021-08-17,74.135,87.233,102.6266,0.6776
2021-08-18,74.3645,87.006,102.1744,0.6783
2021-08-19,74.2698,86.835,102.1621,0.6755
2021-08-20,74.4293,86.769,101.4644,0.6769
2021-08-23,74.3015,86.89,101.2755,0.6764
2021-08-24,74.1059,86.988,101.7115,0.6753
2021-08-25,74.1448,87.063,101.7992,0.6751
2021-08-26,74.1,87.147,101.9918,0.6731
2021-08-27,74.156,87.086,101.6093,0.6731
2021-08-30,73.4966,86.592,101.157,0.6682
2021-08-31,73.4112,86.39,100.9464,0.6661
2021-09-01,72.9967,86.127,100.4134,0.6626
2021-09-02,72.9851,86.354,100.5058,0.6624
2021-09-03,73.0543,86.661,101.0841,0.6638
2021-09-06,72.9945,86.634,101.1861,0.6651
2021-09-07,73.11,86.686,101.1732,0.6648
2021-09-08,73.3904,86.839,101.1433,0.6647
2021-09-09,73.789,87.136,101.6484,0.6688
2021-09-10,73.538,86.877,101.7455,0.6693
2021-09-13,73.5243,86.745,101.7588,0.6685
2021-09-14,73.5408,86.773,101.7701,0.668
2021-09-15,73.6508,86.847,101.7136,0.6707
2021-09-16,73.438,86.725,101.6744,0.6709
2021-09-17,73.5649,86.477,101.4666,0.67
2021-09-20,73.6961,86.267,101.1677,0.669
2021-09-21,73.659,86.301,100.6149,0.6724
2021-09-22,73.7927,86.371,100.7899,0.675
2021-09-23,73.8749,86.261,100.625,0.672
2021-09-24,73.84,86.612,101.3474,0.6687
2021-09-27,73.8129,86.43,100.8559,0.6659
2021-09-28,73.8253,86.262,101.1051,0.6646
2021-09-29,74.1633,86.63,100.439,0.6647
2021-09-30,74.322,86.148,99.7988,0.6634
2021-10-01,74.2544,85.764,100.2786,0.6647
2021-10-04,74.1521,85.887,100.6435,0.6671
2021-10-05,74.5728,86.554,101.4852,0.6715
2021-10-06,74.5632,86.382,101.6016,0.6682
2021-10-07,74.76,86.314,101.5667,0.6704
2021-10-08,74.83,86.42,101.916,0.6695
2021-10-11,75.3058,86.838,102.5427,0.6685
2021-10-12,75.4026,87.033,102.4978,0.6643
2021-10-13,75.4839,86.968,102.5367,0.6643
2021-10-14,75.3063,87.248,102.8598,0.6641
2021-10-15,74.995,86.851,102.5431,0.6581
2021-10-18,75.0059,86.957,103.2464,0.6562
2021-10-19,75.2355,87.29,103.3275,0.6577
2021-10-20,75.1201,87.296,103.6098,0.6553
2021-10-21,74.8092,87.092,103.4237,0.6534
2021-10-22,74.8654,86.951,103.2711,0.6569
2021-10-25,74.9937,87.242,103.1841,0.6603
2021-10-26,75.0899,87.082,103.3559,0.6594
2021-10-27,74.8889,86.761,103.0837,0.6553
2021-10-28,75.05,86.978,103.0286,0.6591
2021-10-29,74.7972,87.298,103.2184,0.6577
2021-11-01,74.9283,86.558,102.5929,0.6568
2021-11-02,74.8299,86.716,102.1778,0.6553
2021-11-03,74.712,86.429,101.7272,0.655
2021-11-04,74.4355,86.377,101.8958,0.6519
2021-11-05,74.4781,85.969,100.5757,0.6535
2021-11-08,74.1911,85.744,100.1429,0.6537
2021-11-09,73.9185,85.576,100.2428,0.6521
2021-11-10,74.1748,85.922,100.5857,0.6563
2021-11-11,74.4049,85.385,99.7497,0.6526
2021-11-12,74.3221,84.993,99.3351,0.651
2021-11-15,74.34,84.994,99.705,0.6526
2021-11-16,74.4351,84.526,99.8415,0.6516
2021-11-17,74.4586,84.187,99.9581,0.6473
2021-11-18,74.2598,84.061,100.2099,0.6511
2021-11-19,74.1744,84.231,100.1429,0.6483
2021-11-22,74.3026,83.772,99.9125,0.6522
2021-11-23,74.4298,83.584,99.6975,0.6477
2021-11-24,74.447,83.636,99.5879,0.6459
2021-11-25,74.625,83.5,99.4722,0.6459
2021-11-26,74.5058,83.429,99.2156,0.647
2021-11-29,74.9816,84.901,99.9898,0.6617
2021-11-30,75.0549,84.695,99.8952,0.6588
2021-12-01,75.0509,84.989,99.777,0.6621
2021-12-02,75.0179,84.845,99.5967,0.664
2021-12-03,74.9835,84.702,99.7419,0.6628
2021-12-06,75.234,85.079,100.0601,0.6663
2021-12-07,75.3913,84.989,99.9567,0.6638
2021-12-08,75.4086,84.932,99.8849,0.6636
2021-12-09,75.3833,85.436,99.5485,0.6624
2021-12-10,75.5992,85.298,99.9679,0.6658
2021-12-13,75.71,85.579,100.4861,0.6678
2021-12-14,75.8269,85.423,100.1875,0.6665
2021-12-15,76.0472,85.527,100.6127,0.668
2021-12-16,76.2114,86.125,101.1005,0.6683
2021-12-17,76.1675,86.267,101.4156,0.6695
2021-12-20,76.006,85.369,100.8295,0.6679
2021-12-21,75.7587,85.317,100.0662,0.6656
2021-12-22,75.6864,85.368,100.4055,0.6635
2021-12-23,75.4585,85.434,100.7376,0.6601
2021-12-24,75.0674,84.901,100.5528,0.6549
2021-12-27,75.315,84.861,100.9619,0.6549
2021-12-28,74.9803,84.862,100.66,0.6524
2021-12-29,74.745,84.479,100.3972,0.6505
2021-12-30,74.5703,84.628,100.4749,0.6481
2021-12-31,74.4312,84.173,100.4578,0.6461
2022-01-03,74.5138,84.623,100.8083,0.6463
2022-01-04,74.4033,84.014,100.3121,0.6446
2022-01-05,74.5349,84.018,100.8413,0.6409
2022-01-06,74.4301,83.948,100.9045,0.639
2022-01-07,74.4193,83.938,100.7153,0.6413
2022-01-10,74.27,84.314,100.8428,0.6422
2022-01-11,74.057,83.831,100.5617,0.6418
2022-01-12,73.8153,83.827,100.6449,0.6395
2022-01-13,73.7991,84.365,101.1652,0.6428
2022-01-14,73.9723,84.659,101.4526,0.6476
2022-01-17,74.379,84.499,101.4341,0.6488
2022-01-18,74.2551,84.645,101.3215,0.6475
2022-01-19,74.6197,84.395,101.4668,0.6502
2022-01-20,74.4492,84.378,101.3394,0.6505
2022-01-21,74.4522,84.169,101.2072,0.6527
2022-01-24,74.4132,84.33,100.8496,0.6539
2022-01-25,74.6448,84.444,100.6788,0.6541
2022-01-26,74.78,84.463,101.0233,0.6561
2022-01-27,74.895,84.118,101.3845,0.6523
2022-01-28,75.2093,83.734,100.6638,0.6514
2022-01-31,75.039,82.5978,100.5898,0.6504
2022-02-01,74.5558,83.781,100.2493,0.6477
2022-02-02,74.7455,84.182,101.0935,0.6509
2022-02-03,74.8224,84.466,101.4775,0.6535
2022-02-04,74.6439,85.283,101.5156,0.6487
2022-02-07,74.6422,85.397,100.9763,0.648
2022-02-08,74.6583,85.318,101.0453,0.6482
2022-02-09,74.6952,85.229,101.1854,0.6459
2022-02-10,74.8089,85.371,101.2606,0.6467
2022-02-11,75.5384,85.637,102.3973,0.6466
2022-02-14,75.341,85.448,102.4729,0.647
2022-02-15,75.6854,85.49,102.4071,0.6544
2022-02-16,75.1748,85.383,101.9525,0.6499
2022-02-17,75.042,85.278,102.0541,0.6497
2022-02-18,75.063,85.248,102.2126,0.6529
2022-02-21,74.6824,84.498,101.4954,0.649
2022-02-22,74.517,84.194,101.7619,0.6496
2022-02-23,74.623,84.465,101.412,0.6478
2022-02-24,74.633,84.304,101.1947,0.649
2022-02-25,75.4083,84.533,100.8893,0.6536
2022-02-28,75.068,84.483,100.5807,0.6388
2022-03-01,75.2848,84.616,101.2714,0.6556
2022-03-02,75.8012,84.288,101.0301,0.6593
2022-03-03,75.631,83.977,101.3043,0.6542
2022-03-04,75.8917,83.989,101.295,0.6572
2022-03-07,76.418,83.43,101.1624,0.6582
2022-03-08,77.0808,83.553,101.0343,0.6665
2022-03-09,76.9145,83.737,100.7102,0.664
2022-03-10,76.1349,84.506,100.3503,0.6584
2022-03-11,76.3103,83.96,99.8958,0.6562
2022-03-14,76.7537,83.403,100.0664,0.6516
2022-03-15,76.4901,83.652,99.5016,0.6465
2022-03-16,76.2659,83.576,99.4736,0.6441
2022-03-17,76.0242,83.908,99.9646,0.6404
2022-03-18,75.9816,84.203,99.9367,0.6402
2022-03-21,75.9464,83.978,100.12,0.6382
2022-03-22,76.3071,83.963,100.4756,0.6373
2022-03-23,76.1019,83.915,100.9626,0.627
2022-03-24,76.5524,84.172,101.0859,0.6313
2022-03-25,76.3235,83.924,100.6841,0.6232
2022-03-28,76.2785,83.7,100.4696,0.6243
2022-03-29,76.0341,83.573,99.564,0.6149
2022-03-30,75.6667,83.842,99.125,0.6139
2022-03-31,75.8278,84.546,99.6219,0.6207
2022-04-01,75.9092,83.987,99.7531,0.623
2022-04-04,75.9948,83.89,99.5863,0.6202
2022-04-05,75.478,82.757,98.9627,0.6139
2022-04-06,75.4507,82.222,98.6591,0.6096
2022-04-07,75.9451,82.685,99.2615,0.6129
2022-04-08,75.9132,82.392,99.2272,0.6111
2022-04-11,75.9173,82.543,98.9574,0.6107
2022-04-12,75.837,82.414,98.7528,0.6038
2022-04-13,76.1498,82.36,99.0064,0.6066
2022-04-14,76.1217,82.866,99.8377,0.6066
2022-04-15,76.3088,82.521,99.7744,0.6055
2022-04-18,76.3314,82.52,99.6676,0.6033
2022-04-19,76.2802,82.015,99.26,0.6004
2022-04-20,76.4454,82.435,99.4243,0.5906
2022-04-21,76.2762,82.672,99.6417,0.5952
2022-04-22,76.2852,82.549,99.3981,0.5933
2022-04-25,76.4635,82.5,98.115,0.594
2022-04-26,76.5278,82.147,97.4769,0.6
2022-04-27,76.7941,81.531,96.557,0.6019
2022-04-28,76.4722,80.806,95.9049,0.5961
2022-04-29,76.589,80.439,95.4401,0.5855
2022-05-02,76.5231,80.619,96.293,0.5887
2022-05-03,76.5241,80.298,95.6201,0.5871
2022-05-04,76.4673,80.409,95.5359,0.587
2022-05-05,76.0016,80.94,95.9861,0.5898
2022-05-06,76.5418,80.608,94.6525,0.5867
2022-05-09,76.9575,81.109,94.8722,0.5895
2022-05-10,77.3655,81.664,95.4695,0.5928
2022-05-11,77.2714,81.238,95.1674,0.5918
2022-05-12,77.4184,81.309,94.8203,0.5957
2022-05-13,77.4438,80.307,94.5033,0.6016
2022-05-16,77.4863,80.575,94.9383,0.599
2022-05-17,77.8054,81.141,95.894,0.6029
2022-05-18,77.3724,81.638,96.622,0.5979
2022-05-19,77.82,81.421,96.0615,0.6078
2022-05-20,77.4211,81.833,96.5437,0.6048
2022-05-23,77.8184,82.163,97.3271,0.6082
2022-05-24,77.5268,82.753,97.4395,0.606
2022-05-25,77.4788,83.086,97.1905,0.6106
2022-05-26,77.4973,82.734,97.5633,0.6089
2022-05-27,77.6302,83.244,97.9485,0.6105
2022-05-30,77.692,83.248,98.0947,0.61
2022-05-31,77.5209,83.473,98.1062,0.6063
2022-06-01,77.599,83.229,97.81,0.6023
2022-06-02,77.5841,82.529,96.8628,0.5954
2022-06-03,77.3605,83.108,97.2858,0.5955
2022-06-06,77.6942,83.113,97.0874,0.5925
2022-06-07,77.821,83.118,97.4564,0.588
2022-06-08,77.6706,82.993,98.0597,0.584
2022-06-09,77.7243,83.209,97.4752,0.5775
2022-06-10,77.8187,82.552,97.2524,0.5783
2022-06-13,78.1776,82.115,96.121,0.5807
2022-06-14,78.1606,81.265,94.8639,0.5812
2022-06-15,77.9855,81.359,93.5447,0.5762
2022-06-16,77.9002,81.656,94.8161,0.5823
2022-06-17,77.9777,82.154,96.3656,0.5882
2022-06-20,77.9614,81.0981,95.2672,0.5771
2022-06-21,77.934,81.904,95.4452,0.5763
2022-06-22,78.1349,82.216,95.9384,0.5727
2022-06-23,78.1931,82.502,95.8696,0.5742
2022-06-24,78.1424,82.129,95.7442,0.5789
2022-06-27,78.2523,82.517,96.2046,0.5785
2022-06-28,78.4411,82.917,96.2077,0.5786
2022-06-29,79.0732,83.046,96.3342,0.5801
2022-06-30,78.8983,82.386,95.6072,0.5775
2022-07-01,78.963,82.65,96.1491,0.5809
2022-07-04,78.9507,82.247,95.6028,0.5833
2022-07-05,78.9395,82.277,95.6366,0.5804
2022-07-06,79.3684,81.257,94.9008,0.5845
2022-07-07,79.0439,80.422,94.2587,0.5808
2022-07-08,79.2216,80.421,95.2448,0.5819
2022-07-11,79.3314,80.678,95.3746,0.5821
2022-07-12,79.4778,79.728,94.5047,0.5775
2022-07-13,79.4764,79.631,94.4273,0.5806
2022-07-14,79.8075,79.863,94.6306,0.5784
2022-07-15,79.8783,80.035,94.5589,0.5744
2022-07-18,79.7205,80.402,94.7086,0.5756
2022-07-19,80.0303,81.095,95.6203,0.5782
2022-07-20,79.8559,81.63,95.8466,0.5773
2022-07-21,80.0034,81.393,95.7568,0.5776
2022-07-22,79.7759,81.56,95.6493,0.582
2022-07-25,79.8768,81.458,95.7692,0.5861
2022-07-26,79.7225,81.416,96.0573,0.5837
2022-07-27,79.8412,80.812,96.1368,0.5825
2022-07-28,79.8474,81.425,97.0517,0.5861
2022-07-29,79.5715,81.094,96.8759,0.5918
2022-08-01,79.1948,81.072,96.3687,0.5946
2022-08-02,78.9557,80.961,96.7541,0.5996
2022-08-03,78.6045,79.743,95.6849,0.5887
2022-08-04,79.1183,80.28,96.0568,0.5899
2022-08-05,79.1549,81.038,96.237,0.5963
2022-08-08,79.4106,80.726,95.7822,0.5875
2022-08-09,79.6019,81.08,96.1474,0.5896
2022-08-10,79.5784,81.144,96.0997,0.5879
2022-08-11,79.0978,81.383,96.5968,0.5949
2022-08-12,79.614,82.086,97.0798,0.598
2022-08-15,79.6276,81.633,96.629,0.596
2022-08-16,79.5529,80.758,95.9093,0.5969
2022-08-17,79.146,80.531,95.7473,0.5896
2022-08-18,79.3597,80.685,95.5927,0.5875
2022-08-19,79.7667,80.405,95.1943,0.5869
2022-08-22,79.9179,80.154,94.4187,0.583
2022-08-23,79.8838,79.288,93.9596,0.5799
2022-08-24,79.8545,79.514,94.47,0.5834
2022-08-25,79.7968,79.462,94.1347,0.5816
2022-08-26,79.8829,79.564,94.5561,0.5844
2022-08-29,79.9591,79.595,93.5041,0.5799
2022-08-30,79.9679,79.976,93.6268,0.5764
2022-08-31,79.6823,79.802,92.871,0.5738
2022-09-01,79.5488,79.783,92.4072,0.5705
2022-09-02,79.7168,79.259,92.0124,0.5685
2022-09-05,79.7245,79.292,91.5269,0.5678
2022-09-06,79.783,79.312,91.9476,0.5677
2022-09-07,79.8951,79.0,92.0227,0.5576
2022-09-08,79.6498,79.538,91.7693,0.5521
2022-09-09,79.7063,79.694,91.7157,0.5536
2022-09-12,79.6558,79.968,92.5246,0.5522
2022-09-13,79.3553,80.299,92.7245,0.556
2022-09-14,79.6024,79.363,91.5336,0.5507
2022-09-15,79.4537,79.236,91.7329,0.5554
2022-09-16,79.8491,79.677,91.5354,0.5564
2022-09-19,79.6895,79.746,91.0815,0.5562
2022-09-20,79.7075,79.856,91.1538,0.556
2022-09-21,79.7627,79.444,90.7541,0.5547
2022-09-22,80.0507,78.497,90.2606,0.5532
2022-09-23,81.0622,79.677,91.2274,0.569
2022-09-26,81.2548,78.664,87.9633,0.5665
2022-09-27,81.6158,78.566,87.2103,0.5577
2022-09-28,81.7246,78.342,87.6294,0.5642
2022-09-29,81.4287,78.973,88.473,0.5633
2022-09-30,81.4806,80.048,90.7039,0.5636
2022-10-03,81.5213,79.82,90.8057,0.5624
2022-10-04,81.495,80.046,92.3192,0.5633
2022-10-05,81.4655,81.264,93.4587,0.5655
2022-10-06,81.6488,80.842,92.5989,0.5647
2022-10-07,82.349,80.538,91.878,0.5672
2022-10-10,82.8323,80.624,91.7037,0.5628
2022-10-11,82.4207,79.951,91.1525,0.5653
2022-10-12,82.2739,79.725,90.3705,0.5635
2022-10-13,82.2,79.712,91.2526,0.5596
2022-10-14,82.1921,80.23,93.0577,0.5575
2022-10-17,82.4128,80.03,92.576,0.5531
2022-10-18,82.1947,80.822,93.3654,0.5512
2022-10-19,82.2864,81.091,93.2237,0.551
2022-10-20,82.997,80.998,93.0469,0.5535
2022-10-21,82.8257,80.91,92.9396,0.5509
2022-10-24,82.5413,81.321,93.372,0.5584
2022-10-25,82.7615,81.742,93.6072,0.5553
2022-10-26,82.4453,82.06,94.4568,0.5565
2022-10-27,82.0496,82.602,95.3398,0.5601
2022-10-28,82.4425,82.057,95.2863,0.5626
2022-10-31,82.2392,81.91,95.5364,0.5572
2022-11-01,82.729,81.756,94.8623,0.5561
2022-11-02,82.6845,81.572,94.9685,0.5583
2022-11-03,82.8884,81.121,94.3793,0.5589
2022-11-04,82.6818,80.527,92.3148,0.5566
2022-11-07,81.975,81.591,93.2671,0.5449
2022-11-08,81.826,81.899,94.2027,0.5575
2022-11-09,81.4052,81.951,93.9534,0.5595
2022-11-10,81.3438,81.421,92.4721,0.5559
2022-11-11,80.4829,82.108,94.2191,0.5685
2022-11-14,80.497,82.399,95.1422,0.5794
2022-11-15,80.992,83.488,95.1732,0.5774
2022-11-16,81.0714,83.914,96.1359,0.5832
2022-11-17,81.4953,84.626,97.0356,0.5844
2022-11-18,81.5249,84.396,96.7111,0.5801
2022-11-21,81.5199,84.215,96.8481,0.5804
2022-11-22,81.7277,83.65,96.637,0.5746
2022-11-23,81.715,84.181,97.1627,0.5784
2022-11-24,81.6329,84.949,98.3765,0.5855
2022-11-25,81.6554,84.893,98.9715,0.5886
2022-11-28,81.6697,84.893,98.6549,0.5866
2022-11-29,81.6503,84.371,97.657,0.5878
2022-11-30,81.6309,84.191,97.5538,0.5877
2022-12-01,81.3053,84.736,98.1891,0.5918
2022-12-02,81.1622,85.371,99.5863,0.5999
2022-12-05,81.4225,85.755,100.0113,0.6058
2022-12-06,81.899,85.886,99.8625,0.5987
2022-12-07,82.3722,86.262,99.9229,0.602
2022-12-08,82.2535,86.354,100.3794,0.6022
2022-12-09,82.2792,86.794,100.6643,0.6018
2022-12-12,82.413,86.739,101.0631,0.6028
2022-12-13,82.6447,87.038,101.388,0.6005
2022-12-14,82.4025,87.489,101.8367,0.6073
2022-12-15,82.508,87.992,102.4726,0.6089
2022-12-16,82.8579,87.952,100.9484,0.6008
2022-12-19,82.726,87.439,100.4772,0.6045
2022-12-20,82.5819,87.556,100.3449,0.6023
2022-12-21,82.6369,87.693,100.7478,0.6257
2022-12-22,82.8786,87.844,100.11,0.6255
2022-12-23,82.8749,87.776,99.782,0.6255
2022-12-26,82.6041,87.802,99.5636,0.6228
2022-12-27,82.9029,86.9101,100.1879,0.6243
2022-12-28,82.7761,88.032,99.571,0.6199
2022-12-29,82.852,87.774,99.5638,0.6153
2022-12-30,82.8351,88.221,99.9087,0.6218
2023-01-02,82.7498,88.482,100.0982,0.6306
2023-01-03,82.706,88.3,99.7308,0.6323
2023-01-04,82.7857,87.219,99.0834,0.63
2023-01-05,82.6665,87.605,99.6809,0.6245
2023-01-06,82.6452,86.827,98.4362,0.6189
2023-01-09,82.2734,87.501,99.4928,0.6225
2023-01-10,82.1801,88.124,100.1347,0.6233
2023-01-11,81.6374,87.582,99.2328,0.6174
2023-01-12,81.6318,87.805,99.2158,0.6184
2023-01-13,81.1156,88.011,99.0813,0.6274
2023-01-16,81.278,87.952,99.4194,0.6267
2023-01-17,81.6526,88.353,99.6185,0.6357
2023-01-18,81.5255,88.004,100.1646,0.6359
2023-01-19,81.436,87.864,100.5475,0.633
2023-01-20,81.2398,87.937,100.6455,0.6323
2023-01-23,80.976,87.862,100.2826,0.625
2023-01-24,81.488,88.541,100.9001,0.6236
2023-01-25,81.6019,88.768,100.6431,0.6261
2023-01-26,81.5027,88.955,101.0896,0.6302
2023-01-27,81.4451,88.642,101.1433,0.6267
2023-01-30,81.508,88.519,100.9229,0.6272
2023-01-31,81.5799,88.375,100.7519,0.6242
2023-02-01,81.7684,88.736,100.6689,0.6278
2023-02-02,81.7103,89.947,101.2306,0.635
2023-02-03,82.0459,89.391,100.3191,0.6366
2023-02-06,82.226,88.69,99.3994,0.6226
2023-02-07,82.755,88.704,99.4809,0.6235
2023-02-08,82.7419,88.831,99.7041,0.6318
2023-02-09,82.6595,88.498,99.7769,0.6286
2023-02-10,82.5332,88.563,100.0376,0.627
2023-02-13,82.513,88.026,99.5317,0.6259
2023-02-14,82.5974,88.547,100.2667,0.6236
2023-02-15,82.8676,88.929,100.8988,0.6229
2023-02-16,82.7377,88.404,99.5738,0.6175
2023-02-17,82.6953,88.132,99.0104,0.6162
2023-02-20,82.758,88.433,99.5405,0.6162
2023-02-21,82.6975,88.257,99.5548,0.615
2023-02-22,82.8612,88.185,100.3795,0.6135
2023-02-23,82.8353,87.775,99.873,0.6134
2023-02-24,82.6179,87.486,99.2889,0.6133
2023-02-27,82.918,87.37,99.0455,0.5991
2023-02-28,82.652,87.606,99.7307,0.6059
2023-03-01,82.6354,87.341,99.4506,0.6057
2023-03-02,82.4199,87.854,99.1265,0.6047
2023-03-03,82.3557,87.216,98.4145,0.6019
2023-03-06,81.7125,86.816,98.3411,0.6008
2023-03-07,81.8544,87.348,98.4484,0.6012
2023-03-08,82.0746,86.44,97.0825,0.5964
2023-03-09,81.9645,86.383,97.0932,0.5967
2023-03-10,82.0184,86.735,97.76,0.6009
2023-03-13,81.958,87.126,98.7008,0.5973
2023-03-14,82.4174,88.138,100.3078,0.6173
2023-03-15,82.3049,88.169,100.017,0.6112
2023-03-16,82.7157,87.665,99.8167,0.6231
2023-03-17,82.6228,87.616,100.0699,0.6189
2023-03-20,82.533,87.942,100.5417,0.6191
2023-03-21,82.5291,88.368,101.3178,0.6274
2023-03-22,82.677,88.996,101.0516,0.6241
2023-03-23,82.5258,89.625,101.3041,0.6284
2023-03-24,82.2653,89.046,100.9983,0.6284
2023-03-27,82.3388,88.526,100.8467,0.6294
2023-03-28,82.2149,88.754,101.0868,0.6258
2023-03-29,82.1643,88.982,101.3638,0.6264
2023-03-30,82.2554,89.055,101.2726,0.6194
2023-03-31,82.1005,89.442,101.7002,0.6157
2023-04-03,82.1848,89.026,101.0715,0.6177
2023-04-04,82.1409,89.597,102.0362,0.6208
2023-04-05,82.1148,89.896,102.6883,0.6241
2023-04-06,81.95,89.278,102.1217,0.6258
2023-04-07,81.8313,89.305,101.9295,0.6205
2023-04-10,81.8848,89.306,101.7316,0.6145
2023-04-11,81.9839,88.317,101.522,0.6128
2023-04-12,82.0701,89.516,101.9896,0.6137
2023-04-13,81.9606,90.06,102.4034,0.6153
2023-04-14,81.6807,90.187,102.2795,0.6159
2023-04-17,81.8448,89.908,101.5224,0.6054
2023-04-18,82.0037,89.511,101.4807,0.6095
2023-04-19,82.1079,90.03,102.0457,0.612
2023-04-20,82.3401,90.098,102.3408,0.6107
2023-04-21,82.1409,90.011,102.1966,0.6125
2023-04-24,82.0548,90.09,102.1421,0.6112
2023-04-25,81.8523,90.52,102.241,0.6107
2023-04-26,81.9916,89.937,101.7836,0.6128
2023-04-27,81.7669,90.228,101.9473,0.6121
2023-04-28,81.7651,90.119,102.1796,0.6109
2023-05-01,81.7448,89.977,102.6971,0.5857
2023-05-02,81.7747,88.853,102.1921,0.5906
2023-05-03,81.7787,89.949,102.0355,0.5985
2023-05-04,81.78,90.454,102.8086,0.6073
2023-05-05,81.7161,89.996,102.7052,0.6084
2023-05-08,81.7298,89.972,103.2242,0.605
2023-05-09,81.7871,89.845,103.1456,0.6049
2023-05-10,82.105,89.94,103.6598,0.6063
2023-05-11,81.9199,89.904,103.4323,0.6105
2023-05-12,82.1003,89.513,102.7521,0.6098
2023-05-15,82.2003,89.098,102.3238,0.6
2023-05-16,82.2667,89.368,103.0442,0.6042
2023-05-17,82.296,89.33,102.7334,0.6027
2023-05-18,82.4503,89.279,102.9599,0.5987
2023-05-19,82.7251,89.056,102.6865,0.5962
2023-05-22,82.9048,89.498,103.2625,0.5909
2023-05-23,82.825,89.447,102.9851,0.5967
2023-05-24,82.8906,89.125,102.9211,0.5971
2023-05-25,82.7137,88.838,102.2843,0.593
2023-05-26,82.7421,88.651,101.9297,0.5902
2023-05-29,82.5748,87.7601,101.9334,0.5818
2023-05-30,82.5797,88.374,102.039,0.5877
2023-05-31,82.6839,88.666,102.6195,0.591
2023-06-01,82.6668,88.323,102.9085,0.5936
2023-06-02,82.2767,88.45,103.0725,0.5924
2023-06-05,82.4098,88.135,102.4386,0.5882
2023-06-06,82.5112,88.298,102.5918,0.5914
2023-06-07,82.5172,88.19,102.5336,0.5908
2023-06-08,82.6181,88.379,102.8113,0.59
2023-06-09,82.4883,88.9,103.5969,0.5937
2023-06-12,82.4448,88.54,103.7172,0.5857
2023-06-13,82.3372,88.623,103.141,0.5904
2023-06-14,82.2904,88.653,103.7372,0.5862
2023-06-15,82.045,88.881,103.9141,0.5856
2023-06-16,81.9127,89.587,104.726,0.5835
2023-06-19,81.9148,89.559,105.0816,0.5755
2023-06-20,81.9814,89.404,104.8874,0.5768
2023-06-21,81.9918,89.455,104.6599,0.5796
2023-06-22,81.9415,89.989,104.6471,0.5779
2023-06-23,81.9193,89.723,104.4052,0.5725
2023-06-26,81.9848,89.225,104.3389,0.5678
2023-06-27,82.0065,89.381,104.2568,0.5713
2023-06-28,81.9984,89.779,104.5162,0.5696
2023-06-29,82.0265,89.48,103.7075,0.5677
2023-06-30,82.0754,89.103,103.4991,0.5663
2023-07-03,82.0963,88.013,104.3054,0.5684
2023-07-04,81.9501,89.352,104.0145,0.5663
2023-07-05,82.0071,89.124,104.2505,0.5671
2023-07-06,82.3941,89.359,104.6882,0.5697
2023-07-07,82.7684,90.069,105.4719,0.5744
2023-07-10,82.6153,89.149,106.0553,0.572
2023-07-11,82.5253,90.747,106.1264,0.5835
2023-07-12,82.3999,90.675,106.5641,0.5875
2023-07-13,82.0018,91.239,106.5144,0.5925
2023-07-14,82.0308,92.005,107.7022,0.5938
2023-07-17,82.0768,92.084,107.4522,0.5908
2023-07-18,82.0616,92.133,107.2802,0.591
2023-07-19,82.0754,92.064,107.0003,0.5895
2023-07-20,82.0617,91.855,106.157,0.5871
2023-07-21,82.0824,91.315,105.6527,0.5863
2023-07-24,81.9903,90.2221,105.3973,0.5718
2023-07-25,81.8142,90.431,104.9082,0.5776
2023-07-26,81.9501,90.37,105.6734,0.5803
2023-07-27,81.9755,90.71,106.0684,0.5834
2023-07-28,82.3749,90.129,105.4232,0.5909
2023-07-31,82.2528,89.39,105.7506,0.5739
2023-08-01,82.2333,90.355,105.5308,0.5772
2023-08-02,82.3073,90.526,105.3312,0.5752
2023-08-03,82.7333,90.393,105.158,0.5768
2023-08-04,82.7843,90.575,105.2676,0.58
2023-08-07,82.6953,89.616,105.4095,0.5743
2023-08-08,82.7483,90.966,105.778,0.5801
2023-08-09,82.845,90.667,105.5924,0.5773
2023-08-10,82.8663,90.885,105.4077,0.5761
2023-08-11,82.7999,90.875,104.9497,0.5713
2023-08-14,82.8973,90.0861,105.2197,0.5675
2023-08-15,83.2334,90.646,105.5078,0.571
2023-08-16,83.1942,90.643,105.6763,0.571
2023-08-17,83.237,90.491,105.9601,0.5684
2023-08-18,83.0983,90.306,105.9333,0.57
2023-08-21,83.1673,90.305,105.9362,0.564
2023-08-22,83.1135,90.48,106.0345,0.568
2023-08-23,83.0733,90.032,105.7624,0.5694
2023-08-24,82.5447,89.597,104.9903,0.5693
2023-08-25,82.6414,89.162,104.0595,0.5653
2023-08-28,82.6643,89.026,104.0444,0.5586
2023-08-29,82.6915,89.437,104.2688,0.5641
2023-08-30,82.4947,89.595,104.2684,0.5646
2023-08-31,82.7004,90.32,105.1375,0.5657
2023-09-01,82.6824,89.554,104.7739,0.5677
2023-09-04,82.697,88.7507,104.1019,0.5622
2023-09-05,82.7346,89.222,104.466,0.5642
2023-09-06,83.0861,89.037,104.4716,0.563
2023-09-07,83.2574,89.179,104.1346,0.5632
2023-09-08,83.2415,88.858,103.8151,0.5639
2023-09-11,83.0313,87.8093,103.6279,0.5545
2023-09-12,82.9433,89.091,103.7452,0.5651
2023-09-13,82.843,89.007,103.48,0.5625
2023-09-14,82.9368,88.971,103.6161,0.5625
2023-09-15,83.0283,88.228,103.0107,0.5625
2023-09-18,83.0858,88.504,102.9628,0.5545
2023-09-19,83.2549,88.963,103.0993,0.5637
2023-09-20,83.195,88.791,103.104,0.5626
2023-09-21,83.087,88.418,102.5833,0.5597
2023-09-22,82.8913,88.277,101.8523,0.5607
2023-09-25,82.9748,88.375,101.5821,0.5508
2023-09-26,83.0283,87.862,101.391,0.5574
2023-09-27,83.2987,87.956,101.235,0.5585
2023-09-28,83.2227,87.393,100.9825,0.5561
2023-09-29,83.193,87.798,101.6977,0.5566
2023-10-02,83.0348,87.103,101.22,0.5508
2023-10-03,83.3594,87.117,100.7622,0.5547
2023-10-04,83.2298,87.055,100.5193,0.5573
2023-10-05,83.4498,87.418,101.2642,0.558
2023-10-06,83.2249,87.83,101.4272,0.5609
2023-10-09,83.1246,87.93,101.5548,0.5489
2023-10-10,83.2703,88.013,102.0106,0.5609
2023-10-11,83.2503,88.198,102.1372,0.5596
2023-10-12,83.218,88.319,102.5094,0.5579
2023-10-13,83.2624,87.646,101.4463,0.5554
2023-10-16,83.2823,86.5582,101.1905,0.5505
2023-10-17,83.1995,87.749,101.619,0.5558
2023-10-18,83.2643,87.948,101.376,0.5554
2023-10-19,83.2686,87.642,101.101,0.5551
2023-10-20,83.1223,87.901,100.9459,0.5543
2023-10-23,83.1598,88.042,101.1572,0.5474
2023-10-24,83.0294,88.484,101.7086,0.5538
2023-10-25,82.9878,87.858,100.9351,0.5534
2023-10-26,83.171,87.942,100.6217,0.5537
2023-10-27,83.2825,87.9,101.0649,0.5534
2023-10-30,83.4134,86.858,101.0736,0.5486
2023-10-31,83.2965,88.286,101.3381,0.5581
2023-11-01,83.2772,87.983,101.1954,0.5483
2023-11-02,85.194,88.047,101.3734,0.5523
2023-11-03,83.2473,88.294,101.4778,0.5526
2023-11-06,83.1585,89.109,102.9258,0.5462
2023-11-07,83.2228,89.122,102.736,0.5544
2023-11-08,83.2327,88.95,102.3089,0.553
2023-11-09,83.2177,89.05,102.2126,0.551
2023-11-10,83.3194,88.738,101.7941,0.5497
2023-11-13,83.2989,87.9352,101.8406,0.5416
2023-11-14,83.1976,88.94,102.1716,0.548
2023-11-15,82.9816,90.166,103.6815,0.5511
2023-11-16,83.1862,90.126,103.2925,0.5482
2023-11-17,83.1203,90.131,103.1898,0.551
2023-11-20,83.2915,89.4732,103.7859,0.548
2023-11-21,83.3222,91.118,104.2368,0.5612
2023-11-22,83.3457,90.826,104.4212,0.561
2023-11-23,83.5483,90.883,104.3376,0.5584
2023-11-24,83.344,90.803,104.4521,0.5567
2023-11-27,83.3145,91.098,105.0404,0.5498
2023-11-28,83.3645,91.196,105.3174,0.5601
2023-11-29,83.4181,91.563,105.8467,0.565
2023-11-30,83.3303,91.214,105.7703,0.5654
2023-12-01,83.3527,90.651,105.2752,0.5622
2023-12-04,83.2186,89.747,105.8029,0.5627
2023-12-05,83.4171,90.302,105.3845,0.5656
2023-12-06,83.3159,89.862,104.9315,0.5657
2023-12-07,83.2896,89.667,104.6496,0.5652
2023-12-08,83.3549,89.872,104.9305,0.5772
2023-12-11,83.4301,88.9095,104.6132,0.5698
2023-12-12,83.3435,89.63,104.6227,0.5698
2023-12-13,83.396,89.968,104.8376,0.5737
2023-12-14,83.2853,90.557,105.1396,0.5828
2023-12-15,83.2966,91.487,106.3596,0.5849
2023-12-18,83.0417,90.0414,105.233,0.5808
2023-12-19,83.1112,90.674,105.1087,0.5816
2023-12-20,83.0916,91.149,105.7761,0.5769
2023-12-21,83.2672,90.959,105.229,0.5791
2023-12-22,83.1316,91.317,105.6028,0.5841
2023-12-25,83.165,90.6702,105.4158,0.5775
2023-12-26,83.1723,90.6702,105.4368,0.5824
2023-12-27,83.1828,90.6702,105.8627,0.5836
2023-12-28,83.2672,92.415,106.5853,0.5881
2023-12-29,82.302,91.897,105.6976,0.5919
2024-01-01,83.2486,91.79,105.9036,0.5846
2024-01-02,83.2026,91.142,105.912,0.5852
2024-01-03,83.257,91.058,105.0906,0.5854
2024-01-04,83.3181,90.98,105.5098,0.5823
2024-01-05,83.2406,91.036,105.5732,0.5746
2024-01-08,83.1911,89.7557,105.7402,0.5668
2024-01-09,83.0507,90.858,105.8479,0.5752
2024-01-10,83.1311,90.803,105.6742,0.5751
2024-01-11,83.0256,91.041,105.7859,0.5692
2024-01-12,83.0761,91.144,106.1391,0.5722
2024-01-15,82.8721,90.663,105.6718,0.5652
2024-01-16,82.8594,90.648,105.3617,0.568
2024-01-17,83.089,90.313,104.9878,0.5638
2024-01-18,83.1776,90.442,105.4358,0.561
2024-01-19,83.1606,90.386,105.69,0.5609
2024-01-22,83.1247,89.4372,105.5851,0.5542
2024-01-23,83.0951,90.306,105.5855,0.5605
2024-01-24,83.2214,90.283,105.6357,0.5609
2024-01-25,83.0976,90.346,105.7171,0.5627
2024-01-26,83.1461,90.1,105.6733,0.5624
2024-01-29,83.1213,90.124,105.5844,0.5547
2024-01-30,83.1531,90.025,105.7472,0.5634
2024-01-31,83.1097,90.049,105.5085,0.5634
2024-02-01,83.0536,89.618,105.4467,0.5645
2024-02-02,82.9276,90.084,105.7053,0.5656
2024-02-05,82.9993,89.2182,104.8251,0.5573
2024-02-06,83.1037,89.121,104.1484,0.5583
2024-02-07,83.0706,89.261,104.6974,0.561
2024-02-08,83.0126,89.401,104.8227,0.5603
2024-02-09,82.9853,89.278,104.6978,0.555
2024-02-12,83.0145,89.444,104.8083,0.5493
2024-02-13,82.9902,89.31,104.7967,0.5549
2024-02-14,83.0746,88.862,104.5926,0.5502
2024-02-15,83.0431,89.036,104.3341,0.5511
2024-02-16,83.0096,89.357,104.5869,0.5531
2024-02-19,83.016,89.378,104.5958,0.5464
2024-02-20,83.021,89.403,104.4992,0.5521
2024-02-21,82.8291,89.478,104.4848,0.5515
2024-02-22,82.9384,89.675,104.8292,0.5512
2024-02-23,82.8723,89.611,104.9413,0.5502
2024-02-26,82.8818,89.611,105.0031,0.5457
2024-02-27,82.852,89.813,105.1074,0.5498
2024-02-28,82.9482,89.824,105.1436,0.5505
2024-02-29,82.9119,89.778,104.9682,0.5499
2024-03-01,82.9104,89.527,104.6728,0.5521
2024-03-04,82.8461,89.709,104.8213,0.5443
2024-03-05,82.9105,89.931,105.2269,0.5502
2024-03-06,82.8848,89.927,105.3092,0.5525
2024-03-07,82.8191,90.276,105.4571,0.5549
2024-03-08,82.7523,90.598,106.0267,0.5595
2024-03-11,82.7521,90.426,106.3774,0.5554
2024-03-12,82.7783,90.401,106.0564,0.5636
2024-03-13,82.8351,90.38,105.9791,0.5611
2024-03-14,82.8311,90.656,106.0404,0.5607
2024-03-15,82.9656,90.171,105.7021,0.5586
2024-03-18,82.8889,89.301,105.5216,0.5504
2024-03-19,82.8636,89.982,105.5089,0.5548
2024-03-20,83.0424,90.129,105.6257,0.5493
2024-03-21,83.0546,90.713,106.3425,0.5502
2024-03-22,83.2266,90.341,105.3628,0.5485
2024-03-25,83.5936,90.253,105.3824,0.5438
2024-03-26,83.4174,90.328,105.408,0.5506
2024-03-27,83.3455,90.102,105.2334,0.549
2024-03-28,83.365,90.065,105.1722,0.5507
2024-03-29,83.393,89.864,105.2834,0.5514
2024-04-01,83.3648,89.868,105.3144,0.5443
2024-04-02,83.4097,88.9196,104.7379,0.5443
2024-04-03,83.3503,89.662,104.8207,0.5495
2024-04-04,83.3733,90.118,105.6382,0.5486
2024-04-05,83.4778,90.331,105.5737,0.551
2024-04-08,83.2968,89.2376,105.1601,0.5431
2024-04-09,83.2696,90.367,105.4067,0.5479
2024-04-10,83.2243,90.269,105.5035,0.5478
2024-04-11,83.4127,89.529,104.5875,0.5451
2024-04-12,83.3493,89.307,104.6559,0.5432
2024-04-15,83.6111,88.889,104.1597,0.5367
2024-04-16,83.506,88.644,103.9457,0.5411
2024-04-17,83.6675,88.779,104.0037,0.5403
2024-04-18,83.5958,89.107,104.1184,0.5412
2024-04-19,83.545,88.862,103.8697,0.5401
2024-04-22,83.3853,87.8794,103.206,0.5326
2024-04-23,83.3862,88.745,102.97,0.5381
2024-04-24,83.2833,89.05,103.6827,0.5376
2024-04-25,83.3406,89.09,103.8339,0.5362
2024-04-26,83.3018,89.285,104.2175,0.5349
2024-04-29,83.4023,89.096,104.2998,0.5216
2024-04-30,83.4511,89.344,104.8403,0.5337
2024-05-01,83.4984,88.983,104.4197,0.5287
2024-05-02,83.4064,88.978,104.4783,0.5254
2024-05-03,83.4063,89.354,104.5804,0.5446
2024-05-06,83.38,88.655,104.6528,0.5376
2024-05-07,83.4728,89.789,104.8408,0.5407
2024-05-08,83.4699,89.649,104.3419,0.5389
2024-05-09,83.4643,89.622,104.2691,0.5361
2024-05-10,83.4594,89.913,104.5332,0.5367
2024-05-13,83.5248,89.0047,104.5981,0.5308
2024-05-14,83.5055,90.053,104.8745,0.5341
2024-05-15,83.5242,90.257,105.1207,0.5333
2024-05-16,83.4051,90.726,105.8727,0.5399
2024-05-17,83.4701,90.628,105.7633,0.5367
2024-05-20,83.3004,89.3108,105.8401,0.5267
2024-05-21,83.315,90.394,105.8791,0.5322
2024-05-22,83.3168,90.355,105.9128,0.5327
2024-05-23,83.2671,90.052,105.9156,0.5308
2024-05-24,83.2864,89.993,105.7462,0.5302
2024-05-27,83.0522,89.1048,105.7875,0.523
2024-05-28,83.1457,90.211,106.1858,0.5294
2024-05-29,83.2065,90.159,106.1573,0.5283
2024-05-30,83.3656,90.016,105.881,0.5283
2024-05-31,83.3209,90.157,106.0668,0.5308
2024-06-03,83.4508,90.428,106.346,0.5246
2024-06-04,83.0934,90.534,106.443,0.5321
2024-06-05,83.6294,90.924,106.8007,0.5388
2024-06-06,83.3808,90.466,106.6683,0.5342
2024-06-07,83.4731,90.837,106.774,0.5357
2024-06-10,83.5276,89.8442,106.3132,0.5313
2024-06-11,83.5298,89.871,106.3376,0.5317
2024-06-12,83.5968,89.717,106.4943,0.5316
2024-06-13,83.5343,90.245,106.889,0.5323
2024-06-14,83.5221,89.609,106.5387,0.5311
2024-06-17,83.5518,88.3723,105.9529,0.524
2024-06-18,83.5101,89.63,106.1581,0.5292
2024-06-19,83.3741,89.454,105.9523,0.5277
2024-06-20,83.4195,89.611,106.1175,0.5278
2024-06-21,83.6016,89.397,105.8758,0.5254
2024-06-24,83.5625,88.1915,105.6136,0.5161
2024-06-25,83.4604,89.518,105.8457,0.5224
2024-06-26,83.4146,89.248,105.8018,0.5219
2024-06-27,83.5804,89.18,105.4849,0.5199
2024-06-28,83.4509,89.293,105.5025,0.5189
2024-07-01,83.3675,89.229,105.4551,0.5115
2024-07-02,83.4413,89.51,105.5133,0.5162
2024-07-03,83.4791,89.648,105.9218,0.5165
2024-07-04,83.4912,90.017,106.4094,0.5161
2024-07-05,83.4934,90.184,106.4983,0.517
2024-07-08,83.4721,89.409,106.9141,0.5125
2024-07-09,83.4576,90.301,106.9457,0.5186
2024-07-10,83.493,90.22,106.7754,0.5171
2024-07-11,83.4959,90.371,107.302,0.5162
2024-07-12,83.5185,90.743,107.9184,0.5274
2024-07-15,83.5203,89.9612,108.3062,0.5219
2024-07-16,83.5876,91.003,108.4017,0.528
2024-07-17,83.5296,90.999,108.3964,0.5271
2024-07-18,83.5721,91.351,108.7,0.5367
2024-07-19,83.6743,91.118,108.359,0.5314
2024-07-22,83.7303,90.0584,108.3284,0.5252
2024-07-23,83.6713,91.052,108.2121,0.5328
2024-07-24,83.7068,90.738,108.0073,0.537
2024-07-25,83.743,90.684,108.0333,0.5438
2024-07-26,83.7376,90.774,107.6589,0.5443
2024-07-29,83.7278,89.8906,107.7398,0.5377
2024-07-30,83.7505,90.536,107.6893,0.5437
2024-07-31,83.739,90.574,107.5001,0.5486
2024-08-01,83.7178,90.488,107.6242,0.5582
2024-08-02,83.7439,90.277,106.7355,0.5602
2024-08-05,83.7353,91.336,107.1154,0.5603
2024-08-06,84.0026,91.902,107.4186,0.5757
2024-08-07,83.9349,91.627,106.4934,0.5796
2024-08-08,83.9424,91.625,106.4286,0.574
2024-08-09,83.989,91.606,107.0554,0.5683
2024-08-12,83.9498,91.558,107.0454,0.5661
2024-08-13,83.89,91.674,107.1284,0.5703
2024-08-14,83.882,92.159,107.9089,0.5703
2024-08-15,83.9715,92.397,107.7177,0.5697
2024-08-16,83.9483,92.095,107.9422,0.5631
2024-08-19,83.8898,92.405,108.572,0.5608
2024-08-20,83.8786,92.98,108.9493,0.5717
2024-08-21,83.7794,93.208,109.2038,0.5764
2024-08-22,83.8886,93.481,109.8137,0.5778
2024-08-23,83.9406,93.238,109.9421,0.5737
2024-08-26,83.8138,92.2801,110.7045,0.5711
2024-08-27,83.8837,93.573,110.659,0.5799
2024-08-28,83.9216,93.722,111.2462,0.5824
2024-08-29,83.9415,93.299,110.7356,0.5806
2024-08-30,83.8951,92.878,110.4382,0.5784
2024-09-02,83.8638,92.588,110.1132,0.5689
2024-09-03,83.9273,92.801,110.2906,0.5713
2024-09-04,83.9503,92.678,110.0921,0.5772
2024-09-05,83.9825,92.972,110.3885,0.5854
2024-09-06,83.9836,93.24,110.6688,0.5851
2024-09-09,83.9826,93.021,110.322,0.5847
2024-09-10,83.9809,92.575,109.7696,0.586
2024-09-11,83.982,92.467,109.8607,0.5897
2024-09-12,83.9926,92.403,109.5187,0.5883
2024-09-13,83.9348,92.924,110.2276,0.593
2024-09-16,83.8848,92.045,110.1725,0.5899
2024-09-17,83.884,93.264,110.7871,0.5952
2024-09-18,83.7706,93.104,110.2919,0.5895
2024-09-19,83.6917,92.928,110.4615,0.5859
2024-09-20,83.6147,93.208,111.0356,0.5845
2024-09-23,83.4871,93.11,111.2005,0.5742
2024-09-24,83.5596,92.754,111.5533,0.5812
2024-09-25,83.5676,93.438,112.1842,0.584
2024-09-26,83.6241,93.001,111.3496,0.5775
2024-09-27,83.6171,93.368,112.1242,0.5758
2024-09-30,83.7164,93.369,112.0177,0.5881
2024-10-01,83.8273,93.234,112.1292,0.5825
2024-10-02,83.8721,92.714,111.3281,0.583
2024-10-03,83.9196,92.618,111.3414,0.5723
2024-10-04,84.0094,92.634,110.2751,0.5717
2024-10-07,84.0278,92.143,110.2582,0.561
2024-10-08,83.9641,92.055,109.8414,0.5663
2024-10-09,83.9146,92.033,109.9344,0.5656
2024-10-10,83.9422,91.744,109.6749,0.5621
2024-10-11,83.946,91.692,109.636,0.564
2024-10-14,84.1683,91.9,109.8444,0.5575
2024-10-15,84.0485,91.602,109.8013,0.561
2024-10-16,84.0562,91.42,109.8587,0.5633
2024-10-17,84.0393,91.14,109.1591,0.5611
2024-10-18,84.0538,90.956,109.4123,0.5596
2024-10-21,84.0687,90.17,109.7159,0.5549
2024-10-22,84.0735,90.842,109.1651,0.5575
2024-10-23,84.084,90.714,109.161,0.5559
2024-10-24,84.0676,90.486,108.538,0.5508
2024-10-25,84.0818,90.92,109.0649,0.5534
2024-10-28,84.102,90.0043,108.984,0.5471
2024-10-29,84.1028,90.888,109.063,0.5486
2024-10-30,84.0893,90.901,109.4218,0.5481
2024-10-31,84.0891,91.223,108.9669,0.5482
2024-11-01,84.0915,93.755,108.4443,0.5668
2024-11-04,84.1336,90.406,108.6977,0.5432
2024-11-05,84.1525,91.412,109.009,0.5521
2024-11-06,84.1163,91.891,109.6758,0.5549
2024-11-07,84.2512,90.327,108.5362,0.5452
2024-11-08,84.3064,90.923,109.4796,0.5498
2024-11-11,84.3829,90.38,109.0692,0.5496
2024-11-12,84.3965,89.878,108.6885,0.5486
2024-11-13,84.3953,89.53,107.5277,0.5453
2024-11-14,84.423,89.102,107.3109,0.5425
2024-11-15,84.4738,89.2,106.9813,0.5409
2024-11-18,84.4775,88.882,106.5976,0.5399
2024-11-19,84.3985,89.351,107.0005,0.5454
2024-11-20,84.3976,89.47,107.1262,0.5452
2024-11-21,84.3831,88.903,106.7589,0.5429
2024-11-22,84.4883,88.39,106.3687,0.5476
2024-11-25,84.436,87.892,105.7985,0.5391
2024-11-26,84.3775,87.927,106.0505,0.5454
2024-11-27,84.3391,88.398,106.039,0.5505
2024-11-28,84.4203,89.089,107.1525,0.5574
2024-11-29,84.4716,89.135,107.2308,0.5582
2024-12-02,84.557,89.367,107.7045,0.5575
2024-12-03,84.7371,88.902,107.2543,0.5658
2024-12-04,84.6831,88.924,107.314,0.5654
2024-12-05,84.707,88.964,107.5856,0.562
2024-12-06,84.6838,89.563,108.056,0.5633
2024-12-09,84.666,88.657,107.8198,0.5587
2024-12-10,84.8473,89.475,108.1502,0.5599
2024-12-11,84.874,89.312,108.4721,0.5586
2024-12-12,84.8571,89.062,108.2088,0.5567
2024-12-13,84.8392,88.773,107.5476,0.5557
2024-12-16,84.802,87.907,107.0498,0.5437
2024-12-17,84.9173,89.226,107.7948,0.5505
2024-12-18,84.9154,89.027,107.9591,0.5525
2024-12-19,85.1655,87.785,106.9213,0.5483
2024-12-20,85.2794,88.128,106.6044,0.5393
2024-12-23,84.945,88.481,106.7394,0.5351
2024-12-24,85.0989,88.467,106.6768,0.541
2024-12-25,85.1815,88.485,106.8225,0.5415
2024-12-26,85.4134,88.491,107.0099,0.5396
2024-12-27,85.2609,88.491,106.779,0.538
2024-12-30,85.386,88.31,107.3473,0.5403
2024-12-31,85.7866,88.892,107.6394,0.544
2025-01-02,85.7857,88.491,107.3569,0.544
2025-01-03,85.804,88.02,106.206,0.5448
2025-01-06,85.759,87.364,106.5384,0.5448
2025-01-07,85.6807,88.922,107.2007,0.5428
2025-01-08,85.8065,88.677,107.2601,0.5418
2025-01-09,85.9075,88.526,106.1847,0.5425
2025-01-10,85.92,88.39,105.7025,0.543
2025-01-13,86.188,88.205,105.2202,0.5455
2025-01-14,86.6506,88.868,106.1425,0.5501
2025-01-15,86.5354,89.099,105.6521,0.547
2025-01-16,86.431,88.908,106.0112,0.5526
2025-01-17,86.6061,89.141,105.9524,0.557
2025-01-20,86.569,88.211,105.3415,0.5477
2025-01-21,86.2111,89.757,106.2704,0.5549
2025-01-22,86.4519,89.88,106.7157,0.5545
2025-01-23,86.4727,89.92,106.4535,0.5523
2025-01-24,86.4402,89.954,106.929,0.5532
2025-01-27,86.203,89.4,107.6201,0.5451
2025-01-28,86.4684,90.126,108.0019,0.557
2025-01-29,86.5846,90.214,107.7182,0.5559
2025-01-30,86.6406,90.239,107.9241,0.5579
2025-01-31,86.647,89.92,107.6071,0.5612
2025-02-03,86.554,89.613,107.2707,0.5617
2025-02-04,86.9434,89.733,108.1538,0.5596
2025-02-05,87.1301,90.298,108.6821,0.5647
2025-02-06,87.3341,90.753,109.1874,0.5718
2025-02-07,87.5883,90.882,108.9125,0.5787
2025-02-10,87.5131,90.441,108.5564,0.5744
2025-02-11,87.4901,90.044,108.106,0.5757
2025-02-12,86.8112,89.836,108.0842,0.5686
2025-02-13,86.874,90.23,108.0667,0.5631
2025-02-14,86.7541,90.664,108.993,0.5665
2025-02-17,86.4346,90.809,108.8105,0.5679
2025-02-18,86.8548,90.99,109.616,0.5732
2025-02-19,86.8872,90.697,109.7576,0.5713
2025-02-20,86.8728,90.472,109.2625,0.574
2025-02-21,86.4512,90.841,109.5312,0.5787
2025-02-24,86.5294,90.498,109.3009,0.5728
2025-02-25,86.6901,90.604,109.3667,0.5779
2025-02-26,87.0812,91.594,110.2566,0.584
2025-02-27,87.1622,91.316,110.4622,0.5849
2025-02-28,87.327,90.707,110.032,0.5817
2025-03-03,87.464,89.926,109.9685,0.58
2025-03-04,87.3296,91.419,110.9499,0.5842
2025-03-05,87.217,92.649,111.5614,0.5823
2025-03-06,86.8893,93.711,112.0216,0.583
2025-03-07,87.1288,93.806,112.275,0.5871
2025-03-10,87.0738,94.314,112.5146,0.5879
2025-03-11,87.3551,94.599,112.499,0.5934
2025-03-12,87.2001,95.05,112.9051,0.5882
2025-03-13,87.3406,94.795,113.222,0.5872
2025-03-14,86.9221,94.273,112.601,0.5871
2025-03-17,86.939,93.717,112.5208,0.5773
2025-03-18,86.9164,94.583,112.8739,0.5799
2025-03-19,86.5761,94.628,112.5474,0.5789
2025-03-20,86.3371,94.124,112.3003,0.5809
2025-03-21,86.3361,93.652,111.9536,0.5805
2025-03-24,85.987,92.911,111.1575,0.572
2025-03-25,85.5321,92.322,110.5453,0.5669
2025-03-26,85.5904,92.249,110.7732,0.5703
2025-03-27,86.0954,91.924,110.8399,0.5687
2025-03-28,85.6949,92.493,110.9568,0.5678
2025-03-31,85.5388,91.097,110.5938,0.5573
2025-04-01,85.4681,92.382,110.4031,0.5696
2025-04-02,85.6101,92.341,110.6252,0.5711
2025-04-03,85.6512,93.126,111.5929,0.5775
2025-04-04,85.2829,94.092,111.7298,0.5827
2025-04-07,85.5293,93.105,110.1405,0.5776
2025-04-08,86.027,93.657,109.5471,0.5806
2025-04-09,86.4353,94.623,110.4604,0.591
2025-04-10,86.2093,94.82,110.4678,0.586
2025-04-11,86.2604,96.977,111.8883,0.5991
2025-04-14,86.193,97.765,112.7738,0.5995
2025-04-15,86.0448,97.485,113.3181,0.6002
2025-04-16,85.7267,96.712,113.4844,0.5981
2025-04-17,85.6205,97.493,113.33,0.6029
2025-04-22,85.1589,97.018,113.9274,0.5994
2025-04-23,85.2324,96.6,113.0972,0.5964
2025-04-24,85.4999,96.608,113.4657,0.5955
2025-04-25,85.2573,96.947,113.7186,0.5967
2025-04-28,85.3849,96.997,113.6728,0.5946
2025-04-29,85.1603,97.071,114.4145,0.5985
2025-04-30,85.1708,96.898,114.2237,0.5979
2025-05-01,84.5312,95.75,112.6373,0.5911
2025-05-02,84.6967,95.748,112.4953,0.5833
2025-05-05,84.5263,94.763,112.1281,0.5789
2025-05-06,84.2208,95.282,111.9671,0.5863
2025-05-07,84.7932,95.535,113.221,0.5889
2025-05-08,84.8172,95.703,112.7416,0.5885
2025-05-09,86.0822,95.917,113.9788,0.5852
2025-05-12,85.4083,94.979,113.5695,0.5803
2025-05-13,84.9657,94.099,111.9356,0.5718
2025-05-14,85.0603,95.298,113.1639,0.5775
2025-05-15,85.4876,95.41,113.3931,0.5818
2025-05-16,85.4449,95.557,113.6998,0.5863
2025-05-19,85.5003,94.748,113.6938,0.5838
2025-05-20,85.3721,95.826,114.0497,0.5884
2025-05-21,85.5361,96.467,114.5818,0.5921
2025-05-22,85.6003,97.082,114.8772,0.5956
2025-05-23,85.9749,96.936,115.409,0.5973
2025-05-26,85.1993,95.748,115.3116,0.5909
2025-05-27,85.1582,96.815,115.522,0.596
2025-05-28,85.3605,96.656,115.3512,0.5914
2025-05-29,85.3859,95.88,114.9794,0.5857
2025-05-30,85.3613,97.103,115.2284,0.5935
2025-06-02,85.5243,95.964,115.1204,0.5874
2025-06-03,85.3637,97.675,115.6792,0.5987
2025-06-04,85.7088,97.486,115.876,0.5954
2025-06-05,85.9042,98.004,116.4021,0.6011
2025-06-06,85.8775,98.227,116.5757,0.5975
2025-06-09,85.7853,96.806,116.0415,0.5894
2025-06-10,85.756,97.815,116.2163,0.5922
2025-06-11,85.6528,97.813,115.6539,0.5905
2025-06-12,85.4698,98.285,115.8362,0.5922
2025-06-13,85.6884,99.193,116.6948,0.5972
2025-06-16,86.2492,99.359,116.8279,0.5886
2025-06-17,86.1042,99.078,116.9202,0.5927
2025-06-18,86.3627,99.007,115.9122,0.5932
2025-06-19,86.6136,99.114,116.2337,0.5958
2025-06-20,86.5838,99.877,116.5014,0.5975
2025-06-23,86.5803,98.767,116.4916,0.5916
2025-06-24,86.233,100.335,116.5555,0.5929
2025-06-25,85.9048,99.717,116.9325,0.5924
2025-06-26,86.0061,100.413,117.6991,0.5931
2025-06-27,85.6664,100.045,117.5279,0.5914
2025-06-30,85.4553,99.168,115.7692,0.5794
2025-07-01,85.714,100.933,117.5475,0.5956
2025-07-02,85.6428,101.01,117.6488,0.5966
2025-07-03,85.6941,100.958,116.9654,0.5961
2025-07-04,85.3191,100.484,116.4148,0.59
2025-07-07,85.4963,100.435,116.7089,0.5902
2025-07-08,85.892,100.568,116.8972,0.5873
2025-07-09,85.7074,100.463,116.4563,0.5835
2025-07-10,85.7085,100.428,116.4888,0.5859
2025-07-11,85.7348,100.231,116.4473,0.5857
2025-07-14,85.8213,99.238,116.0636,0.579
2025-07-15,85.9684,100.265,115.4243,0.5815
2025-07-16,85.9931,99.736,115.0978,0.5776
2025-07-17,85.8852,99.846,115.2056,0.5798
2025-07-18,86.0465,99.869,115.5722,0.5794
2025-07-21,86.1486,100.131,115.569,0.5786
2025-07-22,86.1953,100.718,116.2955,0.5842
2025-07-23,86.3428,101.249,116.7974,0.5874
2025-07-24,86.3987,101.643,117.3406,0.5897
2025-07-25,86.4303,101.531,116.7614,0.5874
2025-07-28,86.5061,101.215,116.2826,0.5797
2025-07-29,86.7776,100.456,115.9265,0.5833
2025-07-30,87.0632,100.529,116.2514,0.5863
2025-07-31,87.7146,100.142,115.7886,0.5871
2025-08-01,87.4894,99.898,115.5357,0.58
2025-08-04,87.2453,98.814,115.8713,0.5874
2025-08-05,87.8933,101.487,116.7999,0.5968
2025-08-06,87.7231,101.615,116.6515,0.5947
2025-08-07,87.7625,102.231,117.2363,0.5955
2025-08-08,87.4332,102.012,117.5995,0.595
2025-08-11,87.4883,101.752,117.6305,0.5875
2025-08-12,87.6645,101.76,117.7613,0.5914
2025-08-13,87.5956,102.26,118.2449,0.5927
2025-08-14,87.45,102.345,118.7498,0.594
2025-08-15,87.6918,102.083,118.6463,0.5933
2025-08-18,87.5128,101.202,118.6538,0.5882
2025-08-19,87.2951,101.774,117.898,0.5896
2025-08-20,87.0791,101.299,117.4314,0.589
2025-08-21,87.0182,101.307,117.077,0.5901
2025-08-22,87.2934,101.3,117.0844,0.5878
2025-08-25,87.3301,100.411,117.168,0.5803
2025-08-26,87.6086,101.67,117.8817,0.5921
2025-08-27,87.6007,101.921,118.0417,0.5939
2025-08-28,87.6591,102.009,118.3772,0.5946
2025-08-29,87.5917,102.233,118.3328,0.5961
2025-09-01,88.1743,101.847,117.1166,0.5926
2025-09-02,88.0014,103.022,119.2051,0.5979
2025-09-03,87.9983,102.295,117.794,0.5919
2025-09-04,88.073,102.614,118.3626,0.5947
2025-09-05,88.1929,102.724,118.4831,0.5939
2025-09-08,88.1863,103.205,118.9697,0.5983
2025-09-09,87.9805,103.469,119.2091,0.5966
2025-09-10,88.2183,103.157,119.2744,0.5979
2025-09-11,88.0534,102.966,119.1538,0.5972
2025-09-12,88.2676,103.502,119.8392,0.5991
2025-09-15,88.2773,102.504,119.6642,0.5916
2025-09-16,88.1235,103.582,119.8744,0.5973
2025-09-17,87.8846,104.243,119.9542,0.5998
2025-09-18,87.9107,103.686,119.824,0.5969
2025-09-19,88.2069,103.865,119.5451,0.5958
2025-09-22,88.0992,103.375,118.6761,0.5914
2025-09-23,88.3044,104.125,119.3383,0.5973
2025-09-24,88.808,104.838,120.1082,0.6012
2025-09-25,88.7786,104.182,119.4303,0.5963
2025-09-26,88.7731,103.45,118.3821,0.5919
2025-09-29,88.6768,103.66,118.9159,0.5846
2025-09-30,88.7045,103.98,119.1892,0.5965
2025-10-01,88.8407,104.174,119.477,0.5998
2025-10-02,88.683,103.981,119.543,0.6025
2025-10-03,88.7202,103.948,119.2556,0.6024
2025-10-06,88.7351,104.083,119.2091,0.5965
2025-10-07,88.7211,103.812,119.6418,0.5898
2025-10-08,88.7426,103.334,119.1238,0.5831
2025-10-09,88.7772,103.162,118.9939,0.581
2025-10-10,88.8654,102.69,118.243,0.5804
2025-10-13,88.7573,102.64,118.5246,0.5822
2025-10-14,88.6651,102.473,118.2277,0.5813
2025-10-15,88.7825,102.928,118.2982,0.5846
2025-10-16,87.8095,102.181,117.6364,0.5812
2025-10-17,87.9907,102.854,118.2433,0.5856
2025-10-20,88.0023,101.897,118.1461,0.5793
2025-10-21,87.88,102.242,117.7959,0.5825
2025-10-22,88.0016,102.004,117.6161,0.5789
2025-10-23,87.7403,101.771,117.18,0.5769
2025-10-24,87.779,101.916,116.997,0.5747
2025-10-27,87.829,101.872,116.8653,0.5721
2025-10-28,88.2221,102.733,117.6784,0.5774
2025-10-29,88.2255,102.755,117.0879,0.5808
2025-10-30,88.3456,102.488,115.7463,0.5783
2025-10-31,88.6345,102.484,116.572,0.5754
2025-11-03,88.7754,102.24,116.8121,0.5725
2025-11-04,88.7234,102.126,116.5573,0.5749
2025-11-05,88.732,101.829,115.5913,0.5775
2025-11-06,88.5569,101.732,115.5506,0.5743
2025-11-07,88.673,102.32,116.476,0.5794
2025-11-10,88.658,101.656,116.6651,0.573
2025-11-11,88.7071,102.435,116.8713,0.575
2025-11-12,88.4665,102.415,116.3427,0.5736
2025-11-13,88.594,102.609,116.2975,0.5721
2025-11-14,88.8161,103.211,116.8771,0.5739
2025-11-17,88.682,102.563,116.7055,0.5709
2025-11-18,88.6359,102.653,116.5975,0.5705
2025-11-19,88.5568,102.476,116.4257,0.5689
2025-11-20,88.4872,102.026,115.5451,0.5631
2025-11-21,88.6922,102.222,115.9451,0.5634
2025-11-24,89.634,101.969,117.4653,0.5654
2025-11-25,89.1478,102.617,116.8412,0.5676
2025-11-26,89.1506,103.023,117.3609,0.5703
2025-11-27,89.163,103.346,118.0549,0.5702
2025-11-28,89.3648,103.582,118.3154,0.5713
2025-12-01,89.35,102.442,118.2599,0.5654
2025-12-02,89.6127,103.938,118.3942,0.5757
2025-12-03,89.9172,104.469,118.7935,0.5765
2025-12-04,90.1705,105.123,120.3733,0.581
2025-12-05,89.8364,104.511,119.6977,0.5786
2025-12-08,89.938,103.712,119.8424,0.5736
2025-12-09,90.13,104.834,120.077,0.5778
2025-12-10,89.9169,104.466,119.5958,0.5729
2025-12-11,89.793,104.985,120.22,0.576
2025-12-12,90.253,105.869,120.8725,0.5797
2025-12-15,90.577,105.052,121.1196,0.5773
2025-12-16,90.7769,106.614,121.4419,0.5852
2025-12-17,90.9489,106.783,122.1045,0.5872
2025-12-18,90.4137,106.077,120.9417,0.581
2025-12-19,90.2558,105.672,120.7751,0.5814
2025-12-22,89.57,103.935,119.0788,0.5627
2025-12-23,89.6039,105.33,120.6575,0.5708
2025-12-24,89.5079,105.408,120.983,0.5723
2025-12-26,90.1059,105.679,121.5949,0.5756
2025-12-29,89.8293,105.712,121.2632,0.5762
2025-12-30,89.9,105.755,121.4169,0.5757
2025-12-31,89.7694,105.366,120.8824,0.5734
2026-01-02,89.9619,105.464,120.9729,0.573
2026-01-05,90.007,105.687,121.1147,0.5757
2026-01-06,90.233,105.624,122.1508,0.5756
2026-01-07,90.1661,105.318,121.7235,0.575
2026-01-08,89.8644,104.843,120.9388,0.5729
2026-01-09,89.9054,104.737,120.8161,0.5726
2026-01-12,90.236,103.889,121.002,0.5684
2026-01-13,90.1327,105.078,121.3631,0.57
2026-01-14,90.273,105.037,121.2049,0.5667
2026-01-15,90.1832,105.02,121.2133,0.5689
2026-01-16,90.3616,104.817,120.9002,0.5692
2026-01-19,90.702,104.419,121.4092,0.5673
2026-01-20,90.9045,105.717,122.0029,0.5741
2026-01-21,91.1184,106.78,122.4636,0.5757
2026-01-22,91.5369,106.773,122.9328,0.5773
2026-01-23,91.5583,107.542,123.6248,0.5772
2026-01-26,91.501,108.29,125.08,0.5796
2026-01-27,91.7131,108.816,125.45,0.5937
2026-01-28,91.5343,109.921,126.559,0.5999
2026-01-29,92.0408,110.155,127.0802,0.6008
2026-01-30,91.7819,109.742,126.7546,0.5988
2026-02-02,91.687,109.154,125.4795,0.5951
2026-02-03,90.2456,107.624,123.7094,0.5869
2026-02-04,90.4229,106.758,123.8099,0.58
2026-02-05,90.125,106.593,122.9958,0.5756
2026-02-06,90.3148,106.299,122.1287,0.5757
2026-02-09,90.588,106.469,123.3007,0.5747
2026-02-10,90.8228,107.992,124.3322,0.581
2026-02-11,90.5879,107.615,123.5017,0.5859
2026-02-12,90.7357,107.657,123.6254,0.5915
2026-02-13,90.5641,107.421,123.3549,0.5925
2026-02-16,90.5712,106.501,123.5401,0.5878
2026-02-17,90.783,107.493,123.71,0.5904
2026-02-18,90.6262,107.339,122.9521,0.591
2026-02-19,90.7935,106.949,122.5306,0.5865
2026-02-20,91.0411,107.068,122.5941,0.5862
2026-02-23,90.7266,106.407,122.2765,0.58
2026-02-24,91.0201,107.263,122.8387,0.5881
2026-02-25,90.918,106.975,122.6891,0.5829
2026-02-26,90.951,107.379,123.3081,0.5818
2026-02-27,91.0074,107.298,122.8098,0.5837
2026-03-02,91.0796,106.542,122.7883,0.5804
2026-03-03,91.5634,107.004,122.8005,0.5818
2026-03-04,92.0086,106.764,122.9333,0.5828
2026-03-05,92.123,107.111,123.1542,0.5864
2026-03-06,91.7869,106.471,122.5565,0.5823
2026-03-09,91.9362,106.579,123.2699,0.5737
2026-03-10,91.2207,106.971,122.5451,0.5834
2026-03-11,92.1651,106.706,123.6675,0.5812
2026-03-12,92.2288,106.372,120.0012,0.5793
2026-03-13,92.3899,106.364,123.347,0.5799
2026-03-16,92.5636,105.578,122.5451,0.5828
2026-03-17,92.2827,105.987,122.7929,0.5793
2026-03-18,92.3913,106.532,123.0125,0.5809
2026-03-19,93.2466,106.678,123.654,0.5823
2026-03-20,93.0823,107.479,124.9549,0.5879
2026-03-23,93.8953,108.324,125.2292,0.5852
2026-03-24,93.2437,108.107,125.3142,0.5876
2026-03-25,94.2997,109.146,126.5555,0.5921
2026-03-26,94.6937,108.491,124.5179,0.5888
2026-03-27,94.3095,108.705,125.7879,0.59
2026-03-30,94.7818,109.039,125.5263,0.5902
2026-03-31,94.3559,108.041,124.2796,0.59
2026-04-01,93.4843,108.113,123.6997,0.5892
2026-04-02,92.6426,107.969,123.3955,0.5871
2026-04-03,92.9736,107.2,122.959,0.5823
2026-04-06,92.971,107.212,122.598,0.583
2026-04-07,92.8166,107.213,122.8267,0.5815
2026-04-08,92.8602,108.444,124.2159,0.5846
2026-04-09,92.2748,107.477,123.6307,0.581
2026-04-10,92.4698,108.025,124.224,0.5807
2026-04-13,94.5088,106.479,126.5864,0.5703
2026-04-14,94.9468,109.612,128.3152,0.5851
2026-04-15,93.1654,109.84,126.3862,0.5863
2026-04-16,93.3868,110.177,126.7386,0.5876
2026-04-17,93.0479,109.649,125.94,0.5846
2026-04-20,92.6033,109.284,125.2305,0.5861
2026-04-21,93.1236,109.655,126.0283,0.5858
2026-04-22,93.6228,109.71,126.424,0.5861
2026-04-23,93.8005,109.72,126.6427,0.5877
2026-04-24,94.1129,109.87,126.7402,0.5887
2026-04-27,94.2503,108.06,127.1866,0.5809
2026-04-28,94.2585,110.342,127.5912,0.5907
2026-04-29,94.6455,110.7,127.975,0.5923
2026-04-30,94.9166,110.764,127.8087,0.5917
2026-05-01,94.7591,111.272,128.9556,0.6057
2026-05-04,94.903,111.259,129.0918,0.6054
2026-05-05,95.2594,111.101,128.8971,0.6045
2026-05-06,95.183,111.455,128.7451,0.6032
2026-05-07,94.608,111.064,128.5252,0.6042
2026-05-08,94.253,110.486,127.7807,0.6006
2026-05-11,94.4253,111.356,128.7285,0.6026
2026-05-12,95.3914,112.194,129.8173,0.6057
2026-05-13,95.633,112.177,129.1912,0.6061
2026-05-14,95.6958,112.053,129.4447,0.6059
2026-05-15,95.7099,111.602,128.2688,0.6044
2026-05-18,95.9703,111.362,127.7279,0.6033
2026-05-19,96.2702,112.231,129.1091,0.6061
2026-05-20,96.5658,111.992,128.6509,0.6066
2026-05-21,96.5283,112.486,129.5301,0.609
2026-05-22,96.1739,111.692,129.1678,0.6045
2026-05-25,95.7195,111.394,128.6124,0.6029
2026-05-26,95.2528,110.745,128.1052,0.5987
2026-05-27,95.905,111.295,128.2419,0.6005
2026-05-28,96.0489,111.109,128.9597,0.5993
2026-05-29,96.0482,111.426,129.1057,0.6005
2026-06-01,95.003,110.707,127.3003,0.5969
2026-06-02,95.5514,110.447,128.5831,0.5946
2026-06-03,95.263,110.637,128.8125,0.5951
2026-06-04,96.1645,111.027,129.0018,0.598
2026-06-05,95.7903,111.16,128.7496,0.5983
2026-06-08,94.9503,110.069,127.1324,0.601
2026-06-09,95.6883,110.28,127.6014,0.5971
2026-06-10,95.3603,109.923,127.3708,0.5941
2026-06-11,95.6445,109.818,127.7961,0.593
2026-06-12,95.7601,110.771,126.809,0.5976
2026-06-15,95.1103,109.949,127.8923,0.5977
2026-06-16,94.7417,109.715,127.0507,0.5907
2026-06-17,94.8886,109.742,126.907,0.589
2026-06-18,94.8589,108.694,125.6647,0.5881
2026-06-19,94.3399,108.009,124.5535,0.5843
2026-06-22,94.3303,104.79,124.5741,0.5662
2026-06-23,94.7006,108.116,125.1418,0.5856
2026-06-24,95.1837,107.727,125.6465,0.5858
2026-06-25,94.4407,107.404,124.331,0.5847
2026-06-26,94.4004,107.162,125.3291,0.583
2026-06-29,94.3603,107.342,124.5081,0.5632
2026-06-30,94.7905,107.897,125.6954,0.5834
2026-07-01,94.918,107.963,125.3023,0.5817
2026-07-02,95.4175,108.298,126.3171,0.5856
2026-07-03,95.5271,108.914,127.2998,0.5905
2026-07-06,95.2148,108.841,127.0971,0.5916
2026-07-07,95.6035,109.08,127.4657,0.5881
2026-07-08,95.5934,108.202,127.6588,0.5846
2026-07-09,95.8618,109.07,128.2164,0.5875
2026-07-10,95.3902,108.979,127.7914,0.587
2026-07-13,95.325,108.836,127.7471,0.5864
2026-07-14,96.2989,108.764,128.5561,0.5883
2026-07-15,96.4253,109.825,129.1263,0.5927
2026-07-16,96.4986,110.325,130.4087,0.5935
2026-07-17,96.6522,110.187,130.2317,0.593
2026-07-20,96.2848,109.964,129.4376,0.5915
2026-07-21,96.4896,110.013,129.5315,0.5931
2026-07-22,96.3409,109.637,128.9123,0.5892
2026-07-23,96.5571,110.118,129.0955,0.5916
2026-07-24,96.8769,109.791,129.0057,0.589
2026-07-27,96.5673,109.72,128.8618,0.5732
2026-07-28,95.7741,108.963,127.2602,0.5852
2026-07-29,95.5987,109.054,126.9999,0.5846
2026-07-30,95.7286,109.605,127.9536,0.5853
2026-07-31,95.6848,110.18,128.8048,0.5969
2026-08-03,95.4022,109.982,128.7175,0.5829
2026-08-04,95.3316,109.632,128.0052,0.6045
2026-08-05,95.0972,109.903,127.9179,0.6042
2026-08-06,95.0773,109.841,128.028,0.603
2026-08-07,95.3119,109.581,128.203,0.6003
2026-08-10,95.2103,109.481,128.2051,0.6008
2026-08-11,95.3967,109.94,128.8634,0.5984
2026-08-12,95.3799,110.082,128.8481,0.5987
2026-08-13,95.3443,109.824,128.6805,0.5979
2026-08-14,95.4012,110.0,128.6904,0.5982
2026-08-17,95.4503,106.943,129.2778,0.5805
2026-08-18,95.6941,110.651,129.2077,0.5996
2026-08-19,95.8164,110.685,129.3322,0.5993
2026-08-20,95.496,111.706,129.4615,0.6046
2026-08-21,95.7722,111.78,130.4641,0.6018
2026-08-24,95.7003,111.66,130.5909,0.6014
2026-08-25,95.7231,111.639,129.9911,0.6013
2026-08-26,93.5461,111.313,127.6914,0.5988
2026-08-27,95.4303,111.136,129.5309,0.5988
2026-08-28,95.4704,111.146,129.8105,0.5989
2026-08-31,95.3803,107.78,129.2056,0.5901
2026-09-01,95.1144,110.479,128.8576,0.5952
2026-09-02,94.9552,109.999,128.33,0.5923
2026-09-03,94.4877,109.949,127.3805,0.5972
2026-09-04,94.4949,109.783,127.8383,0.6065
2026-09-07,94.4303,109.651,127.6541,0.6026
2026-09-08,94.4919,109.798,128.0107,0.6132
2026-09-09,94.823,110.168,128.4142,0.6174
2026-09-10,95.1118,110.562,128.869,0.6187
2026-09-11,95.6945,110.731,129.2916,0.6174
2026-09-14,95.0328,107.436,128.5008,0.6083
2026-09-15,95.8354,110.295,129.3929,0.6186
2026-09-16,95.9927,110.639,129.3701,0.6176
2026-09-17,96.1323,109.99,128.6179,0.6144
2026-09-18,95.7992,110.028,127.9589,0.6139
2026-09-21,96.0131,110.031,128.5574,0.5919
2026-09-22,95.712,109.771,127.9596,0.6084
2026-09-23,95.6898,109.358,127.6755,0.6066
2026-09-24,95.7412,108.896,126.7678,0.6045
2026-09-25,95.8875,109.1717,126.8255,0.6063
