Date,Open,High,Low,Close,Change_Pct
2000-01-03,11.171,11.171,11.171,11.171,-0.23
2000-01-04,11.195,11.195,11.195,11.195,0.21
2000-01-05,11.233,11.233,11.233,11.233,0.34
2000-01-06,11.331,11.331,11.331,11.331,0.87
2000-01-07,11.34,11.34,11.34,11.34,0.08
2000-01-10,11.275,11.275,11.275,11.275,-0.57
2000-01-11,11.271,11.271,11.271,11.271,-0.04
2000-01-12,11.283,11.283,11.283,11.283,0.11
2000-01-13,11.286,11.286,11.286,11.286,0.03
2000-01-14,11.275,11.275,11.275,11.275,-0.1
2000-01-17,11.065,11.065,11.065,11.065,-1.86
2000-01-18,11.037,11.037,11.037,11.037,-0.25
2000-01-19,11.034,11.034,11.034,11.034,-0.03
2000-01-20,10.94,10.94,10.94,10.94,-0.85
2000-01-21,10.932,10.932,10.932,10.932,-0.07
2000-01-24,10.947,10.947,10.947,10.947,0.14
2000-01-25,10.982,10.982,10.982,10.982,0.32
2000-01-27,10.978,10.978,10.978,10.978,-0.04
2000-01-28,10.919,10.919,10.919,10.919,-0.54
2000-01-31,10.897,10.897,10.897,10.897,-0.2
2000-02-01,10.862,10.862,10.862,10.862,-0.32
2000-02-02,10.789,10.789,10.789,10.789,-0.67
2000-02-03,10.702,10.702,10.702,10.702,-0.81
2000-02-04,10.647,10.647,10.647,10.647,-0.51
2000-02-07,10.615,10.615,10.615,10.615,-0.3
2000-02-08,10.592,10.592,10.592,10.592,-0.22
2000-02-09,10.476,10.476,10.476,10.476,-1.1
2000-02-10,10.468,10.468,10.468,10.468,-0.08
2000-02-11,10.381,10.381,10.381,10.381,-0.83
2000-02-14,10.196,10.196,10.196,10.196,-1.78
2000-02-15,10.451,10.451,10.451,10.451,2.5
2000-02-16,10.474,10.474,10.474,10.474,0.22
2000-02-17,10.519,10.519,10.519,10.519,0.43
2000-02-18,10.481,10.481,10.481,10.481,-0.36
2000-02-21,10.437,10.437,10.437,10.437,-0.42
2000-02-22,10.441,10.441,10.441,10.441,0.04
2000-02-23,10.436,10.436,10.436,10.436,-0.05
2000-02-24,10.445,10.445,10.445,10.445,0.09
2000-02-25,10.443,10.443,10.443,10.443,-0.02
2000-02-28,10.437,10.437,10.437,10.437,-0.06
2000-02-29,10.405,10.405,10.405,10.405,-0.31
2000-03-01,10.445,10.445,10.445,10.445,0.38
2000-03-02,10.653,10.653,10.653,10.653,1.99
2000-03-03,10.762,10.762,10.762,10.762,1.02
2000-03-06,10.831,10.831,10.831,10.831,0.64
2000-03-07,10.815,10.815,10.815,10.815,-0.15
2000-03-08,10.768,10.768,10.768,10.768,-0.43
2000-03-09,10.658,10.658,10.658,10.658,-1.02
2000-03-10,10.65,10.65,10.65,10.65,-0.08
2000-03-11,10.634,10.634,10.634,10.634,-0.15
2000-03-13,10.727,10.727,10.727,10.727,0.87
2000-03-14,10.805,10.805,10.805,10.805,0.73
2000-03-15,10.797,10.797,10.797,10.797,-0.07
2000-03-16,10.781,10.781,10.781,10.781,-0.15
2000-03-18,10.772,10.772,10.772,10.772,-0.08
2000-03-21,10.827,10.827,10.827,10.827,0.51
2000-03-22,10.842,10.842,10.842,10.842,0.14
2000-03-23,10.89,10.89,10.89,10.89,0.44
2000-03-24,10.897,10.897,10.897,10.897,0.06
2000-03-25,10.897,10.897,10.897,10.897,0.0
2000-03-27,11.016,11.016,11.016,11.016,1.09
2000-03-28,11.064,11.064,11.064,11.064,0.44
2000-03-29,10.944,10.944,10.944,10.944,-1.08
2000-03-30,10.912,10.912,10.912,10.912,-0.29
2000-03-31,10.756,10.756,10.756,10.756,-1.43
2000-04-03,10.457,10.457,10.457,10.457,-2.78
2000-04-04,10.449,10.449,10.449,10.449,-0.08
2000-04-06,10.472,10.472,10.472,10.472,0.22
2000-04-07,10.448,10.448,10.448,10.448,-0.23
2000-04-08,10.386,10.386,10.386,10.386,-0.59
2000-04-10,10.31,10.31,10.31,10.31,-0.73
2000-04-11,10.257,10.257,10.257,10.257,-0.51
2000-04-13,10.271,10.271,10.271,10.271,0.14
2000-04-17,10.292,10.292,10.292,10.292,0.2
2000-04-18,10.315,10.315,10.315,10.315,0.22
2000-04-19,10.315,10.315,10.315,10.315,0.0
2000-04-20,10.314,10.314,10.314,10.314,-0.01
2000-04-22,10.313,10.313,10.313,10.313,-0.01
2000-04-24,10.336,10.336,10.336,10.336,0.22
2000-04-25,10.346,10.346,10.346,10.346,0.1
2000-04-26,10.343,10.343,10.343,10.343,-0.03
2000-04-27,10.344,10.344,10.344,10.344,0.01
2000-04-28,10.342,10.342,10.342,10.342,-0.02
2000-04-29,10.364,10.364,10.364,10.364,0.21
2000-05-02,10.41,10.41,10.41,10.41,0.44
2000-05-03,10.436,10.436,10.436,10.436,0.25
2000-05-04,10.494,10.494,10.494,10.494,0.56
2000-05-05,10.432,10.432,10.432,10.432,-0.59
2000-05-06,10.408,10.408,10.408,10.408,-0.23
2000-05-08,10.505,10.505,10.505,10.505,0.93
2000-05-09,10.514,10.514,10.514,10.514,0.09
2000-05-10,10.535,10.535,10.535,10.535,0.2
2000-05-11,10.527,10.527,10.527,10.527,-0.08
2000-05-12,10.52,10.52,10.52,10.52,-0.07
2000-05-13,10.519,10.519,10.519,10.519,-0.01
2000-05-15,10.524,10.524,10.524,10.524,0.05
2000-05-16,10.527,10.527,10.527,10.527,0.03
2000-05-17,10.526,10.526,10.526,10.526,-0.01
2000-05-19,10.541,10.541,10.541,10.541,0.14
2000-05-20,10.541,10.541,10.541,10.541,0.0
2000-05-22,10.556,10.556,10.556,10.556,0.14
2000-05-23,10.571,10.571,10.571,10.571,0.14
2000-05-24,10.686,10.686,10.686,10.686,1.09
2000-05-25,10.778,10.778,10.778,10.778,0.86
2000-05-26,10.895,10.895,10.895,10.895,1.09
2000-05-27,10.898,10.898,10.898,10.898,0.03
2000-05-29,10.864,10.864,10.864,10.864,-0.31
2000-05-30,10.879,10.879,10.879,10.879,0.14
2000-05-31,10.827,10.827,10.827,10.827,-0.48
2000-06-01,10.793,10.793,10.793,10.793,-0.31
2000-06-02,10.801,10.801,10.801,10.801,0.07
2000-06-03,10.839,10.839,10.839,10.839,0.35
2000-06-05,10.839,10.839,10.839,10.839,0.0
2000-06-06,10.871,10.871,10.871,10.871,0.3
2000-06-07,11.012,11.012,11.012,11.012,1.3
2000-06-08,11.052,11.052,11.052,11.052,0.36
2000-06-09,11.124,11.124,11.124,11.124,0.65
2000-06-10,11.108,11.108,11.108,11.108,-0.14
2000-06-12,11.092,11.092,11.092,11.092,-0.14
2000-06-13,11.124,11.124,11.124,11.124,0.29
2000-06-14,11.14,11.14,11.14,11.14,0.14
2000-06-16,11.148,11.148,11.148,11.148,0.07
2000-06-17,11.107,11.107,11.107,11.107,-0.37
2000-06-19,11.107,11.107,11.107,11.107,0.0
2000-06-20,11.091,11.091,11.091,11.091,-0.14
2000-06-21,11.075,11.075,11.075,11.075,-0.14
2000-06-22,11.056,11.056,11.056,11.056,-0.17
2000-06-23,11.064,11.064,11.064,11.064,0.07
2000-06-24,11.064,11.064,11.064,11.064,0.0
2000-06-26,11.067,11.067,11.067,11.067,0.03
2000-06-27,11.075,11.075,11.075,11.075,0.07
2000-06-28,11.067,11.067,11.067,11.067,-0.07
2000-06-29,11.059,11.059,11.059,11.059,-0.07
2000-06-30,11.059,11.059,11.059,11.059,0.0
2000-07-01,11.046,11.046,11.046,11.046,-0.12
2000-07-03,11.043,11.043,11.043,11.043,-0.03
2000-07-04,10.971,10.971,10.971,10.971,-0.65
2000-07-05,10.962,10.962,10.962,10.962,-0.08
2000-07-06,10.978,10.978,10.978,10.978,0.15
2000-07-07,10.978,10.978,10.978,10.978,0.0
2000-07-08,10.977,10.977,10.977,10.977,-0.01
2000-07-10,10.961,10.961,10.961,10.961,-0.15
2000-07-11,10.96,10.96,10.96,10.96,-0.01
2000-07-12,10.968,10.968,10.968,10.968,0.07
2000-07-14,10.944,10.944,10.944,10.944,-0.22
2000-07-15,10.943,10.943,10.943,10.943,-0.01
2000-07-17,10.927,10.927,10.927,10.927,-0.15
2000-07-18,10.887,10.887,10.887,10.887,-0.37
2000-07-19,10.902,10.902,10.902,10.902,0.14
2000-07-20,10.918,10.918,10.918,10.918,0.15
2000-07-21,11.477,11.477,11.477,11.477,5.12
2000-07-22,11.377,11.377,11.377,11.377,-0.87
2000-07-24,11.501,11.501,11.501,11.501,1.09
2000-07-25,11.41,11.41,11.41,11.41,-0.79
2000-07-26,11.303,11.303,11.303,11.303,-0.94
2000-07-27,11.294,11.294,11.294,11.294,-0.08
2000-07-28,11.31,11.31,11.31,11.31,0.14
2000-07-29,11.304,11.304,11.304,11.304,-0.05
2000-07-31,11.354,11.354,11.354,11.354,0.44
2000-08-01,11.359,11.359,11.359,11.359,0.04
2000-08-02,11.367,11.367,11.367,11.367,0.07
2000-08-03,11.375,11.375,11.375,11.375,0.07
2000-08-04,11.441,11.441,11.441,11.441,0.58
2000-08-05,11.465,11.465,11.465,11.465,0.21
2000-08-07,11.498,11.498,11.498,11.498,0.29
2000-08-08,11.506,11.506,11.506,11.506,0.07
2000-08-09,11.49,11.49,11.49,11.49,-0.14
2000-08-10,11.548,11.548,11.548,11.548,0.5
2000-08-11,11.548,11.548,11.548,11.548,0.0
2000-08-12,11.572,11.572,11.572,11.572,0.21
2000-08-14,11.406,11.406,11.406,11.406,-1.43
2000-08-16,11.438,11.438,11.438,11.438,0.28
2000-08-17,11.48,11.48,11.48,11.48,0.37
2000-08-18,11.496,11.496,11.496,11.496,0.14
2000-08-19,11.454,11.454,11.454,11.454,-0.37
2000-08-22,11.504,11.504,11.504,11.504,0.44
2000-08-23,11.52,11.52,11.52,11.52,0.14
2000-08-24,11.503,11.503,11.503,11.503,-0.15
2000-08-25,11.478,11.478,11.478,11.478,-0.22
2000-08-26,11.478,11.478,11.478,11.478,0.0
2000-08-28,11.469,11.469,11.469,11.469,-0.08
2000-08-29,11.461,11.461,11.461,11.461,-0.07
2000-08-30,11.494,11.494,11.494,11.494,0.29
2000-08-31,11.505,11.505,11.505,11.505,0.1
2000-09-02,11.493,11.493,11.493,11.493,-0.1
2000-09-04,11.468,11.468,11.468,11.468,-0.22
2000-09-05,11.501,11.501,11.501,11.501,0.29
2000-09-06,11.521,11.521,11.521,11.521,0.17
2000-09-07,11.493,11.493,11.493,11.493,-0.24
2000-09-08,11.493,11.493,11.493,11.493,0.0
2000-09-09,11.497,11.497,11.497,11.497,0.03
2000-09-11,11.484,11.484,11.484,11.484,-0.11
2000-09-12,11.464,11.464,11.464,11.464,-0.17
2000-09-13,11.484,11.484,11.484,11.484,0.17
2000-09-14,11.5,11.5,11.5,11.5,0.14
2000-09-15,11.567,11.567,11.567,11.567,0.58
2000-09-16,11.592,11.592,11.592,11.592,0.22
2000-09-18,11.643,11.643,11.643,11.643,0.44
2000-09-19,11.677,11.677,11.677,11.677,0.29
2000-09-20,11.643,11.643,11.643,11.643,-0.29
2000-09-21,11.55,11.55,11.55,11.55,-0.8
2000-09-22,11.507,11.507,11.507,11.507,-0.37
2000-09-23,11.507,11.507,11.507,11.507,0.0
2000-09-25,11.507,11.507,11.507,11.507,0.0
2000-09-26,11.507,11.507,11.507,11.507,0.0
2000-09-27,11.549,11.549,11.549,11.549,0.36
2000-09-28,11.54,11.54,11.54,11.54,-0.08
2000-09-29,11.54,11.54,11.54,11.54,0.0
2000-10-03,11.548,11.548,11.548,11.548,0.07
2000-10-04,11.565,11.565,11.565,11.565,0.15
2000-10-05,11.641,11.641,11.641,11.641,0.66
2000-10-06,11.599,11.599,11.599,11.599,-0.36
2000-10-09,11.59,11.59,11.59,11.59,-0.08
2000-10-10,11.607,11.607,11.607,11.607,0.15
2000-10-11,11.675,11.675,11.675,11.675,0.59
2000-10-12,11.649,11.649,11.649,11.649,-0.22
2000-10-13,11.717,11.717,11.717,11.717,0.58
2000-10-14,11.7,11.7,11.7,11.7,-0.15
2000-10-16,11.681,11.681,11.681,11.681,-0.16
2000-10-17,11.662,11.662,11.662,11.662,-0.16
2000-10-18,11.666,11.666,11.666,11.666,0.03
2000-10-19,11.664,11.664,11.664,11.664,-0.02
2000-10-20,11.652,11.652,11.652,11.652,-0.1
2000-10-21,11.648,11.648,11.648,11.648,-0.03
2000-10-23,11.647,11.647,11.647,11.647,-0.01
2000-10-24,11.631,11.631,11.631,11.631,-0.14
2000-10-25,11.611,11.611,11.611,11.611,-0.17
2000-10-27,11.623,11.623,11.623,11.623,0.1
2000-10-30,11.604,11.604,11.604,11.604,-0.16
2000-10-31,11.6,11.6,11.6,11.6,-0.03
2000-11-01,11.588,11.588,11.588,11.588,-0.1
2000-11-02,11.537,11.537,11.537,11.537,-0.44
2000-11-03,11.428,11.428,11.428,11.428,-0.94
2000-11-04,11.419,11.419,11.419,11.419,-0.08
2000-11-06,11.37,11.37,11.37,11.37,-0.43
2000-11-07,11.282,11.282,11.282,11.282,-0.77
2000-11-08,11.26,11.26,11.26,11.26,-0.19
2000-11-09,11.269,11.269,11.269,11.269,0.08
2000-11-10,11.262,11.262,11.262,11.262,-0.06
2000-11-13,11.262,11.262,11.262,11.262,0.0
2000-11-14,11.263,11.263,11.263,11.263,0.01
2000-11-15,11.251,11.251,11.251,11.251,-0.11
2000-11-16,11.233,11.233,11.233,11.233,-0.16
2000-11-17,11.271,11.271,11.271,11.271,0.34
2000-11-18,11.27,11.27,11.27,11.27,-0.01
2000-11-20,11.29,11.29,11.29,11.29,0.18
2000-11-21,11.297,11.297,11.297,11.297,0.06
2000-11-22,11.311,11.311,11.311,11.311,0.12
2000-11-23,11.335,11.335,11.335,11.335,0.21
2000-11-24,11.354,11.354,11.354,11.354,0.17
2000-11-25,11.363,11.363,11.363,11.363,0.08
2000-11-27,11.389,11.389,11.389,11.389,0.23
2000-11-28,11.375,11.375,11.375,11.375,-0.12
2000-11-29,11.363,11.363,11.363,11.363,-0.11
2000-11-30,11.348,11.348,11.348,11.348,-0.13
2000-12-01,11.329,11.329,11.329,11.329,-0.17
2000-12-02,11.332,11.332,11.332,11.332,0.03
2000-12-04,11.334,11.334,11.334,11.334,0.02
2000-12-05,11.324,11.324,11.324,11.324,-0.09
2000-12-06,11.27,11.27,11.27,11.27,-0.48
2000-12-07,11.215,11.215,11.215,11.215,-0.49
2000-12-08,11.183,11.183,11.183,11.183,-0.29
2000-12-09,11.094,11.094,11.094,11.094,-0.8
2000-12-11,11.098,11.098,11.098,11.098,0.04
2000-12-12,11.098,11.098,11.098,11.098,0.0
2000-12-13,11.103,11.103,11.103,11.103,0.05
2000-12-14,11.096,11.096,11.096,11.096,-0.06
2000-12-15,11.077,11.077,11.077,11.077,-0.17
2000-12-16,11.062,11.062,11.062,11.062,-0.14
2000-12-18,10.971,10.971,10.971,10.971,-0.82
2000-12-19,10.932,10.932,10.932,10.932,-0.36
2000-12-20,10.954,10.954,10.954,10.954,0.2
2000-12-21,10.998,10.998,10.998,10.998,0.4
2000-12-22,10.971,10.971,10.971,10.971,-0.25
2000-12-23,10.966,10.966,10.966,10.966,-0.05
2000-12-26,10.98,10.98,10.98,10.98,0.13
2000-12-27,10.92,10.92,10.92,10.92,-0.55
2000-12-29,10.894,10.894,10.894,10.894,-0.24
2000-12-30,10.884,10.884,10.884,10.884,-0.09
2001-01-01,10.803,10.803,10.803,10.803,-0.74
2001-01-02,10.818,10.818,10.818,10.818,0.14
2001-01-03,10.795,10.795,10.795,10.795,-0.21
2001-01-04,10.687,10.687,10.687,10.687,-1.0
2001-01-05,10.674,10.674,10.674,10.674,-0.12
2001-01-06,10.682,10.682,10.682,10.682,0.07
2001-01-08,10.662,10.662,10.662,10.662,-0.19
2001-01-09,10.68,10.68,10.68,10.68,0.17
2001-01-10,10.695,10.695,10.695,10.695,0.14
2001-01-11,10.699,10.699,10.699,10.699,0.04
2001-01-12,10.652,10.652,10.652,10.652,-0.44
2001-01-13,10.633,10.633,10.633,10.633,-0.18
2001-01-15,10.616,10.616,10.616,10.616,-0.16
2001-01-16,10.629,10.629,10.629,10.629,0.12
2001-01-17,10.614,10.614,10.614,10.614,-0.14
2001-01-18,10.565,10.565,10.565,10.565,-0.46
2001-01-19,10.531,10.531,10.531,10.531,-0.32
2001-01-20,10.482,10.482,10.482,10.482,-0.47
2001-01-22,10.457,10.457,10.457,10.457,-0.24
2001-01-23,10.425,10.425,10.425,10.425,-0.31
2001-01-24,10.421,10.421,10.421,10.421,-0.04
2001-01-25,10.473,10.473,10.473,10.473,0.5
2001-01-27,10.441,10.441,10.441,10.441,-0.31
2001-01-29,10.53,10.53,10.53,10.53,0.85
2001-01-30,10.481,10.481,10.481,10.481,-0.47
2001-01-31,10.424,10.424,10.424,10.424,-0.54
2001-02-01,10.464,10.464,10.464,10.464,0.38
2001-02-02,10.464,10.464,10.464,10.464,0.0
2001-02-03,10.457,10.457,10.457,10.457,-0.07
2001-02-05,10.569,10.569,10.569,10.569,1.07
2001-02-06,10.511,10.511,10.511,10.511,-0.55
2001-02-07,10.434,10.434,10.434,10.434,-0.73
2001-02-08,10.336,10.336,10.336,10.336,-0.94
2001-02-09,10.298,10.298,10.298,10.298,-0.37
2001-02-10,10.312,10.312,10.312,10.312,0.14
2001-02-12,10.312,10.312,10.312,10.312,0.0
2001-02-13,10.321,10.321,10.321,10.321,0.09
2001-02-14,10.349,10.349,10.349,10.349,0.27
2001-02-15,10.501,10.501,10.501,10.501,1.47
2001-02-16,10.326,10.326,10.326,10.326,-1.67
2001-02-17,10.272,10.272,10.272,10.272,-0.52
2001-02-20,10.268,10.268,10.268,10.268,-0.04
2001-02-22,10.282,10.282,10.282,10.282,0.14
2001-02-23,10.303,10.303,10.303,10.303,0.2
2001-02-24,10.316,10.316,10.316,10.316,0.13
2001-02-26,10.311,10.311,10.311,10.311,-0.05
2001-02-27,10.26,10.26,10.26,10.26,-0.49
2001-02-28,10.078,10.078,10.078,10.078,-1.77
2001-03-01,9.994,9.994,9.994,9.994,-0.83
2001-03-02,10.06,10.06,10.06,10.06,0.66
2001-03-03,10.126,10.126,10.126,10.126,0.66
2001-03-05,10.309,10.309,10.309,10.309,1.81
2001-03-07,10.133,10.133,10.133,10.133,-1.71
2001-03-08,10.155,10.155,10.155,10.155,0.22
2001-03-09,10.192,10.192,10.192,10.192,0.36
2001-03-12,10.199,10.199,10.199,10.199,0.07
2001-03-13,10.349,10.349,10.349,10.349,1.47
2001-03-14,10.417,10.417,10.417,10.417,0.66
2001-03-15,10.423,10.423,10.423,10.423,0.06
2001-03-16,10.44,10.44,10.44,10.44,0.16
2001-03-17,10.424,10.424,10.424,10.424,-0.15
2001-03-19,10.439,10.439,10.439,10.439,0.14
2001-03-20,10.416,10.416,10.416,10.416,-0.22
2001-03-21,10.416,10.416,10.416,10.416,0.0
2001-03-22,10.439,10.439,10.439,10.439,0.22
2001-03-23,10.386,10.386,10.386,10.386,-0.51
2001-03-24,10.408,10.408,10.408,10.408,0.21
2001-03-27,10.408,10.408,10.408,10.408,0.0
2001-03-28,10.506,10.506,10.506,10.506,0.94
2001-03-29,10.491,10.491,10.491,10.491,-0.14
2001-03-30,10.37,10.37,10.37,10.37,-1.15
2001-03-31,10.333,10.333,10.333,10.333,-0.36
2001-04-03,10.408,10.408,10.408,10.408,0.73
2001-04-04,10.438,10.438,10.438,10.438,0.29
2001-04-07,10.415,10.415,10.415,10.415,-0.22
2001-04-09,10.421,10.421,10.421,10.421,0.06
2001-04-10,10.317,10.317,10.317,10.317,-1.0
2001-04-11,10.347,10.347,10.347,10.347,0.29
2001-04-12,10.359,10.359,10.359,10.359,0.12
2001-04-16,10.384,10.384,10.384,10.384,0.24
2001-04-17,10.369,10.369,10.369,10.369,-0.14
2001-04-18,10.331,10.331,10.331,10.331,-0.37
2001-04-19,10.331,10.331,10.331,10.331,0.0
2001-04-20,10.316,10.316,10.316,10.316,-0.15
2001-04-21,10.293,10.293,10.293,10.293,-0.22
2001-04-23,10.271,10.271,10.271,10.271,-0.21
2001-04-24,10.212,10.212,10.212,10.212,-0.57
2001-04-25,10.208,10.208,10.208,10.208,-0.04
2001-04-26,10.16,10.16,10.16,10.16,-0.47
2001-04-27,10.1,10.1,10.1,10.1,-0.59
2001-04-28,10.13,10.13,10.13,10.13,0.3
2001-04-30,10.125,10.125,10.125,10.125,-0.05
2001-05-02,10.115,10.115,10.115,10.115,-0.1
2001-05-03,10.103,10.103,10.103,10.103,-0.12
2001-05-04,10.076,10.076,10.076,10.076,-0.27
2001-05-05,10.085,10.085,10.085,10.085,0.09
2001-05-08,10.107,10.107,10.107,10.107,0.22
2001-05-09,10.096,10.096,10.096,10.096,-0.11
2001-05-10,10.064,10.064,10.064,10.064,-0.32
2001-05-11,10.033,10.033,10.033,10.033,-0.31
2001-05-12,10.044,10.044,10.044,10.044,0.11
2001-05-14,10.047,10.047,10.047,10.047,0.03
2001-05-15,10.031,10.031,10.031,10.031,-0.16
2001-05-16,9.98,9.98,9.98,9.98,-0.51
2001-05-17,9.945,9.945,9.945,9.945,-0.35
2001-05-18,9.955,9.955,9.955,9.955,0.1
2001-05-19,9.957,9.957,9.957,9.957,0.02
2001-05-21,9.966,9.966,9.966,9.966,0.09
2001-05-22,9.976,9.976,9.976,9.976,0.1
2001-05-23,9.967,9.967,9.967,9.967,-0.09
2001-05-24,9.947,9.947,9.947,9.947,-0.2
2001-05-25,9.917,9.917,9.917,9.917,-0.3
2001-05-26,9.877,9.877,9.877,9.877,-0.4
2001-05-28,9.812,9.812,9.812,9.812,-0.66
2001-05-29,9.812,9.812,9.812,9.812,0.0
2001-05-30,9.786,9.786,9.786,9.786,-0.26
2001-05-31,9.762,9.762,9.762,9.762,-0.25
2001-06-01,9.804,9.804,9.804,9.804,0.43
2001-06-02,9.853,9.853,9.853,9.853,0.5
2001-06-04,9.929,9.929,9.929,9.929,0.77
2001-06-05,9.931,9.931,9.931,9.931,0.02
2001-06-06,9.885,9.885,9.885,9.885,-0.46
2001-06-07,9.918,9.918,9.918,9.918,0.33
2001-06-08,9.89,9.89,9.89,9.89,-0.28
2001-06-09,9.822,9.822,9.822,9.822,-0.69
2001-06-11,9.819,9.819,9.819,9.819,-0.03
2001-06-12,9.822,9.822,9.822,9.822,0.03
2001-06-13,9.76,9.76,9.76,9.76,-0.63
2001-06-14,9.758,9.758,9.758,9.758,-0.02
2001-06-15,9.75,9.75,9.75,9.75,-0.08
2001-06-16,9.751,9.751,9.751,9.751,0.01
2001-06-18,9.722,9.722,9.722,9.722,-0.3
2001-06-19,9.669,9.669,9.669,9.669,-0.55
2001-06-20,9.638,9.638,9.638,9.638,-0.32
2001-06-21,9.624,9.624,9.624,9.624,-0.15
2001-06-22,9.632,9.632,9.632,9.632,0.08
2001-06-23,9.613,9.613,9.613,9.613,-0.2
2001-06-25,9.574,9.574,9.574,9.574,-0.41
2001-06-26,9.509,9.509,9.509,9.509,-0.68
2001-06-27,9.525,9.525,9.525,9.525,0.17
2001-06-28,9.512,9.512,9.512,9.512,-0.14
2001-06-29,9.522,9.522,9.522,9.522,0.11
2001-06-30,9.501,9.501,9.501,9.501,-0.22
2001-07-02,9.543,9.543,9.543,9.543,0.44
2001-07-03,9.557,9.557,9.557,9.557,0.15
2001-07-04,9.503,9.503,9.503,9.503,-0.57
2001-07-05,9.438,9.438,9.438,9.438,-0.68
2001-07-06,9.407,9.407,9.407,9.407,-0.33
2001-07-07,9.393,9.393,9.393,9.393,-0.15
2001-07-09,9.385,9.385,9.385,9.385,-0.09
2001-07-10,9.329,9.329,9.329,9.329,-0.6
2001-07-11,9.258,9.258,9.258,9.258,-0.76
2001-07-12,9.455,9.455,9.455,9.455,2.13
2001-07-13,9.483,9.483,9.483,9.483,0.3
2001-07-14,9.395,9.395,9.395,9.395,-0.93
2001-07-16,9.44,9.44,9.44,9.44,0.48
2001-07-17,9.447,9.447,9.447,9.447,0.07
2001-07-18,9.42,9.42,9.42,9.42,-0.29
2001-07-19,9.372,9.372,9.372,9.372,-0.51
2001-07-20,9.343,9.343,9.343,9.343,-0.31
2001-07-21,9.338,9.338,9.338,9.338,-0.05
2001-07-23,9.345,9.345,9.345,9.345,0.07
2001-07-24,9.317,9.317,9.317,9.317,-0.3
2001-07-25,9.353,9.353,9.353,9.353,0.39
2001-07-26,9.331,9.331,9.331,9.331,-0.24
2001-07-27,9.338,9.338,9.338,9.338,0.08
2001-07-28,9.331,9.331,9.331,9.331,-0.07
2001-07-30,9.331,9.331,9.331,9.331,0.0
2001-07-31,9.363,9.363,9.363,9.363,0.34
2001-08-01,9.358,9.358,9.358,9.358,-0.05
2001-08-02,9.356,9.356,9.356,9.356,-0.02
2001-08-03,9.348,9.348,9.348,9.348,-0.09
2001-08-04,9.328,9.328,9.328,9.328,-0.21
2001-08-06,9.304,9.304,9.304,9.304,-0.26
2001-08-07,9.315,9.315,9.315,9.315,0.12
2001-08-08,9.33,9.33,9.33,9.33,0.16
2001-08-09,9.309,9.309,9.309,9.309,-0.23
2001-08-10,9.267,9.267,9.267,9.267,-0.45
2001-08-11,9.242,9.242,9.242,9.242,-0.27
2001-08-13,9.246,9.246,9.246,9.246,0.04
2001-08-14,9.251,9.251,9.251,9.251,0.05
2001-08-16,9.251,9.251,9.251,9.251,0.0
2001-08-17,9.222,9.222,9.222,9.222,-0.31
2001-08-18,9.198,9.198,9.198,9.198,-0.26
2001-08-20,9.189,9.189,9.189,9.189,-0.1
2001-08-23,9.159,9.159,9.159,9.159,-0.33
2001-08-24,9.087,9.087,9.087,9.087,-0.79
2001-08-25,9.064,9.064,9.064,9.064,-0.25
2001-08-27,9.078,9.078,9.078,9.078,0.15
2001-08-28,9.07,9.07,9.07,9.07,-0.09
2001-08-29,9.102,9.102,9.102,9.102,0.35
2001-08-30,9.102,9.102,9.102,9.102,0.0
2001-08-31,9.114,9.114,9.114,9.114,0.13
2001-09-01,9.145,9.145,9.145,9.145,0.34
2001-09-03,9.12,9.12,9.12,9.12,-0.27
2001-09-04,9.098,9.098,9.098,9.098,-0.24
2001-09-05,9.13,9.13,9.13,9.13,0.35
2001-09-06,9.136,9.136,9.136,9.136,0.07
2001-09-07,9.175,9.175,9.175,9.175,0.43
2001-09-08,9.165,9.165,9.165,9.165,-0.11
2001-09-10,9.181,9.181,9.181,9.181,0.17
2001-09-11,9.128,9.128,9.128,9.128,-0.58
2001-09-12,9.179,9.179,9.179,9.179,0.56
2001-09-13,9.246,9.246,9.246,9.246,0.73
2001-09-14,9.464,9.464,9.464,9.464,2.36
2001-09-15,9.825,9.825,9.825,9.825,3.81
2001-09-17,9.628,9.628,9.628,9.628,-2.01
2001-09-18,9.442,9.442,9.442,9.442,-1.93
2001-09-19,9.377,9.377,9.377,9.377,-0.69
2001-09-20,9.519,9.519,9.519,9.519,1.51
2001-09-21,9.714,9.714,9.714,9.714,2.05
2001-09-22,9.468,9.468,9.468,9.468,-2.53
2001-09-24,9.341,9.341,9.341,9.341,-1.34
2001-09-25,9.316,9.316,9.316,9.316,-0.27
2001-09-26,9.302,9.302,9.302,9.302,-0.15
2001-09-27,9.22,9.22,9.22,9.22,-0.88
2001-09-28,9.116,9.116,9.116,9.116,-1.13
2001-09-29,9.122,9.122,9.122,9.122,0.07
2001-10-01,9.204,9.204,9.204,9.204,0.9
2001-10-03,9.114,9.114,9.114,9.114,-0.98
2001-10-04,9.082,9.082,9.082,9.082,-0.35
2001-10-05,9.113,9.113,9.113,9.113,0.34
2001-10-06,9.117,9.117,9.117,9.117,0.04
2001-10-08,9.174,9.174,9.174,9.174,0.63
2001-10-09,9.112,9.112,9.112,9.112,-0.68
2001-10-10,9.119,9.119,9.119,9.119,0.08
2001-10-11,9.109,9.109,9.109,9.109,-0.11
2001-10-12,9.139,9.139,9.139,9.139,0.33
2001-10-13,9.128,9.128,9.128,9.128,-0.12
2001-10-15,9.151,9.151,9.151,9.151,0.25
2001-10-16,9.124,9.124,9.124,9.124,-0.3
2001-10-17,9.11,9.11,9.11,9.11,-0.15
2001-10-18,9.123,9.123,9.123,9.123,0.14
2001-10-19,9.119,9.119,9.119,9.119,-0.04
2001-10-20,9.117,9.117,9.117,9.117,-0.02
2001-10-22,8.956,8.956,8.956,8.956,-1.77
2001-10-23,8.887,8.887,8.887,8.887,-0.77
2001-10-24,8.901,8.901,8.901,8.901,0.16
2001-10-25,8.904,8.904,8.904,8.904,0.03
2001-10-27,8.883,8.883,8.883,8.883,-0.24
2001-10-29,8.87,8.87,8.87,8.87,-0.15
2001-10-30,8.837,8.837,8.837,8.837,-0.37
2001-10-31,8.8,8.8,8.8,8.8,-0.42
2001-11-01,8.83,8.83,8.83,8.83,0.34
2001-11-02,8.769,8.769,8.769,8.769,-0.69
2001-11-03,8.761,8.761,8.761,8.761,-0.09
2001-11-05,8.795,8.795,8.795,8.795,0.39
2001-11-06,8.756,8.756,8.756,8.756,-0.44
2001-11-07,8.721,8.721,8.721,8.721,-0.4
2001-11-08,8.735,8.735,8.735,8.735,0.16
2001-11-09,8.705,8.705,8.705,8.705,-0.34
2001-11-10,8.673,8.673,8.673,8.673,-0.37
2001-11-12,8.624,8.624,8.624,8.624,-0.56
2001-11-13,8.637,8.637,8.637,8.637,0.15
2001-11-15,8.636,8.636,8.636,8.636,-0.01
2001-11-17,8.547,8.547,8.547,8.547,-1.03
2001-11-19,8.454,8.454,8.454,8.454,-1.09
2001-11-20,8.368,8.368,8.368,8.368,-1.02
2001-11-21,8.315,8.315,8.315,8.315,-0.63
2001-11-22,8.191,8.191,8.191,8.191,-1.49
2001-11-23,8.159,8.159,8.159,8.159,-0.39
2001-11-24,8.138,8.138,8.138,8.138,-0.26
2001-11-26,8.112,8.112,8.112,8.112,-0.32
2001-11-27,7.996,7.996,7.996,7.996,-1.43
2001-11-28,7.881,7.881,7.881,7.881,-1.44
2001-11-29,7.88,7.88,7.88,7.88,-0.01
2001-12-01,7.877,7.877,7.877,7.877,-0.04
2001-12-03,7.88,7.88,7.88,7.88,0.04
2001-12-04,7.775,7.775,7.775,7.775,-1.33
2001-12-05,7.791,7.791,7.791,7.791,0.21
2001-12-06,7.794,7.794,7.794,7.794,0.04
2001-12-07,8.157,8.157,8.157,8.157,4.66
2001-12-08,8.084,8.084,8.084,8.084,-0.89
2001-12-10,8.071,8.071,8.071,8.071,-0.16
2001-12-11,8.248,8.248,8.248,8.248,2.19
2001-12-12,8.006,8.006,8.006,8.006,-2.93
2001-12-13,8.018,8.018,8.018,8.018,0.15
2001-12-14,7.938,7.938,7.938,7.938,-1.0
2001-12-15,7.989,7.989,7.989,7.989,0.64
2001-12-18,8.073,8.073,8.073,8.073,1.05
2001-12-19,8.008,8.008,8.008,8.008,-0.81
2001-12-20,8.011,8.011,8.011,8.011,0.04
2001-12-21,8.058,8.058,8.058,8.058,0.59
2001-12-22,8.195,8.195,8.195,8.195,1.7
2001-12-24,8.199,8.199,8.199,8.199,0.05
2001-12-26,8.342,8.342,8.342,8.342,1.74
2001-12-27,8.266,8.266,8.266,8.266,-0.91
2001-12-28,8.203,8.203,8.203,8.203,-0.76
2001-12-29,8.048,8.048,8.048,8.048,-1.89
2001-12-31,7.939,7.939,7.939,7.939,-1.35
2002-01-01,7.911,7.911,7.911,7.911,-0.35
2002-01-02,7.89,7.89,7.89,7.89,-0.27
2002-01-03,7.906,7.906,7.906,7.906,0.2
2002-01-04,7.912,7.912,7.912,7.912,0.08
2002-01-05,7.907,7.907,7.907,7.907,-0.06
2002-01-07,7.907,7.907,7.907,7.907,0.0
2002-01-08,7.894,7.894,7.894,7.894,-0.16
2002-01-09,7.91,7.91,7.91,7.91,0.2
2002-01-10,7.908,7.908,7.908,7.908,-0.03
2002-01-11,7.956,7.956,7.956,7.956,0.61
2002-01-12,7.954,7.954,7.954,7.954,-0.03
2002-01-14,7.908,7.908,7.908,7.908,-0.58
2002-01-15,7.909,7.909,7.909,7.909,0.01
2002-01-16,7.889,7.889,7.889,7.889,-0.25
2002-01-17,7.895,7.895,7.895,7.895,0.08
2002-01-18,7.847,7.847,7.847,7.847,-0.61
2002-01-19,7.811,7.811,7.811,7.811,-0.46
2002-01-21,7.788,7.788,7.788,7.788,-0.29
2002-01-22,7.763,7.763,7.763,7.763,-0.32
2002-01-23,7.771,7.771,7.771,7.771,0.1
2002-01-24,7.774,7.774,7.774,7.774,0.04
2002-01-25,7.769,7.769,7.769,7.769,-0.06
2002-01-28,7.733,7.733,7.733,7.733,-0.46
2002-01-29,7.702,7.702,7.702,7.702,-0.4
2002-01-30,7.673,7.673,7.673,7.673,-0.38
2002-01-31,7.669,7.669,7.669,7.669,-0.05
2002-02-01,7.652,7.652,7.652,7.652,-0.22
2002-02-02,7.634,7.634,7.634,7.634,-0.24
2002-02-04,7.57,7.57,7.57,7.57,-0.84
2002-02-05,7.579,7.579,7.579,7.579,0.12
2002-02-06,7.564,7.564,7.564,7.564,-0.2
2002-02-07,7.461,7.461,7.461,7.461,-1.36
2002-02-08,7.388,7.388,7.388,7.388,-0.98
2002-02-09,7.307,7.307,7.307,7.307,-1.1
2002-02-11,7.313,7.313,7.313,7.313,0.08
2002-02-12,7.27,7.27,7.27,7.27,-0.59
2002-02-13,7.214,7.214,7.214,7.214,-0.77
2002-02-14,7.212,7.212,7.212,7.212,-0.03
2002-02-15,7.269,7.269,7.269,7.269,0.79
2002-02-16,7.238,7.238,7.238,7.238,-0.43
2002-02-18,7.22,7.22,7.22,7.22,-0.25
2002-02-19,7.236,7.236,7.236,7.236,0.22
2002-02-20,7.313,7.313,7.313,7.313,1.06
2002-02-21,7.437,7.437,7.437,7.437,1.7
2002-02-22,7.383,7.383,7.383,7.383,-0.73
2002-02-25,7.465,7.465,7.465,7.465,1.11
2002-02-26,7.242,7.242,7.242,7.242,-2.99
2002-02-27,7.297,7.297,7.297,7.297,0.76
2002-02-28,7.627,7.627,7.627,7.627,4.52
2002-03-01,7.589,7.589,7.589,7.589,-0.5
2002-03-02,7.448,7.448,7.448,7.448,-1.86
2002-03-04,7.31,7.31,7.31,7.31,-1.85
2002-03-05,7.351,7.351,7.351,7.351,0.56
2002-03-06,7.483,7.483,7.483,7.483,1.8
2002-03-07,7.525,7.525,7.525,7.525,0.56
2002-03-08,7.621,7.621,7.621,7.621,1.28
2002-03-09,7.579,7.579,7.579,7.579,-0.55
2002-03-11,7.565,7.565,7.565,7.565,-0.18
2002-03-12,7.558,7.558,7.558,7.558,-0.09
2002-03-13,7.618,7.618,7.618,7.618,0.79
2002-03-14,7.612,7.612,7.612,7.612,-0.08
2002-03-15,7.399,7.399,7.399,7.399,-2.8
2002-03-16,7.404,7.404,7.404,7.404,0.07
2002-03-18,7.488,7.488,7.488,7.488,1.13
2002-03-19,7.475,7.475,7.475,7.475,-0.17
2002-03-20,7.493,7.493,7.493,7.493,0.24
2002-03-21,7.462,7.462,7.462,7.462,-0.41
2002-03-22,7.462,7.462,7.462,7.462,0.0
2002-03-23,7.45,7.45,7.45,7.45,-0.16
2002-03-26,7.453,7.453,7.453,7.453,0.04
2002-03-27,7.459,7.459,7.459,7.459,0.08
2002-03-28,7.428,7.428,7.428,7.428,-0.42
2002-03-30,7.359,7.359,7.359,7.359,-0.93
2002-04-01,7.241,7.241,7.241,7.241,-1.6
2002-04-02,7.243,7.243,7.243,7.243,0.03
2002-04-03,7.21,7.21,7.21,7.21,-0.46
2002-04-04,7.143,7.143,7.143,7.143,-0.93
2002-04-05,7.161,7.161,7.161,7.161,0.25
2002-04-06,7.154,7.154,7.154,7.154,-0.1
2002-04-08,7.201,7.201,7.201,7.201,0.66
2002-04-09,7.254,7.254,7.254,7.254,0.74
2002-04-10,7.299,7.299,7.299,7.299,0.62
2002-04-11,7.256,7.256,7.256,7.256,-0.59
2002-04-12,7.266,7.266,7.266,7.266,0.14
2002-04-13,7.262,7.262,7.262,7.262,-0.06
2002-04-15,7.302,7.302,7.302,7.302,0.55
2002-04-16,7.279,7.279,7.279,7.279,-0.31
2002-04-17,7.299,7.299,7.299,7.299,0.27
2002-04-18,7.302,7.302,7.302,7.302,0.04
2002-04-19,7.335,7.335,7.335,7.335,0.45
2002-04-20,7.324,7.324,7.324,7.324,-0.15
2002-04-22,7.348,7.348,7.348,7.348,0.33
2002-04-23,7.305,7.305,7.305,7.305,-0.59
2002-04-24,7.289,7.289,7.289,7.289,-0.22
2002-04-26,7.294,7.294,7.294,7.294,0.07
2002-04-27,7.268,7.268,7.268,7.268,-0.36
2002-04-29,7.338,7.338,7.338,7.338,0.96
2002-04-30,7.41,7.41,7.41,7.41,0.98
2002-05-02,7.443,7.443,7.443,7.443,0.45
2002-05-03,7.541,7.541,7.541,7.541,1.32
2002-05-04,7.584,7.584,7.584,7.584,0.57
2002-05-06,7.467,7.467,7.467,7.467,-1.54
2002-05-07,7.436,7.436,7.436,7.436,-0.42
2002-05-08,7.515,7.515,7.515,7.515,1.06
2002-05-09,7.576,7.576,7.576,7.576,0.81
2002-05-10,7.718,7.718,7.718,7.718,1.87
2002-05-11,7.704,7.704,7.704,7.704,-0.18
2002-05-13,7.661,7.661,7.661,7.661,-0.56
2002-05-14,7.785,7.785,7.785,7.785,1.62
2002-05-15,7.841,7.841,7.841,7.841,0.72
2002-05-16,7.872,7.872,7.872,7.872,0.4
2002-05-17,7.999,7.999,7.999,7.999,1.61
2002-05-18,8.094,8.094,8.094,8.094,1.19
2002-05-20,8.166,8.166,8.166,8.166,0.89
2002-05-21,8.198,8.198,8.198,8.198,0.39
2002-05-22,8.035,8.035,8.035,8.035,-1.99
2002-05-23,7.926,7.926,7.926,7.926,-1.36
2002-05-24,7.78,7.78,7.78,7.78,-1.84
2002-05-27,7.848,7.848,7.848,7.848,0.87
2002-05-28,7.715,7.715,7.715,7.715,-1.69
2002-05-29,7.677,7.677,7.677,7.677,-0.49
2002-05-30,7.739,7.739,7.739,7.739,0.81
2002-05-31,7.723,7.723,7.723,7.723,-0.21
2002-06-01,7.738,7.738,7.738,7.738,0.19
2002-06-03,7.713,7.713,7.713,7.713,-0.32
2002-06-04,7.775,7.775,7.775,7.775,0.8
2002-06-05,7.691,7.691,7.691,7.691,-1.08
2002-06-06,7.705,7.705,7.705,7.705,0.18
2002-06-07,7.75,7.75,7.75,7.75,0.58
2002-06-08,7.716,7.716,7.716,7.716,-0.44
2002-06-10,7.646,7.646,7.646,7.646,-0.91
2002-06-11,7.59,7.59,7.59,7.59,-0.73
2002-06-12,7.617,7.617,7.617,7.617,0.36
2002-06-13,7.649,7.649,7.649,7.649,0.42
2002-06-14,7.639,7.639,7.639,7.639,-0.13
2002-06-15,7.627,7.627,7.627,7.627,-0.16
2002-06-17,7.669,7.669,7.669,7.669,0.55
2002-06-18,7.686,7.686,7.686,7.686,0.22
2002-06-19,7.644,7.644,7.644,7.644,-0.55
2002-06-20,7.624,7.624,7.624,7.624,-0.26
2002-06-21,7.651,7.651,7.651,7.651,0.35
2002-06-22,7.635,7.635,7.635,7.635,-0.21
2002-06-24,7.654,7.654,7.654,7.654,0.25
2002-06-25,7.647,7.647,7.647,7.647,-0.09
2002-06-26,7.599,7.599,7.599,7.599,-0.63
2002-06-27,7.412,7.412,7.412,7.412,-2.46
2002-06-28,7.485,7.485,7.485,7.485,0.98
2002-07-01,7.459,7.459,7.459,7.459,-0.35
2002-07-02,7.427,7.427,7.427,7.427,-0.43
2002-07-03,7.421,7.421,7.421,7.421,-0.08
2002-07-04,7.434,7.434,7.434,7.434,0.18
2002-07-05,7.422,7.422,7.422,7.422,-0.16
2002-07-06,7.401,7.401,7.401,7.401,-0.28
2002-07-08,7.337,7.337,7.337,7.337,-0.86
2002-07-09,7.34,7.34,7.34,7.34,0.04
2002-07-10,7.362,7.362,7.362,7.362,0.3
2002-07-11,7.343,7.343,7.343,7.343,-0.26
2002-07-12,7.39,7.39,7.39,7.39,0.64
2002-07-13,7.386,7.386,7.386,7.386,-0.05
2002-07-15,7.376,7.376,7.376,7.376,-0.14
2002-07-16,7.377,7.377,7.377,7.377,0.01
2002-07-17,7.354,7.354,7.354,7.354,-0.31
2002-07-18,7.331,7.331,7.331,7.331,-0.31
2002-07-19,7.33,7.33,7.33,7.33,-0.01
2002-07-20,7.332,7.332,7.332,7.332,0.03
2002-07-22,7.335,7.335,7.335,7.335,0.04
2002-07-23,7.338,7.338,7.338,7.338,0.04
2002-07-24,7.332,7.332,7.332,7.332,-0.08
2002-07-25,7.332,7.332,7.332,7.332,0.0
2002-07-26,7.3,7.3,7.3,7.3,-0.44
2002-07-27,7.272,7.272,7.272,7.272,-0.38
2002-07-29,7.322,7.322,7.322,7.322,0.69
2002-07-30,7.318,7.318,7.318,7.318,-0.05
2002-07-31,7.308,7.308,7.308,7.308,-0.14
2002-08-01,7.28,7.28,7.28,7.28,-0.38
2002-08-02,7.264,7.264,7.264,7.264,-0.22
2002-08-03,7.224,7.224,7.224,7.224,-0.55
2002-08-05,7.195,7.195,7.195,7.195,-0.4
2002-08-06,7.201,7.201,7.201,7.201,0.08
2002-08-07,7.167,7.167,7.167,7.167,-0.47
2002-08-08,7.184,7.184,7.184,7.184,0.24
2002-08-09,7.228,7.228,7.228,7.228,0.61
2002-08-10,7.221,7.221,7.221,7.221,-0.1
2002-08-12,7.195,7.195,7.195,7.195,-0.36
2002-08-13,7.199,7.199,7.199,7.199,0.06
2002-08-14,7.215,7.215,7.215,7.215,0.22
2002-08-16,7.202,7.202,7.202,7.202,-0.18
2002-08-17,7.192,7.192,7.192,7.192,-0.14
2002-08-19,7.176,7.176,7.176,7.176,-0.22
2002-08-20,7.168,7.168,7.168,7.168,-0.11
2002-08-21,7.178,7.178,7.178,7.178,0.14
2002-08-22,7.177,7.177,7.177,7.177,-0.01
2002-08-23,7.18,7.18,7.18,7.18,0.04
2002-08-24,7.176,7.176,7.176,7.176,-0.06
2002-08-26,7.176,7.176,7.176,7.176,0.0
2002-08-27,7.174,7.174,7.174,7.174,-0.03
2002-08-28,7.172,7.172,7.172,7.172,-0.03
2002-08-29,7.151,7.151,7.151,7.151,-0.29
2002-08-30,7.159,7.159,7.159,7.159,0.11
2002-08-31,7.161,7.161,7.161,7.161,0.03
2002-09-02,7.173,7.173,7.173,7.173,0.17
2002-09-03,7.161,7.161,7.161,7.161,-0.17
2002-09-04,7.14,7.14,7.14,7.14,-0.29
2002-09-05,7.13,7.13,7.13,7.13,-0.14
2002-09-06,7.177,7.177,7.177,7.177,0.66
2002-09-07,7.177,7.177,7.177,7.177,0.0
2002-09-09,7.183,7.183,7.183,7.183,0.08
2002-09-11,7.17,7.17,7.17,7.17,-0.18
2002-09-12,7.163,7.163,7.163,7.163,-0.1
2002-09-13,7.167,7.167,7.167,7.167,0.06
2002-09-14,7.175,7.175,7.175,7.175,0.11
2002-09-16,7.191,7.191,7.191,7.191,0.22
2002-09-17,7.167,7.167,7.167,7.167,-0.33
2002-09-18,7.164,7.164,7.164,7.164,-0.04
2002-09-19,7.164,7.164,7.164,7.164,0.0
2002-09-20,7.175,7.175,7.175,7.175,0.15
2002-09-21,7.168,7.168,7.168,7.168,-0.1
2002-09-23,7.171,7.171,7.171,7.171,0.04
2002-09-24,7.177,7.177,7.177,7.177,0.08
2002-09-25,7.187,7.187,7.187,7.187,0.14
2002-09-26,7.18,7.18,7.18,7.18,-0.1
2002-09-27,7.165,7.165,7.165,7.165,-0.21
2002-09-28,7.168,7.168,7.168,7.168,0.04
2002-09-30,7.168,7.168,7.168,7.168,0.0
2002-10-01,7.143,7.143,7.143,7.143,-0.35
2002-10-03,7.135,7.135,7.135,7.135,-0.11
2002-10-04,7.125,7.125,7.125,7.125,-0.14
2002-10-05,7.127,7.127,7.127,7.127,0.03
2002-10-07,7.107,7.107,7.107,7.107,-0.28
2002-10-08,7.09,7.09,7.09,7.09,-0.24
2002-10-09,7.094,7.094,7.094,7.094,0.06
2002-10-10,7.087,7.087,7.087,7.087,-0.1
2002-10-11,7.087,7.087,7.087,7.087,0.0
2002-10-12,7.078,7.078,7.078,7.078,-0.13
2002-10-14,7.083,7.083,7.083,7.083,0.07
2002-10-16,7.085,7.085,7.085,7.085,0.03
2002-10-17,7.071,7.071,7.071,7.071,-0.2
2002-10-18,7.035,7.035,7.035,7.035,-0.51
2002-10-19,7.034,7.034,7.034,7.034,-0.01
2002-10-21,7.039,7.039,7.039,7.039,0.07
2002-10-22,7.049,7.049,7.049,7.049,0.14
2002-10-23,7.049,7.049,7.049,7.049,0.0
2002-10-24,7.051,7.051,7.051,7.051,0.03
2002-10-25,7.059,7.059,7.059,7.059,0.11
2002-10-26,7.054,7.054,7.054,7.054,-0.07
2002-10-28,7.056,7.056,7.056,7.056,0.03
2002-10-29,6.978,6.978,6.978,6.978,-1.11
2002-10-30,6.932,6.932,6.932,6.932,-0.66
2002-10-31,6.925,6.925,6.925,6.925,-0.1
2002-11-01,6.92,6.92,6.92,6.92,-0.07
2002-11-02,6.87,6.87,6.87,6.87,-0.72
2002-11-05,6.863,6.863,6.863,6.863,-0.1
2002-11-06,6.863,6.863,6.863,6.863,0.0
2002-11-07,6.813,6.813,6.813,6.813,-0.73
2002-11-08,6.83,6.83,6.83,6.83,0.25
2002-11-09,6.832,6.832,6.832,6.832,0.03
2002-11-11,6.803,6.803,6.803,6.803,-0.42
2002-11-12,6.794,6.794,6.794,6.794,-0.13
2002-11-13,6.763,6.763,6.763,6.763,-0.46
2002-11-14,6.681,6.681,6.681,6.681,-1.21
2002-11-15,6.623,6.623,6.623,6.623,-0.87
2002-11-16,6.618,6.618,6.618,6.618,-0.08
2002-11-18,6.597,6.597,6.597,6.597,-0.32
2002-11-20,6.587,6.587,6.587,6.587,-0.15
2002-11-21,6.531,6.531,6.531,6.531,-0.85
2002-11-22,6.441,6.441,6.441,6.441,-1.38
2002-11-23,6.404,6.404,6.404,6.404,-0.57
2002-11-25,6.424,6.424,6.424,6.424,0.31
2002-11-26,6.409,6.409,6.409,6.409,-0.23
2002-11-27,6.372,6.372,6.372,6.372,-0.58
2002-11-28,6.369,6.369,6.369,6.369,-0.05
2002-11-29,6.454,6.454,6.454,6.454,1.33
2002-11-30,6.425,6.425,6.425,6.425,-0.45
2002-12-02,6.412,6.412,6.412,6.412,-0.2
2002-12-03,6.388,6.388,6.388,6.388,-0.37
2002-12-04,6.367,6.367,6.367,6.367,-0.33
2002-12-05,6.37,6.37,6.37,6.37,0.05
2002-12-06,6.376,6.376,6.376,6.376,0.09
2002-12-09,6.396,6.396,6.396,6.396,0.31
2002-12-10,6.415,6.415,6.415,6.415,0.3
2002-12-11,6.408,6.408,6.408,6.408,-0.11
2002-12-12,6.376,6.376,6.376,6.376,-0.5
2002-12-13,6.362,6.362,6.362,6.362,-0.22
2002-12-14,6.36,6.36,6.36,6.36,-0.03
2002-12-16,6.34,6.34,6.34,6.34,-0.31
2002-12-17,6.323,6.323,6.323,6.323,-0.27
2002-12-18,6.333,6.333,6.333,6.333,0.16
2002-12-19,6.33,6.33,6.33,6.33,-0.05
2002-12-20,6.312,6.312,6.312,6.312,-0.28
2002-12-21,6.277,6.277,6.277,6.277,-0.55
2002-12-23,6.297,6.297,6.297,6.297,0.32
2002-12-24,6.281,6.281,6.281,6.281,-0.25
2002-12-26,6.253,6.253,6.253,6.253,-0.45
2002-12-27,6.215,6.215,6.215,6.215,-0.61
2002-12-28,6.207,6.207,6.207,6.207,-0.13
2002-12-30,6.112,6.112,6.112,6.112,-1.53
2002-12-31,6.083,6.083,6.083,6.083,-0.47
2003-01-01,6.032,6.032,6.032,6.032,-0.84
2003-01-02,6.006,6.006,6.006,6.006,-0.43
2003-01-03,6.046,6.046,6.046,6.046,0.67
2003-01-04,6.056,6.056,6.056,6.056,0.17
2003-01-06,6.017,6.017,6.017,6.017,-0.64
2003-01-07,6.016,6.016,6.016,6.016,-0.02
2003-01-08,6.024,6.024,6.024,6.024,0.13
2003-01-09,6.043,6.043,6.043,6.043,0.32
2003-01-10,6.014,6.014,6.014,6.014,-0.48
2003-01-11,6.009,6.009,6.009,6.009,-0.08
2003-01-13,5.992,5.992,5.992,5.992,-0.28
2003-01-14,5.934,5.934,5.934,5.934,-0.97
2003-01-15,5.945,5.945,5.945,5.945,0.19
2003-01-16,5.933,5.933,5.933,5.933,-0.2
2003-01-17,5.886,5.886,5.886,5.886,-0.79
2003-01-18,5.864,5.864,5.864,5.864,-0.37
2003-01-20,5.872,5.872,5.872,5.872,0.14
2003-01-21,5.866,5.866,5.866,5.866,-0.1
2003-01-22,5.858,5.858,5.858,5.858,-0.14
2003-01-23,5.887,5.887,5.887,5.887,0.5
2003-01-24,5.955,5.955,5.955,5.955,1.16
2003-01-25,5.975,5.975,5.975,5.975,0.34
2003-01-27,6.076,6.076,6.076,6.076,1.69
2003-01-28,6.199,6.199,6.199,6.199,2.02
2003-01-29,6.086,6.086,6.086,6.086,-1.82
2003-01-30,6.294,6.294,6.294,6.294,3.42
2003-01-31,6.323,6.323,6.323,6.323,0.46
2003-02-01,6.145,6.145,6.145,6.145,-2.82
2003-02-03,6.184,6.184,6.184,6.184,0.63
2003-02-04,6.218,6.218,6.218,6.218,0.55
2003-02-05,6.251,6.251,6.251,6.251,0.53
2003-02-06,6.279,6.279,6.279,6.279,0.45
2003-02-07,6.411,6.411,6.411,6.411,2.1
2003-02-08,6.566,6.566,6.566,6.566,2.42
2003-02-10,6.438,6.438,6.438,6.438,-1.95
2003-02-11,6.53,6.53,6.53,6.53,1.43
2003-02-12,6.653,6.653,6.653,6.653,1.88
2003-02-14,6.699,6.699,6.699,6.699,0.69
2003-02-15,6.539,6.539,6.539,6.539,-2.39
2003-02-17,6.324,6.324,6.324,6.324,-3.29
2003-02-18,6.416,6.416,6.416,6.416,1.45
2003-02-19,6.52,6.52,6.52,6.52,1.62
2003-02-20,6.543,6.543,6.543,6.543,0.35
2003-02-21,6.613,6.613,6.613,6.613,1.07
2003-02-22,6.629,6.629,6.629,6.629,0.24
2003-02-24,6.649,6.649,6.649,6.649,0.3
2003-02-25,6.517,6.517,6.517,6.517,-1.99
2003-02-26,6.429,6.429,6.429,6.429,-1.35
2003-02-27,6.471,6.471,6.471,6.471,0.65
2003-02-28,5.966,5.966,5.966,5.966,-7.8
2003-03-01,5.9,5.9,5.9,5.9,-1.11
2003-03-03,6.115,6.115,6.115,6.115,3.64
2003-03-04,6.205,6.205,6.205,6.205,1.47
2003-03-05,6.291,6.291,6.291,6.291,1.39
2003-03-06,6.241,6.241,6.241,6.241,-0.79
2003-03-07,6.425,6.425,6.425,6.425,2.95
2003-03-08,6.444,6.444,6.444,6.444,0.3
2003-03-10,6.479,6.479,6.479,6.479,0.54
2003-03-11,6.414,6.414,6.414,6.414,-1.0
2003-03-12,6.362,6.362,6.362,6.362,-0.81
2003-03-13,6.373,6.373,6.373,6.373,0.17
2003-03-15,6.33,6.33,6.33,6.33,-0.67
2003-03-17,6.464,6.464,6.464,6.464,2.12
2003-03-19,6.457,6.457,6.457,6.457,-0.11
2003-03-20,6.45,6.45,6.45,6.45,-0.11
2003-03-21,6.281,6.281,6.281,6.281,-2.62
2003-03-22,6.239,6.239,6.239,6.239,-0.67
2003-03-24,6.386,6.386,6.386,6.386,2.36
2003-03-25,6.36,6.36,6.36,6.36,-0.41
2003-03-26,6.348,6.348,6.348,6.348,-0.19
2003-03-27,6.289,6.289,6.289,6.289,-0.93
2003-03-28,6.312,6.312,6.312,6.312,0.37
2003-03-29,6.264,6.264,6.264,6.264,-0.76
2003-03-31,6.127,6.127,6.127,6.127,-2.19
2003-04-01,6.071,6.071,6.071,6.071,-0.91
2003-04-03,5.983,5.983,5.983,5.983,-1.45
2003-04-04,5.991,5.991,5.991,5.991,0.13
2003-04-05,5.975,5.975,5.975,5.975,-0.27
2003-04-07,5.97,5.97,5.97,5.97,-0.08
2003-04-08,5.956,5.956,5.956,5.956,-0.23
2003-04-09,5.896,5.896,5.896,5.896,-1.01
2003-04-10,5.878,5.878,5.878,5.878,-0.31
2003-04-12,5.869,5.869,5.869,5.869,-0.15
2003-04-16,5.874,5.874,5.874,5.874,0.09
2003-04-17,5.868,5.868,5.868,5.868,-0.1
2003-04-19,5.861,5.861,5.861,5.861,-0.12
2003-04-21,5.871,5.871,5.871,5.871,0.17
2003-04-22,5.893,5.893,5.893,5.893,0.37
2003-04-23,5.898,5.898,5.898,5.898,0.08
2003-04-24,5.916,5.916,5.916,5.916,0.31
2003-04-25,5.88,5.88,5.88,5.88,-0.61
2003-04-26,5.889,5.889,5.889,5.889,0.15
2003-04-28,5.889,5.889,5.889,5.889,0.0
2003-04-29,5.933,5.933,5.933,5.933,0.75
2003-04-30,5.882,5.882,5.882,5.882,-0.86
2003-05-02,5.937,5.937,5.937,5.937,0.94
2003-05-03,5.952,5.952,5.952,5.952,0.25
2003-05-05,5.935,5.935,5.935,5.935,-0.29
2003-05-06,5.946,5.946,5.946,5.946,0.19
2003-05-07,5.937,5.937,5.937,5.937,-0.15
2003-05-08,5.914,5.914,5.914,5.914,-0.39
2003-05-09,5.913,5.913,5.913,5.913,-0.02
2003-05-10,5.917,5.917,5.917,5.917,0.07
2003-05-12,5.919,5.919,5.919,5.919,0.03
2003-05-13,5.9,5.9,5.9,5.9,-0.32
2003-05-14,5.897,5.897,5.897,5.897,-0.05
2003-05-17,5.87,5.87,5.87,5.87,-0.46
2003-05-19,5.863,5.863,5.863,5.863,-0.12
2003-05-20,5.86,5.86,5.86,5.86,-0.05
2003-05-21,5.834,5.834,5.834,5.834,-0.44
2003-05-22,5.834,5.834,5.834,5.834,0.0
2003-05-23,5.805,5.805,5.805,5.805,-0.5
2003-05-24,5.794,5.794,5.794,5.794,-0.19
2003-05-26,5.787,5.787,5.787,5.787,-0.12
2003-05-27,5.797,5.797,5.797,5.797,0.17
2003-05-28,5.785,5.785,5.785,5.785,-0.21
2003-05-29,5.8,5.8,5.8,5.8,0.26
2003-05-30,5.793,5.793,5.793,5.793,-0.12
2003-05-31,5.797,5.797,5.797,5.797,0.07
2003-06-02,5.813,5.813,5.813,5.813,0.28
2003-06-03,5.81,5.81,5.81,5.81,-0.05
2003-06-04,5.794,5.794,5.794,5.794,-0.28
2003-06-05,5.777,5.777,5.777,5.777,-0.29
2003-06-06,5.768,5.768,5.768,5.768,-0.16
2003-06-07,5.764,5.764,5.764,5.764,-0.07
2003-06-09,5.76,5.76,5.76,5.76,-0.07
2003-06-10,5.775,5.775,5.775,5.775,0.26
2003-06-11,5.763,5.763,5.763,5.763,-0.21
2003-06-12,5.764,5.764,5.764,5.764,0.02
2003-06-13,5.769,5.769,5.769,5.769,0.09
2003-06-14,5.763,5.763,5.763,5.763,-0.1
2003-06-16,5.747,5.747,5.747,5.747,-0.28
2003-06-17,5.743,5.743,5.743,5.743,-0.07
2003-06-18,5.745,5.745,5.745,5.745,0.03
2003-06-19,5.744,5.744,5.744,5.744,-0.02
2003-06-20,5.732,5.732,5.732,5.732,-0.21
2003-06-21,5.72,5.72,5.72,5.72,-0.21
2003-06-23,5.72,5.72,5.72,5.72,0.0
2003-06-24,5.718,5.718,5.718,5.718,-0.03
2003-06-25,5.709,5.709,5.709,5.709,-0.16
2003-06-26,5.734,5.734,5.734,5.734,0.44
2003-06-27,5.73,5.73,5.73,5.73,-0.07
2003-06-28,5.728,5.728,5.728,5.728,-0.03
2003-07-01,5.727,5.727,5.727,5.727,-0.02
2003-07-02,5.723,5.723,5.723,5.723,-0.07
2003-07-03,5.723,5.723,5.723,5.723,0.0
2003-07-04,5.709,5.709,5.709,5.709,-0.24
2003-07-05,5.713,5.713,5.713,5.713,0.07
2003-07-07,5.727,5.727,5.727,5.727,0.25
2003-07-08,5.726,5.726,5.726,5.726,-0.02
2003-07-09,5.703,5.703,5.703,5.703,-0.4
2003-07-10,5.707,5.707,5.707,5.707,0.07
2003-07-11,5.706,5.706,5.706,5.706,-0.02
2003-07-12,5.709,5.709,5.709,5.709,0.05
2003-07-14,5.705,5.705,5.705,5.705,-0.07
2003-07-15,5.702,5.702,5.702,5.702,-0.05
2003-07-16,5.708,5.708,5.708,5.708,0.11
2003-07-17,5.721,5.721,5.721,5.721,0.23
2003-07-18,5.722,5.722,5.722,5.722,0.02
2003-07-19,5.703,5.703,5.703,5.703,-0.33
2003-07-21,5.698,5.698,5.698,5.698,-0.09
2003-07-22,5.702,5.702,5.702,5.702,0.07
2003-07-23,5.689,5.689,5.689,5.689,-0.23
2003-07-24,5.667,5.667,5.667,5.667,-0.39
2003-07-25,5.63,5.63,5.63,5.63,-0.65
2003-07-26,5.635,5.635,5.635,5.635,0.09
2003-07-28,5.638,5.638,5.638,5.638,0.05
2003-07-29,5.637,5.637,5.637,5.637,-0.02
2003-07-30,5.637,5.637,5.637,5.637,0.0
2003-07-31,5.616,5.616,5.616,5.616,-0.37
2003-08-01,5.598,5.598,5.598,5.598,-0.32
2003-08-02,5.548,5.548,5.548,5.548,-0.89
2003-08-04,5.573,5.573,5.573,5.573,0.45
2003-08-05,5.572,5.572,5.572,5.572,-0.02
2003-08-06,5.564,5.564,5.564,5.564,-0.14
2003-08-07,5.56,5.56,5.56,5.56,-0.07
2003-08-08,5.553,5.553,5.553,5.553,-0.13
2003-08-09,5.523,5.523,5.523,5.523,-0.54
2003-08-11,5.528,5.528,5.528,5.528,0.09
2003-08-12,5.525,5.525,5.525,5.525,-0.05
2003-08-13,5.521,5.521,5.521,5.521,-0.07
2003-08-14,5.539,5.539,5.539,5.539,0.33
2003-08-16,5.538,5.538,5.538,5.538,-0.02
2003-08-18,5.532,5.532,5.532,5.532,-0.11
2003-08-19,5.533,5.533,5.533,5.533,0.02
2003-08-20,5.535,5.535,5.535,5.535,0.04
2003-08-21,5.541,5.541,5.541,5.541,0.11
2003-08-22,5.573,5.573,5.573,5.573,0.58
2003-08-23,5.56,5.56,5.56,5.56,-0.23
2003-08-25,5.302,5.302,5.302,5.302,-4.64
2003-08-26,5.242,5.242,5.242,5.242,-1.13
2003-08-27,5.271,5.271,5.271,5.271,0.55
2003-08-28,5.263,5.263,5.263,5.263,-0.15
2003-08-29,5.282,5.282,5.282,5.282,0.36
2003-08-30,5.264,5.264,5.264,5.264,-0.34
2003-09-01,5.27,5.27,5.27,5.27,0.11
2003-09-02,5.275,5.275,5.275,5.275,0.09
2003-09-03,5.277,5.277,5.277,5.277,0.04
2003-09-04,5.275,5.275,5.275,5.275,-0.04
2003-09-05,5.28,5.28,5.28,5.28,0.09
2003-09-06,5.276,5.276,5.276,5.276,-0.08
2003-09-08,5.285,5.285,5.285,5.285,0.17
2003-09-09,5.29,5.29,5.29,5.29,0.09
2003-09-10,5.326,5.326,5.326,5.326,0.68
2003-09-11,5.331,5.331,5.331,5.331,0.09
2003-09-12,5.327,5.327,5.327,5.327,-0.08
2003-09-13,5.326,5.326,5.326,5.326,-0.02
2003-09-15,5.33,5.33,5.33,5.33,0.08
2003-09-16,5.303,5.303,5.303,5.303,-0.51
2003-09-17,5.291,5.291,5.291,5.291,-0.23
2003-09-18,5.314,5.314,5.314,5.314,0.43
2003-09-19,5.313,5.313,5.313,5.313,-0.02
2003-09-20,5.311,5.311,5.311,5.311,-0.04
2003-09-22,5.315,5.315,5.315,5.315,0.08
2003-09-23,5.309,5.309,5.309,5.309,-0.11
2003-09-24,5.272,5.272,5.272,5.272,-0.7
2003-09-25,5.254,5.254,5.254,5.254,-0.34
2003-09-26,5.259,5.259,5.259,5.259,0.1
2003-09-27,5.258,5.258,5.258,5.258,-0.02
2003-09-29,5.244,5.244,5.244,5.244,-0.27
2003-09-30,5.174,5.174,5.174,5.174,-1.33
2003-10-01,5.156,5.156,5.156,5.156,-0.35
2003-10-03,5.159,5.159,5.159,5.159,0.06
2003-10-06,5.12,5.12,5.12,5.12,-0.76
2003-10-07,5.065,5.065,5.065,5.065,-1.07
2003-10-08,5.065,5.065,5.065,5.065,0.0
2003-10-09,5.059,5.059,5.059,5.059,-0.12
2003-10-10,5.058,5.058,5.058,5.058,-0.02
2003-10-11,5.039,5.039,5.039,5.039,-0.38
2003-10-13,5.033,5.033,5.033,5.033,-0.12
2003-10-14,5.019,5.019,5.019,5.019,-0.28
2003-10-15,4.985,4.985,4.985,4.985,-0.68
2003-10-16,4.962,4.962,4.962,4.962,-0.46
2003-10-17,4.973,4.973,4.973,4.973,0.22
2003-10-18,4.971,4.971,4.971,4.971,-0.04
2003-10-20,5.007,5.007,5.007,5.007,0.72
2003-10-21,5.041,5.041,5.041,5.041,0.68
2003-10-22,5.076,5.076,5.076,5.076,0.69
2003-10-23,5.129,5.129,5.129,5.129,1.04
2003-10-24,5.093,5.093,5.093,5.093,-0.7
2003-10-27,5.115,5.115,5.115,5.115,0.43
2003-10-28,5.186,5.186,5.186,5.186,1.39
2003-10-29,5.103,5.103,5.103,5.103,-1.6
2003-10-30,5.102,5.102,5.102,5.102,-0.02
2003-10-31,5.1,5.1,5.1,5.1,-0.04
2003-11-01,5.071,5.071,5.071,5.071,-0.57
2003-11-03,5.089,5.089,5.089,5.089,0.35
2003-11-04,5.077,5.077,5.077,5.077,-0.24
2003-11-05,5.064,5.064,5.064,5.064,-0.26
2003-11-06,5.058,5.058,5.058,5.058,-0.12
2003-11-07,5.064,5.064,5.064,5.064,0.12
2003-11-10,5.062,5.062,5.062,5.062,-0.04
2003-11-11,5.062,5.062,5.062,5.062,0.0
2003-11-12,5.079,5.079,5.079,5.079,0.34
2003-11-13,5.097,5.097,5.097,5.097,0.35
2003-11-14,5.102,5.102,5.102,5.102,0.1
2003-11-15,5.095,5.095,5.095,5.095,-0.14
2003-11-17,5.178,5.178,5.178,5.178,1.63
2003-11-18,5.142,5.142,5.142,5.142,-0.7
2003-11-19,5.13,5.13,5.13,5.13,-0.23
2003-11-20,5.111,5.111,5.111,5.111,-0.37
2003-11-21,5.105,5.105,5.105,5.105,-0.12
2003-11-22,5.104,5.104,5.104,5.104,-0.02
2003-11-24,5.11,5.11,5.11,5.11,0.12
2003-11-25,5.131,5.131,5.131,5.131,0.41
2003-11-27,5.118,5.118,5.118,5.118,-0.25
2003-11-28,5.147,5.147,5.147,5.147,0.57
2003-11-29,5.158,5.158,5.158,5.158,0.21
2003-12-01,5.215,5.215,5.215,5.215,1.11
2003-12-02,5.208,5.208,5.208,5.208,-0.13
2003-12-03,5.166,5.166,5.166,5.166,-0.81
2003-12-04,5.165,5.165,5.165,5.165,-0.02
2003-12-05,5.189,5.189,5.189,5.189,0.46
2003-12-06,5.176,5.176,5.176,5.176,-0.25
2003-12-08,5.174,5.174,5.174,5.174,-0.04
2003-12-09,5.181,5.181,5.181,5.181,0.14
2003-12-10,5.214,5.214,5.214,5.214,0.64
2003-12-11,5.214,5.214,5.214,5.214,0.0
2003-12-12,5.18,5.18,5.18,5.18,-0.65
2003-12-13,5.193,5.193,5.193,5.193,0.25
2003-12-15,5.203,5.203,5.203,5.203,0.19
2003-12-16,5.208,5.208,5.208,5.208,0.1
2003-12-17,5.193,5.193,5.193,5.193,-0.29
2003-12-18,5.153,5.153,5.153,5.153,-0.77
2003-12-19,5.153,5.153,5.153,5.153,0.0
2003-12-20,5.158,5.158,5.158,5.158,0.1
2003-12-22,5.152,5.152,5.152,5.152,-0.12
2003-12-23,5.145,5.145,5.145,5.145,-0.14
2003-12-24,5.145,5.145,5.145,5.145,0.0
2003-12-26,5.11,5.11,5.11,5.11,-0.68
2003-12-27,5.108,5.108,5.108,5.108,-0.04
2003-12-29,5.118,5.118,5.118,5.118,0.2
2003-12-30,5.106,5.106,5.106,5.106,-0.23
2003-12-31,5.122,5.122,5.122,5.122,0.31
2004-01-01,5.127,5.127,5.127,5.127,0.1
2004-01-02,5.121,5.121,5.121,5.121,-0.12
2004-01-03,5.092,5.092,5.092,5.092,-0.57
2004-01-05,5.12,5.12,5.12,5.12,0.55
2004-01-06,5.116,5.116,5.116,5.116,-0.08
2004-01-07,5.119,5.119,5.119,5.119,0.06
2004-01-08,5.113,5.113,5.113,5.113,-0.12
2004-01-09,5.118,5.118,5.118,5.118,0.1
2004-01-10,5.131,5.131,5.131,5.131,0.25
2004-01-12,5.14,5.14,5.14,5.14,0.18
2004-01-13,5.128,5.128,5.128,5.128,-0.23
2004-01-14,5.124,5.124,5.124,5.124,-0.08
2004-01-15,5.139,5.139,5.139,5.139,0.29
2004-01-16,5.138,5.138,5.138,5.138,-0.02
2004-01-17,5.137,5.137,5.137,5.137,-0.02
2004-01-19,5.143,5.143,5.143,5.143,0.12
2004-01-20,5.142,5.142,5.142,5.142,-0.02
2004-01-21,5.145,5.145,5.145,5.145,0.06
2004-01-22,5.138,5.138,5.138,5.138,-0.14
2004-01-23,5.135,5.135,5.135,5.135,-0.06
2004-01-24,5.134,5.134,5.134,5.134,-0.02
2004-01-27,5.143,5.143,5.143,5.143,0.18
2004-01-28,5.149,5.149,5.149,5.149,0.12
2004-01-29,5.19,5.19,5.19,5.19,0.8
2004-01-30,5.208,5.208,5.208,5.208,0.35
2004-01-31,5.223,5.223,5.223,5.223,0.29
2004-02-03,5.196,5.196,5.196,5.196,-0.52
2004-02-04,5.169,5.169,5.169,5.169,-0.52
2004-02-05,5.194,5.194,5.194,5.194,0.48
2004-02-06,5.216,5.216,5.216,5.216,0.42
2004-02-07,5.219,5.219,5.219,5.219,0.06
2004-02-09,5.214,5.214,5.214,5.214,-0.1
2004-02-10,5.232,5.232,5.232,5.232,0.35
2004-02-11,5.287,5.287,5.287,5.287,1.05
2004-02-12,5.278,5.278,5.278,5.278,-0.17
2004-02-13,5.283,5.283,5.283,5.283,0.09
2004-02-14,5.293,5.293,5.293,5.293,0.19
2004-02-16,5.335,5.335,5.335,5.335,0.79
2004-02-17,5.311,5.311,5.311,5.311,-0.45
2004-02-19,5.328,5.328,5.328,5.328,0.32
2004-02-20,5.298,5.298,5.298,5.298,-0.56
2004-02-21,5.268,5.268,5.268,5.268,-0.57
2004-02-23,5.267,5.267,5.267,5.267,-0.02
2004-02-24,5.25,5.25,5.25,5.25,-0.32
2004-02-25,5.232,5.232,5.232,5.232,-0.34
2004-02-26,5.255,5.255,5.255,5.255,0.44
2004-02-27,5.265,5.265,5.265,5.265,0.19
2004-02-28,5.261,5.261,5.261,5.261,-0.08
2004-03-01,5.257,5.257,5.257,5.257,-0.08
2004-03-03,5.249,5.249,5.249,5.249,-0.15
2004-03-04,5.243,5.243,5.243,5.243,-0.11
2004-03-05,5.243,5.243,5.243,5.243,0.0
2004-03-06,5.233,5.233,5.233,5.233,-0.19
2004-03-08,5.229,5.229,5.229,5.229,-0.08
2004-03-09,5.223,5.223,5.223,5.223,-0.11
2004-03-10,5.215,5.215,5.215,5.215,-0.15
2004-03-11,5.211,5.211,5.211,5.211,-0.08
2004-03-12,5.185,5.185,5.185,5.185,-0.5
2004-03-13,5.186,5.186,5.186,5.186,0.02
2004-03-15,5.203,5.203,5.203,5.203,0.33
2004-03-16,5.195,5.195,5.195,5.195,-0.15
2004-03-17,5.169,5.169,5.169,5.169,-0.5
2004-03-18,5.177,5.177,5.177,5.177,0.15
2004-03-19,5.159,5.159,5.159,5.159,-0.35
2004-03-20,5.163,5.163,5.163,5.163,0.08
2004-03-22,5.168,5.168,5.168,5.168,0.1
2004-03-23,5.182,5.182,5.182,5.182,0.27
2004-03-24,5.173,5.173,5.173,5.173,-0.17
2004-03-25,5.167,5.167,5.167,5.167,-0.12
2004-03-26,5.161,5.161,5.161,5.161,-0.12
2004-03-27,5.16,5.16,5.16,5.16,-0.02
2004-03-29,5.158,5.158,5.158,5.158,-0.04
2004-03-31,5.147,5.147,5.147,5.147,-0.21
2004-04-01,5.127,5.127,5.127,5.127,-0.39
2004-04-02,5.111,5.111,5.111,5.111,-0.31
2004-04-05,5.128,5.128,5.128,5.128,0.33
2004-04-06,5.131,5.131,5.131,5.131,0.06
2004-04-07,5.121,5.121,5.121,5.121,-0.19
2004-04-08,5.115,5.115,5.115,5.115,-0.12
2004-04-10,5.113,5.113,5.113,5.113,-0.04
2004-04-12,5.081,5.081,5.081,5.081,-0.63
2004-04-13,5.08,5.08,5.08,5.08,-0.02
2004-04-15,5.078,5.078,5.078,5.078,-0.04
2004-04-16,5.079,5.079,5.079,5.079,0.02
2004-04-17,5.061,5.061,5.061,5.061,-0.35
2004-04-19,5.069,5.069,5.069,5.069,0.16
2004-04-20,5.062,5.062,5.062,5.062,-0.14
2004-04-21,5.07,5.07,5.07,5.07,0.16
2004-04-22,5.067,5.067,5.067,5.067,-0.06
2004-04-23,5.071,5.071,5.071,5.071,0.08
2004-04-24,5.079,5.079,5.079,5.079,0.16
2004-04-27,5.112,5.112,5.112,5.112,0.65
2004-04-28,5.123,5.123,5.123,5.123,0.22
2004-04-29,5.135,5.135,5.135,5.135,0.23
2004-04-30,5.117,5.117,5.117,5.117,-0.35
2004-05-03,5.124,5.124,5.124,5.124,0.14
2004-05-05,5.113,5.113,5.113,5.113,-0.21
2004-05-06,5.112,5.112,5.112,5.112,-0.02
2004-05-07,5.128,5.128,5.128,5.128,0.31
2004-05-08,5.165,5.165,5.165,5.165,0.72
2004-05-10,5.189,5.189,5.189,5.189,0.46
2004-05-11,5.195,5.195,5.195,5.195,0.12
2004-05-12,5.187,5.187,5.187,5.187,-0.15
2004-05-13,5.184,5.184,5.184,5.184,-0.06
2004-05-14,5.229,5.229,5.229,5.229,0.87
2004-05-15,5.227,5.227,5.227,5.227,-0.04
2004-05-17,5.257,5.257,5.257,5.257,0.57
2004-05-18,5.187,5.187,5.187,5.187,-1.33
2004-05-19,5.183,5.183,5.183,5.183,-0.08
2004-05-20,5.185,5.185,5.185,5.185,0.04
2004-05-21,5.191,5.191,5.191,5.191,0.12
2004-05-22,5.177,5.177,5.177,5.177,-0.27
2004-05-24,5.178,5.178,5.178,5.178,0.02
2004-05-25,5.184,5.184,5.184,5.184,0.12
2004-05-26,5.191,5.191,5.191,5.191,0.14
2004-05-27,5.212,5.212,5.212,5.212,0.4
2004-05-28,5.244,5.244,5.244,5.244,0.61
2004-05-29,5.256,5.256,5.256,5.256,0.23
2004-05-31,5.274,5.274,5.274,5.274,0.34
2004-06-01,5.285,5.285,5.285,5.285,0.21
2004-06-02,5.293,5.293,5.293,5.293,0.15
2004-06-03,5.284,5.284,5.284,5.284,-0.17
2004-06-04,5.278,5.278,5.278,5.278,-0.11
2004-06-05,5.228,5.228,5.228,5.228,-0.95
2004-06-07,5.276,5.276,5.276,5.276,0.92
2004-06-08,5.272,5.272,5.272,5.272,-0.08
2004-06-09,5.288,5.288,5.288,5.288,0.3
2004-06-10,5.332,5.332,5.332,5.332,0.83
2004-06-11,5.323,5.323,5.323,5.323,-0.17
2004-06-12,5.327,5.327,5.327,5.327,0.08
2004-06-14,5.405,5.405,5.405,5.405,1.46
2004-06-15,5.421,5.421,5.421,5.421,0.3
2004-06-16,5.372,5.372,5.372,5.372,-0.9
2004-06-17,5.384,5.384,5.384,5.384,0.22
2004-06-18,5.468,5.468,5.468,5.468,1.56
2004-06-19,5.473,5.473,5.473,5.473,0.09
2004-06-21,5.596,5.596,5.596,5.596,2.25
2004-06-22,5.739,5.739,5.739,5.739,2.56
2004-06-23,5.795,5.795,5.795,5.795,0.98
2004-06-24,5.782,5.782,5.782,5.782,-0.22
2004-06-25,5.851,5.851,5.851,5.851,1.19
2004-06-26,5.863,5.863,5.863,5.863,0.21
2004-06-28,5.806,5.806,5.806,5.806,-0.97
2004-06-29,5.85,5.85,5.85,5.85,0.76
2004-06-30,5.85,5.85,5.85,5.85,0.0
2004-07-01,5.843,5.843,5.843,5.843,-0.12
2004-07-02,5.783,5.783,5.783,5.783,-1.03
2004-07-03,5.71,5.71,5.71,5.71,-1.26
2004-07-05,5.697,5.697,5.697,5.697,-0.23
2004-07-06,5.693,5.693,5.693,5.693,-0.07
2004-07-07,5.738,5.738,5.738,5.738,0.79
2004-07-08,5.828,5.828,5.828,5.828,1.57
2004-07-09,5.85,5.85,5.85,5.85,0.38
2004-07-10,5.795,5.795,5.795,5.795,-0.94
2004-07-12,5.878,5.878,5.878,5.878,1.43
2004-07-13,5.82,5.82,5.82,5.82,-0.99
2004-07-14,5.865,5.865,5.865,5.865,0.77
2004-07-15,5.947,5.947,5.947,5.947,1.4
2004-07-16,5.947,5.947,5.947,5.947,0.0
2004-07-17,5.844,5.844,5.844,5.844,-1.73
2004-07-19,5.831,5.831,5.831,5.831,-0.22
2004-07-20,5.85,5.85,5.85,5.85,0.33
2004-07-21,5.843,5.843,5.843,5.843,-0.12
2004-07-22,5.926,5.926,5.926,5.926,1.42
2004-07-23,5.952,5.952,5.952,5.952,0.44
2004-07-24,5.919,5.919,5.919,5.919,-0.55
2004-07-26,5.925,5.925,5.925,5.925,0.1
2004-07-27,5.948,5.948,5.948,5.948,0.39
2004-07-28,6.099,6.099,6.099,6.099,2.54
2004-07-29,6.283,6.283,6.283,6.283,3.02
2004-07-30,6.164,6.164,6.164,6.164,-1.89
2004-07-31,6.137,6.137,6.137,6.137,-0.44
2004-08-02,6.236,6.236,6.236,6.236,1.61
2004-08-03,6.235,6.235,6.235,6.235,-0.02
2004-08-04,6.161,6.161,6.161,6.161,-1.19
2004-08-05,6.137,6.137,6.137,6.137,-0.39
2004-08-06,6.282,6.282,6.282,6.282,2.36
2004-08-07,6.254,6.254,6.254,6.254,-0.45
2004-08-09,6.475,6.475,6.475,6.475,3.53
2004-08-10,6.536,6.536,6.536,6.536,0.94
2004-08-11,6.55,6.55,6.55,6.55,0.21
2004-08-12,6.652,6.652,6.652,6.652,1.56
2004-08-13,6.542,6.542,6.542,6.542,-1.65
2004-08-14,6.631,6.631,6.631,6.631,1.36
2004-08-16,6.562,6.562,6.562,6.562,-1.04
2004-08-17,6.515,6.515,6.515,6.515,-0.72
2004-08-18,6.481,6.481,6.481,6.481,-0.52
2004-08-19,6.494,6.494,6.494,6.494,0.2
2004-08-21,6.555,6.555,6.555,6.555,0.94
2004-08-23,6.358,6.358,6.358,6.358,-3.01
2004-08-24,6.285,6.285,6.285,6.285,-1.15
2004-08-25,6.205,6.205,6.205,6.205,-1.27
2004-08-26,6.258,6.258,6.258,6.258,0.85
2004-08-27,6.092,6.092,6.092,6.092,-2.65
2004-08-28,6.039,6.039,6.039,6.039,-0.87
2004-08-30,6.157,6.157,6.157,6.157,1.95
2004-08-31,6.089,6.089,6.089,6.089,-1.1
2004-09-01,5.961,5.961,5.961,5.961,-2.1
2004-09-02,6.045,6.045,6.045,6.045,1.41
2004-09-03,5.889,5.889,5.889,5.889,-2.58
2004-09-04,5.882,5.882,5.882,5.882,-0.12
2004-09-06,5.901,5.901,5.901,5.901,0.32
2004-09-07,5.94,5.94,5.94,5.94,0.66
2004-09-08,5.946,5.946,5.946,5.946,0.1
2004-09-09,5.949,5.949,5.949,5.949,0.05
2004-09-10,5.939,5.939,5.939,5.939,-0.17
2004-09-11,5.944,5.944,5.944,5.944,0.08
2004-09-13,6.135,6.135,6.135,6.135,3.21
2004-09-14,6.092,6.092,6.092,6.092,-0.7
2004-09-15,6.125,6.125,6.125,6.125,0.54
2004-09-16,6.14,6.14,6.14,6.14,0.24
2004-09-17,6.127,6.127,6.127,6.127,-0.21
2004-09-20,6.14,6.14,6.14,6.14,0.21
2004-09-21,6.126,6.126,6.126,6.126,-0.23
2004-09-22,6.146,6.146,6.146,6.146,0.33
2004-09-23,6.06,6.06,6.06,6.06,-1.4
2004-09-24,6.046,6.046,6.046,6.046,-0.23
2004-09-25,6.061,6.061,6.061,6.061,0.25
2004-09-27,6.098,6.098,6.098,6.098,0.61
2004-09-28,6.204,6.204,6.204,6.204,1.74
2004-09-29,6.231,6.231,6.231,6.231,0.44
2004-09-30,6.244,6.244,6.244,6.244,0.21
2004-10-01,6.392,6.392,6.392,6.392,2.37
2004-10-04,6.446,6.446,6.446,6.446,0.84
2004-10-05,6.498,6.498,6.498,6.498,0.81
2004-10-06,6.514,6.514,6.514,6.514,0.25
2004-10-07,6.597,6.597,6.597,6.597,1.27
2004-10-08,6.673,6.673,6.673,6.673,1.15
2004-10-09,6.68,6.68,6.68,6.68,0.1
2004-10-11,6.792,6.792,6.792,6.792,1.68
2004-10-12,6.816,6.816,6.816,6.816,0.35
2004-10-14,6.764,6.764,6.764,6.764,-0.76
2004-10-15,6.764,6.764,6.764,6.764,0.0
2004-10-16,6.791,6.791,6.791,6.791,0.4
2004-10-18,6.763,6.763,6.763,6.763,-0.41
2004-10-19,6.777,6.777,6.777,6.777,0.21
2004-10-20,6.763,6.763,6.763,6.763,-0.21
2004-10-21,6.728,6.728,6.728,6.728,-0.52
2004-10-23,6.629,6.629,6.629,6.629,-1.47
2004-10-25,6.713,6.713,6.713,6.713,1.27
2004-10-26,6.84,6.84,6.84,6.84,1.89
2004-10-27,6.882,6.882,6.882,6.882,0.61
2004-10-28,6.932,6.932,6.932,6.932,0.73
2004-10-29,6.861,6.861,6.861,6.861,-1.02
2004-10-30,6.932,6.932,6.932,6.932,1.03
2004-11-01,6.946,6.946,6.946,6.946,0.2
2004-11-02,6.931,6.931,6.931,6.931,-0.22
2004-11-03,6.924,6.924,6.924,6.924,-0.1
2004-11-04,6.946,6.946,6.946,6.946,0.32
2004-11-05,7.221,7.221,7.221,7.221,3.96
2004-11-06,7.221,7.221,7.221,7.221,0.0
2004-11-08,7.265,7.265,7.265,7.265,0.61
2004-11-09,7.177,7.177,7.177,7.177,-1.21
2004-11-10,7.155,7.155,7.155,7.155,-0.31
2004-11-11,7.177,7.177,7.177,7.177,0.31
2004-11-13,7.176,7.176,7.176,7.176,-0.01
2004-11-16,7.147,7.147,7.147,7.147,-0.4
2004-11-17,7.162,7.162,7.162,7.162,0.21
2004-11-18,7.118,7.118,7.118,7.118,-0.61
2004-11-19,7.118,7.118,7.118,7.118,0.0
2004-11-20,7.088,7.088,7.088,7.088,-0.42
2004-11-22,7.074,7.074,7.074,7.074,-0.2
2004-11-23,7.139,7.139,7.139,7.139,0.92
2004-11-24,7.218,7.218,7.218,7.218,1.11
2004-11-25,7.215,7.215,7.215,7.215,-0.04
2004-11-27,7.183,7.183,7.183,7.183,-0.44
2004-11-29,7.209,7.209,7.209,7.209,0.36
2004-11-30,7.197,7.197,7.197,7.197,-0.17
2004-12-01,6.885,6.885,6.885,6.885,-4.34
2004-12-02,6.812,6.812,6.812,6.812,-1.06
2004-12-03,6.81,6.81,6.81,6.81,-0.03
2004-12-04,6.72,6.72,6.72,6.72,-1.32
2004-12-06,6.756,6.756,6.756,6.756,0.54
2004-12-07,6.761,6.761,6.761,6.761,0.07
2004-12-08,6.75,6.75,6.75,6.75,-0.16
2004-12-09,6.738,6.738,6.738,6.738,-0.18
2004-12-10,6.684,6.684,6.684,6.684,-0.8
2004-12-11,6.655,6.655,6.655,6.655,-0.43
2004-12-13,6.754,6.754,6.754,6.754,1.49
2004-12-14,6.783,6.783,6.783,6.783,0.43
2004-12-15,6.808,6.808,6.808,6.808,0.37
2004-12-16,6.811,6.811,6.811,6.811,0.04
2004-12-17,6.797,6.797,6.797,6.797,-0.21
2004-12-18,6.803,6.803,6.803,6.803,0.09
2004-12-20,6.795,6.795,6.795,6.795,-0.12
2004-12-21,6.752,6.752,6.752,6.752,-0.63
2004-12-22,6.711,6.711,6.711,6.711,-0.61
2004-12-23,6.668,6.668,6.668,6.668,-0.64
2004-12-24,6.662,6.662,6.662,6.662,-0.09
2004-12-25,6.667,6.667,6.667,6.667,0.08
2004-12-27,6.666,6.666,6.666,6.666,-0.01
2004-12-28,6.596,6.596,6.596,6.596,-1.05
2004-12-29,6.595,6.595,6.595,6.595,-0.02
2004-12-30,6.63,6.63,6.63,6.63,0.53
2004-12-31,6.706,6.706,6.706,6.706,1.15
2005-01-01,6.795,6.795,6.795,6.795,1.33
2005-01-03,6.538,6.538,6.538,6.538,-3.78
2005-01-04,6.485,6.485,6.485,6.485,-0.81
2005-01-05,6.567,6.567,6.567,6.567,1.26
2005-01-06,6.605,6.605,6.605,6.605,0.58
2005-01-07,6.548,6.548,6.548,6.548,-0.86
2005-01-08,6.566,6.566,6.566,6.566,0.27
2005-01-10,6.588,6.588,6.588,6.588,0.34
2005-01-11,6.554,6.554,6.554,6.554,-0.52
2005-01-12,6.581,6.581,6.581,6.581,0.41
2005-01-13,6.566,6.566,6.566,6.566,-0.23
2005-01-14,6.648,6.648,6.648,6.648,1.25
2005-01-15,6.726,6.726,6.726,6.726,1.17
2005-01-17,6.69,6.69,6.69,6.69,-0.54
2005-01-18,6.717,6.717,6.717,6.717,0.4
2005-01-19,6.758,6.758,6.758,6.758,0.61
2005-01-20,6.719,6.719,6.719,6.719,-0.58
2005-01-22,6.738,6.738,6.738,6.738,0.28
2005-01-24,6.748,6.748,6.748,6.748,0.15
2005-01-25,6.755,6.755,6.755,6.755,0.1
2005-01-27,6.756,6.756,6.756,6.756,0.01
2005-01-28,6.736,6.736,6.736,6.736,-0.3
2005-01-29,6.712,6.712,6.712,6.712,-0.36
2005-01-31,6.703,6.703,6.703,6.703,-0.13
2005-02-01,6.723,6.723,6.723,6.723,0.3
2005-02-02,6.679,6.679,6.679,6.679,-0.65
2005-02-03,6.727,6.727,6.727,6.727,0.72
2005-02-04,6.731,6.731,6.731,6.731,0.06
2005-02-05,6.714,6.714,6.714,6.714,-0.25
2005-02-07,6.582,6.582,6.582,6.582,-1.97
2005-02-08,6.544,6.544,6.544,6.544,-0.58
2005-02-09,6.534,6.534,6.534,6.534,-0.15
2005-02-10,6.48,6.48,6.48,6.48,-0.83
2005-02-11,6.452,6.452,6.452,6.452,-0.43
2005-02-12,6.454,6.454,6.454,6.454,0.03
2005-02-14,6.499,6.499,6.499,6.499,0.7
2005-02-15,6.516,6.516,6.516,6.516,0.26
2005-02-16,6.532,6.532,6.532,6.532,0.25
2005-02-17,6.507,6.507,6.507,6.507,-0.38
2005-02-18,6.498,6.498,6.498,6.498,-0.14
2005-02-19,6.512,6.512,6.512,6.512,0.22
2005-02-21,6.508,6.508,6.508,6.508,-0.06
2005-02-22,6.502,6.502,6.502,6.502,-0.09
2005-02-23,6.507,6.507,6.507,6.507,0.08
2005-02-24,6.506,6.506,6.506,6.506,-0.02
2005-02-25,6.495,6.495,6.495,6.495,-0.17
2005-02-26,6.473,6.473,6.473,6.473,-0.34
2005-02-28,6.549,6.549,6.549,6.549,1.17
2005-03-01,6.651,6.651,6.651,6.651,1.56
2005-03-02,6.634,6.634,6.634,6.634,-0.26
2005-03-03,6.62,6.62,6.62,6.62,-0.21
2005-03-04,6.625,6.625,6.625,6.625,0.08
2005-03-05,6.578,6.578,6.578,6.578,-0.71
2005-03-07,6.533,6.533,6.533,6.533,-0.68
2005-03-09,6.55,6.55,6.55,6.55,0.26
2005-03-10,6.578,6.578,6.578,6.578,0.43
2005-03-11,6.559,6.559,6.559,6.559,-0.29
2005-03-12,6.562,6.562,6.562,6.562,0.05
2005-03-14,6.574,6.574,6.574,6.574,0.18
2005-03-15,6.623,6.623,6.623,6.623,0.75
2005-03-16,6.626,6.626,6.626,6.626,0.05
2005-03-17,6.694,6.694,6.694,6.694,1.03
2005-03-18,6.661,6.661,6.661,6.661,-0.49
2005-03-19,6.664,6.664,6.664,6.664,0.05
2005-03-21,6.709,6.709,6.709,6.709,0.68
2005-03-22,6.715,6.715,6.715,6.715,0.09
2005-03-23,6.728,6.728,6.728,6.728,0.19
2005-03-24,6.673,6.673,6.673,6.673,-0.82
2005-03-28,6.653,6.653,6.653,6.653,-0.3
2005-03-29,6.666,6.666,6.666,6.666,0.2
2005-03-30,6.668,6.668,6.668,6.668,0.03
2005-03-31,6.676,6.676,6.676,6.676,0.12
2005-04-01,6.678,6.678,6.678,6.678,0.03
2005-04-02,6.73,6.73,6.73,6.73,0.78
2005-04-04,6.75,6.75,6.75,6.75,0.3
2005-04-05,6.73,6.73,6.73,6.73,-0.3
2005-04-06,6.822,6.822,6.822,6.822,1.37
2005-04-07,6.975,6.975,6.975,6.975,2.24
2005-04-08,7.015,7.015,7.015,7.015,0.57
2005-04-11,7.002,7.002,7.002,7.002,-0.19
2005-04-12,7.002,7.002,7.002,7.002,0.0
2005-04-13,7.002,7.002,7.002,7.002,0.0
2005-04-15,6.992,6.992,6.992,6.992,-0.14
2005-04-16,7.089,7.089,7.089,7.089,1.39
2005-04-19,7.071,7.071,7.071,7.071,-0.25
2005-04-20,7.082,7.082,7.082,7.082,0.16
2005-04-21,7.082,7.082,7.082,7.082,0.0
2005-04-23,7.102,7.102,7.102,7.102,0.28
2005-04-25,7.123,7.123,7.123,7.123,0.3
2005-04-26,7.123,7.123,7.123,7.123,0.0
2005-04-27,7.11,7.11,7.11,7.11,-0.18
2005-04-28,7.225,7.225,7.225,7.225,1.62
2005-04-29,7.239,7.239,7.239,7.239,0.19
2005-04-30,7.357,7.357,7.357,7.357,1.63
2005-05-02,7.301,7.301,7.301,7.301,-0.76
2005-05-03,7.239,7.239,7.239,7.239,-0.85
2005-05-04,7.232,7.232,7.232,7.232,-0.1
2005-05-05,7.239,7.239,7.239,7.239,0.1
2005-05-06,7.26,7.26,7.26,7.26,0.29
2005-05-07,7.252,7.252,7.252,7.252,-0.11
2005-05-09,7.252,7.252,7.252,7.252,0.0
2005-05-10,7.204,7.204,7.204,7.204,-0.66
2005-05-11,7.204,7.204,7.204,7.204,0.0
2005-05-12,7.194,7.194,7.194,7.194,-0.14
2005-05-13,7.169,7.169,7.169,7.169,-0.35
2005-05-14,7.169,7.169,7.169,7.169,0.0
2005-05-16,7.197,7.197,7.197,7.197,0.39
2005-05-17,7.161,7.161,7.161,7.161,-0.5
2005-05-18,7.162,7.162,7.162,7.162,0.01
2005-05-19,7.066,7.066,7.066,7.066,-1.34
2005-05-20,7.005,7.005,7.005,7.005,-0.86
2005-05-21,7.032,7.032,7.032,7.032,0.39
2005-05-24,6.917,6.917,6.917,6.917,-1.64
2005-05-25,6.924,6.924,6.924,6.924,0.1
2005-05-26,6.971,6.971,6.971,6.971,0.68
2005-05-27,6.971,6.971,6.971,6.971,0.0
2005-05-28,6.995,6.995,6.995,6.995,0.34
2005-05-30,7.002,7.002,7.002,7.002,0.1
2005-05-31,6.979,6.979,6.979,6.979,-0.33
2005-06-01,6.923,6.923,6.923,6.923,-0.8
2005-06-02,6.92,6.92,6.92,6.92,-0.04
2005-06-03,6.896,6.896,6.896,6.896,-0.35
2005-06-04,6.902,6.902,6.902,6.902,0.09
2005-06-06,6.896,6.896,6.896,6.896,-0.09
2005-06-07,6.855,6.855,6.855,6.855,-0.59
2005-06-08,6.804,6.804,6.804,6.804,-0.74
2005-06-09,6.828,6.828,6.828,6.828,0.35
2005-06-10,6.848,6.848,6.848,6.848,0.29
2005-06-11,6.875,6.875,6.875,6.875,0.39
2005-06-13,6.888,6.888,6.888,6.888,0.19
2005-06-14,6.915,6.915,6.915,6.915,0.39
2005-06-15,6.902,6.902,6.902,6.902,-0.19
2005-06-16,6.949,6.949,6.949,6.949,0.68
2005-06-17,6.962,6.962,6.962,6.962,0.19
2005-06-18,6.949,6.949,6.949,6.949,-0.19
2005-06-20,6.935,6.935,6.935,6.935,-0.2
2005-06-21,6.874,6.874,6.874,6.874,-0.88
2005-06-22,6.834,6.834,6.834,6.834,-0.58
2005-06-23,6.82,6.82,6.82,6.82,-0.2
2005-06-24,6.867,6.867,6.867,6.867,0.69
2005-06-25,6.864,6.864,6.864,6.864,-0.04
2005-06-27,6.935,6.935,6.935,6.935,1.03
2005-06-28,6.901,6.901,6.901,6.901,-0.49
2005-06-29,6.894,6.894,6.894,6.894,-0.1
2005-06-30,6.907,6.907,6.907,6.907,0.19
2005-07-01,6.962,6.962,6.962,6.962,0.8
2005-07-02,7.071,7.071,7.071,7.071,1.57
2005-07-04,7.063,7.063,7.063,7.063,-0.11
2005-07-05,7.05,7.05,7.05,7.05,-0.18
2005-07-06,7.119,7.119,7.119,7.119,0.98
2005-07-07,7.158,7.158,7.158,7.158,0.55
2005-07-08,7.193,7.193,7.193,7.193,0.49
2005-07-09,7.188,7.188,7.188,7.188,-0.07
2005-07-11,7.237,7.237,7.237,7.237,0.68
2005-07-12,7.227,7.227,7.227,7.227,-0.14
2005-07-13,7.227,7.227,7.227,7.227,0.0
2005-07-14,7.208,7.208,7.208,7.208,-0.26
2005-07-15,7.17,7.17,7.17,7.17,-0.53
2005-07-16,7.202,7.202,7.202,7.202,0.45
2005-07-18,7.16,7.16,7.16,7.16,-0.58
2005-07-19,7.181,7.181,7.181,7.181,0.29
2005-07-20,7.174,7.174,7.174,7.174,-0.1
2005-07-21,7.158,7.158,7.158,7.158,-0.22
2005-07-22,7.163,7.163,7.163,7.163,0.07
2005-07-23,7.174,7.174,7.174,7.174,0.15
2005-07-25,7.165,7.165,7.165,7.165,-0.13
2005-07-26,6.999,6.999,6.999,6.999,-2.32
2005-07-29,6.96,6.96,6.96,6.96,-0.56
2005-07-30,6.994,6.994,6.994,6.994,0.49
2005-08-01,7.015,7.015,7.015,7.015,0.3
2005-08-02,6.98,6.98,6.98,6.98,-0.5
2005-08-03,6.974,6.974,6.974,6.974,-0.09
2005-08-04,6.98,6.98,6.98,6.98,0.09
2005-08-05,6.987,6.987,6.987,6.987,0.1
2005-08-06,7.001,7.001,7.001,7.001,0.2
2005-08-08,7.009,7.009,7.009,7.009,0.11
2005-08-09,7.052,7.052,7.052,7.052,0.61
2005-08-10,7.021,7.021,7.021,7.021,-0.44
2005-08-11,7.017,7.017,7.017,7.017,-0.06
2005-08-12,7.028,7.028,7.028,7.028,0.16
2005-08-13,7.059,7.059,7.059,7.059,0.44
2005-08-16,7.079,7.079,7.079,7.079,0.28
2005-08-17,7.077,7.077,7.077,7.077,-0.03
2005-08-18,7.07,7.07,7.07,7.07,-0.1
2005-08-19,7.072,7.072,7.072,7.072,0.03
2005-08-22,7.074,7.074,7.074,7.074,0.03
2005-08-23,7.085,7.085,7.085,7.085,0.16
2005-08-24,7.097,7.097,7.097,7.097,0.17
2005-08-25,7.09,7.09,7.09,7.09,-0.1
2005-08-26,7.081,7.081,7.081,7.081,-0.13
2005-08-27,7.069,7.069,7.069,7.069,-0.17
2005-08-29,7.088,7.088,7.088,7.088,0.27
2005-08-30,7.086,7.086,7.086,7.086,-0.03
2005-08-31,7.094,7.094,7.094,7.094,0.11
2005-09-01,7.083,7.083,7.083,7.083,-0.16
2005-09-02,7.043,7.043,7.043,7.043,-0.56
2005-09-03,7.033,7.033,7.033,7.033,-0.14
2005-09-05,7.034,7.034,7.034,7.034,0.01
2005-09-06,7.025,7.025,7.025,7.025,-0.13
2005-09-08,7.034,7.034,7.034,7.034,0.13
2005-09-09,7.034,7.034,7.034,7.034,0.0
2005-09-10,7.034,7.034,7.034,7.034,0.0
2005-09-12,7.031,7.031,7.031,7.031,-0.04
2005-09-13,7.018,7.018,7.018,7.018,-0.18
2005-09-14,7.013,7.013,7.013,7.013,-0.07
2005-09-15,6.999,6.999,6.999,6.999,-0.2
2005-09-16,7.019,7.019,7.019,7.019,0.29
2005-09-17,7.012,7.012,7.012,7.012,-0.1
2005-09-19,6.998,6.998,6.998,6.998,-0.2
2005-09-20,7.005,7.005,7.005,7.005,0.1
2005-09-21,7.005,7.005,7.005,7.005,0.0
2005-09-22,7.045,7.045,7.045,7.045,0.57
2005-09-23,7.06,7.06,7.06,7.06,0.21
2005-09-24,7.039,7.039,7.039,7.039,-0.3
2005-09-26,7.039,7.039,7.039,7.039,0.0
2005-09-27,7.088,7.088,7.088,7.088,0.7
2005-09-28,7.074,7.074,7.074,7.074,-0.2
2005-09-29,7.095,7.095,7.095,7.095,0.3
2005-09-30,7.101,7.101,7.101,7.101,0.08
2005-10-01,7.101,7.101,7.101,7.101,0.0
2005-10-03,7.155,7.155,7.155,7.155,0.76
2005-10-04,7.144,7.144,7.144,7.144,-0.15
2005-10-05,7.144,7.144,7.144,7.144,0.0
2005-10-06,7.179,7.179,7.179,7.179,0.49
2005-10-07,7.179,7.179,7.179,7.179,0.0
2005-10-10,7.178,7.178,7.178,7.178,-0.01
2005-10-11,7.157,7.157,7.157,7.157,-0.29
2005-10-13,7.143,7.143,7.143,7.143,-0.2
2005-10-14,7.129,7.129,7.129,7.129,-0.2
2005-10-17,7.136,7.136,7.136,7.136,0.1
2005-10-18,7.178,7.178,7.178,7.178,0.59
2005-10-19,7.171,7.171,7.171,7.171,-0.1
2005-10-20,7.178,7.178,7.178,7.178,0.1
2005-10-21,7.171,7.171,7.171,7.171,-0.1
2005-10-24,7.108,7.108,7.108,7.108,-0.88
2005-10-25,7.128,7.128,7.128,7.128,0.28
2005-10-26,7.093,7.093,7.093,7.093,-0.49
2005-10-27,7.085,7.085,7.085,7.085,-0.11
2005-10-28,7.078,7.078,7.078,7.078,-0.1
2005-10-31,7.099,7.099,7.099,7.099,0.3
2005-11-02,7.099,7.099,7.099,7.099,0.0
2005-11-03,7.096,7.096,7.096,7.096,-0.04
2005-11-04,7.103,7.103,7.103,7.103,0.1
2005-11-07,7.106,7.106,7.106,7.106,0.04
2005-11-08,7.106,7.106,7.106,7.106,0.0
2005-11-09,7.127,7.127,7.127,7.127,0.3
2005-11-10,7.123,7.123,7.123,7.123,-0.06
2005-11-11,7.12,7.12,7.12,7.12,-0.04
2005-11-14,7.098,7.098,7.098,7.098,-0.31
2005-11-16,7.098,7.098,7.098,7.098,0.0
2005-11-17,7.098,7.098,7.098,7.098,0.0
2005-11-18,7.094,7.094,7.094,7.094,-0.06
2005-11-21,7.091,7.091,7.091,7.091,-0.04
2005-11-22,7.077,7.077,7.077,7.077,-0.2
2005-11-23,7.065,7.065,7.065,7.065,-0.17
2005-11-24,7.069,7.069,7.069,7.069,0.06
2005-11-25,7.091,7.091,7.091,7.091,0.31
2005-11-28,7.09,7.09,7.09,7.09,-0.01
2005-11-29,7.076,7.076,7.076,7.076,-0.2
2005-11-30,7.083,7.083,7.083,7.083,0.1
2005-12-01,7.079,7.079,7.079,7.079,-0.06
2005-12-02,7.097,7.097,7.097,7.097,0.25
2005-12-05,7.09,7.09,7.09,7.09,-0.1
2005-12-06,7.097,7.097,7.097,7.097,0.1
2005-12-07,7.097,7.097,7.097,7.097,0.0
2005-12-08,7.097,7.097,7.097,7.097,0.0
2005-12-09,7.104,7.104,7.104,7.104,0.1
2005-12-12,7.111,7.111,7.111,7.111,0.1
2005-12-13,7.111,7.111,7.111,7.111,0.0
2005-12-14,7.111,7.111,7.111,7.111,0.0
2005-12-15,7.111,7.111,7.111,7.111,0.0
2005-12-16,7.104,7.104,7.104,7.104,-0.1
2005-12-19,7.115,7.115,7.115,7.115,0.15
2005-12-20,7.118,7.118,7.118,7.118,0.04
2005-12-21,7.118,7.118,7.118,7.118,0.0
2005-12-22,7.129,7.129,7.129,7.129,0.15
2005-12-23,7.122,7.122,7.122,7.122,-0.1
2005-12-26,7.125,7.125,7.125,7.125,0.04
2005-12-27,7.117,7.117,7.117,7.117,-0.11
2005-12-28,7.117,7.117,7.117,7.117,0.0
2005-12-29,7.11,7.11,7.11,7.11,-0.1
2005-12-30,7.11,7.11,7.11,7.11,0.0
2006-01-02,7.18,7.18,7.18,7.18,0.98
2006-01-03,7.18,7.18,7.18,7.18,0.0
2006-01-04,7.189,7.189,7.189,7.189,0.13
2006-01-05,7.176,7.176,7.176,7.176,-0.18
2006-01-06,7.183,7.183,7.183,7.183,0.1
2006-01-09,7.187,7.187,7.187,7.187,0.06
2006-01-10,7.188,7.188,7.188,7.188,0.01
2006-01-12,7.196,7.196,7.196,7.196,0.11
2006-01-13,7.213,7.213,7.213,7.213,0.24
2006-01-16,7.202,7.202,7.202,7.202,-0.15
2006-01-17,7.19,7.19,7.19,7.19,-0.17
2006-01-18,7.201,7.201,7.201,7.201,0.15
2006-01-19,7.215,7.215,7.215,7.215,0.19
2006-01-20,7.203,7.203,7.203,7.203,-0.17
2006-01-23,7.205,7.205,7.205,7.205,0.03
2006-01-24,7.325,7.325,7.325,7.325,1.67
2006-01-25,7.448,7.448,7.448,7.448,1.68
2006-01-27,7.485,7.485,7.485,7.485,0.5
2006-01-30,7.425,7.425,7.425,7.425,-0.8
2006-01-31,7.372,7.372,7.372,7.372,-0.71
2006-02-01,7.368,7.368,7.368,7.368,-0.05
2006-02-02,7.395,7.395,7.395,7.395,0.37
2006-02-03,7.349,7.349,7.349,7.349,-0.62
2006-02-06,7.326,7.326,7.326,7.326,-0.31
2006-02-07,7.355,7.355,7.355,7.355,0.4
2006-02-08,7.364,7.364,7.364,7.364,0.12
2006-02-10,7.352,7.352,7.352,7.352,-0.16
2006-02-13,7.345,7.345,7.345,7.345,-0.1
2006-02-14,7.359,7.359,7.359,7.359,0.19
2006-02-15,7.374,7.374,7.374,7.374,0.2
2006-02-16,7.342,7.342,7.342,7.342,-0.43
2006-02-17,7.342,7.342,7.342,7.342,0.0
2006-02-20,7.348,7.348,7.348,7.348,0.08
2006-02-21,7.343,7.343,7.343,7.343,-0.07
2006-02-22,7.366,7.366,7.366,7.366,0.31
2006-02-23,7.379,7.379,7.379,7.379,0.18
2006-02-24,7.389,7.389,7.389,7.389,0.14
2006-02-27,7.371,7.371,7.371,7.371,-0.24
2006-02-28,7.393,7.393,7.393,7.393,0.3
2006-03-01,7.408,7.408,7.408,7.408,0.2
2006-03-02,7.411,7.411,7.411,7.411,0.04
2006-03-03,7.447,7.447,7.447,7.447,0.49
2006-03-06,7.477,7.477,7.477,7.477,0.4
2006-03-07,7.435,7.435,7.435,7.435,-0.56
2006-03-08,7.41,7.41,7.41,7.41,-0.34
2006-03-09,7.389,7.389,7.389,7.389,-0.28
2006-03-10,7.409,7.409,7.409,7.409,0.27
2006-03-13,7.413,7.413,7.413,7.413,0.05
2006-03-14,7.416,7.416,7.416,7.416,0.04
2006-03-16,7.41,7.41,7.41,7.41,-0.08
2006-03-17,7.391,7.391,7.391,7.391,-0.26
2006-03-20,7.385,7.385,7.385,7.385,-0.08
2006-03-21,7.375,7.375,7.375,7.375,-0.14
2006-03-22,7.39,7.39,7.39,7.39,0.2
2006-03-23,7.393,7.393,7.393,7.393,0.04
2006-03-24,7.385,7.385,7.385,7.385,-0.11
2006-03-27,7.434,7.434,7.434,7.434,0.66
2006-03-28,7.43,7.43,7.43,7.43,-0.05
2006-03-29,7.493,7.493,7.493,7.493,0.85
2006-03-31,7.55,7.55,7.55,7.55,0.76
2006-04-03,7.557,7.557,7.557,7.557,0.09
2006-04-04,7.549,7.549,7.549,7.549,-0.11
2006-04-05,7.538,7.538,7.538,7.538,-0.15
2006-04-07,7.546,7.546,7.546,7.546,0.11
2006-04-10,7.544,7.544,7.544,7.544,-0.03
2006-04-12,7.575,7.575,7.575,7.575,0.41
2006-04-13,7.611,7.611,7.611,7.611,0.48
2006-04-17,7.632,7.632,7.632,7.632,0.28
2006-04-18,7.537,7.537,7.537,7.537,-1.24
2006-04-19,7.318,7.318,7.318,7.318,-2.91
2006-04-20,7.358,7.358,7.358,7.358,0.55
2006-04-21,7.338,7.338,7.338,7.338,-0.27
2006-04-24,7.357,7.357,7.357,7.357,0.26
2006-04-25,7.35,7.35,7.35,7.35,-0.1
2006-04-26,7.405,7.405,7.405,7.405,0.75
2006-04-27,7.42,7.42,7.42,7.42,0.2
2006-04-28,7.39,7.39,7.39,7.39,-0.4
2006-05-02,7.472,7.472,7.472,7.472,1.11
2006-05-03,7.507,7.507,7.507,7.507,0.47
2006-05-04,7.535,7.535,7.535,7.535,0.37
2006-05-05,7.537,7.537,7.537,7.537,0.03
2006-05-08,7.522,7.522,7.522,7.522,-0.2
2006-05-09,7.49,7.49,7.49,7.49,-0.43
2006-05-10,7.5,7.5,7.5,7.5,0.13
2006-05-11,7.532,7.532,7.532,7.532,0.43
2006-05-12,7.545,7.545,7.545,7.545,0.17
2006-05-15,7.591,7.591,7.591,7.591,0.61
2006-05-16,7.571,7.571,7.571,7.571,-0.26
2006-05-17,7.584,7.584,7.584,7.584,0.17
2006-05-18,7.626,7.626,7.626,7.626,0.55
2006-05-19,7.612,7.612,7.612,7.612,-0.18
2006-05-22,7.597,7.597,7.597,7.597,-0.2
2006-05-23,7.594,7.594,7.594,7.594,-0.04
2006-05-24,7.607,7.607,7.607,7.607,0.17
2006-05-25,7.607,7.607,7.607,7.607,0.0
2006-05-26,7.611,7.611,7.611,7.611,0.05
2006-05-29,7.644,7.644,7.644,7.644,0.43
2006-05-30,7.655,7.655,7.655,7.655,0.14
2006-05-31,7.659,7.659,7.659,7.659,0.05
2006-06-01,7.676,7.676,7.676,7.676,0.22
2006-06-02,7.671,7.671,7.671,7.671,-0.07
2006-06-05,7.652,7.652,7.652,7.652,-0.25
2006-06-06,7.64,7.64,7.64,7.64,-0.16
2006-06-07,7.668,7.668,7.668,7.668,0.37
2006-06-08,7.673,7.673,7.673,7.673,0.07
2006-06-09,7.791,7.791,7.791,7.791,1.54
2006-06-12,7.803,7.803,7.803,7.803,0.15
2006-06-13,7.812,7.812,7.812,7.812,0.12
2006-06-14,7.794,7.794,7.794,7.794,-0.23
2006-06-15,7.8,7.8,7.8,7.8,0.08
2006-06-16,7.803,7.803,7.803,7.803,0.04
2006-06-19,7.907,7.907,7.907,7.907,1.33
2006-06-20,7.913,7.913,7.913,7.913,0.08
2006-06-21,7.913,7.913,7.913,7.913,0.0
2006-06-22,7.993,7.993,7.993,7.993,1.01
2006-06-23,8.089,8.089,8.089,8.089,1.2
2006-06-26,8.123,8.123,8.123,8.123,0.42
2006-06-27,8.135,8.135,8.135,8.135,0.15
2006-06-28,8.12,8.12,8.12,8.12,-0.18
2006-06-29,8.128,8.128,8.128,8.128,0.1
2006-06-30,8.151,8.151,8.151,8.151,0.28
2006-07-03,8.151,8.151,8.151,8.151,0.0
2006-07-04,8.159,8.159,8.159,8.159,0.1
2006-07-05,8.159,8.159,8.159,8.159,0.0
2006-07-06,8.182,8.182,8.182,8.182,0.28
2006-07-07,8.213,8.213,8.213,8.213,0.38
2006-07-10,8.292,8.292,8.292,8.292,0.96
2006-07-11,8.292,8.292,8.292,8.292,0.0
2006-07-12,8.376,8.376,8.376,8.376,1.01
2006-07-13,8.355,8.355,8.355,8.355,-0.25
2006-07-14,8.344,8.344,8.344,8.344,-0.13
2006-07-17,8.371,8.371,8.371,8.371,0.32
2006-07-18,8.373,8.373,8.373,8.373,0.02
2006-07-19,8.34,8.34,8.34,8.34,-0.39
2006-07-20,8.302,8.302,8.302,8.302,-0.46
2006-07-21,8.242,8.242,8.242,8.242,-0.72
2006-07-24,8.219,8.219,8.219,8.219,-0.28
2006-07-25,8.226,8.226,8.226,8.226,0.09
2006-07-26,8.239,8.239,8.239,8.239,0.16
2006-07-27,8.221,8.221,8.221,8.221,-0.22
2006-07-28,8.25,8.25,8.25,8.25,0.35
2006-07-31,8.238,8.238,8.238,8.238,-0.15
2006-08-01,8.29,8.29,8.29,8.29,0.63
2006-08-02,8.29,8.29,8.29,8.29,0.0
2006-08-03,8.29,8.29,8.29,8.29,0.0
2006-08-04,8.287,8.287,8.287,8.287,-0.04
2006-08-07,8.255,8.255,8.255,8.255,-0.39
2006-08-08,8.263,8.263,8.263,8.263,0.1
2006-08-09,8.12,8.12,8.12,8.12,-1.73
2006-08-10,8.087,8.087,8.087,8.087,-0.41
2006-08-11,8.121,8.121,8.121,8.121,0.42
2006-08-14,8.139,8.139,8.139,8.139,0.22
2006-08-16,8.093,8.093,8.093,8.093,-0.57
2006-08-17,8.027,8.027,8.027,8.027,-0.82
2006-08-18,8.019,8.019,8.019,8.019,-0.1
2006-08-21,8.035,8.035,8.035,8.035,0.2
2006-08-22,8.027,8.027,8.027,8.027,-0.1
2006-08-23,8.0,8.0,8.0,8.0,-0.34
2006-08-24,7.929,7.929,7.929,7.929,-0.89
2006-08-25,7.98,7.98,7.98,7.98,0.64
2006-08-28,7.95,7.95,7.95,7.95,-0.38
2006-08-29,7.946,7.946,7.946,7.946,-0.05
2006-08-30,7.933,7.933,7.933,7.933,-0.16
2006-08-31,7.891,7.891,7.891,7.891,-0.53
2006-09-01,7.877,7.877,7.877,7.877,-0.18
2006-09-04,7.723,7.723,7.723,7.723,-1.96
2006-09-05,7.754,7.754,7.754,7.754,0.4
2006-09-06,7.769,7.769,7.769,7.769,0.19
2006-09-07,7.78,7.78,7.78,7.78,0.14
2006-09-08,7.705,7.705,7.705,7.705,-0.96
2006-09-11,7.707,7.707,7.707,7.707,0.03
2006-09-12,7.771,7.771,7.771,7.771,0.83
2006-09-13,7.738,7.738,7.738,7.738,-0.42
2006-09-14,7.808,7.808,7.808,7.808,0.9
2006-09-15,7.829,7.829,7.829,7.829,0.27
2006-09-18,7.786,7.786,7.786,7.786,-0.55
2006-09-19,7.733,7.733,7.733,7.733,-0.68
2006-09-20,7.619,7.619,7.619,7.619,-1.47
2006-09-21,7.68,7.68,7.68,7.68,0.8
2006-09-22,7.619,7.619,7.619,7.619,-0.79
2006-09-25,7.625,7.625,7.625,7.625,0.08
2006-09-26,7.562,7.562,7.562,7.562,-0.83
2006-09-27,7.592,7.592,7.592,7.592,0.4
2006-09-28,7.624,7.624,7.624,7.624,0.42
2006-09-29,7.642,7.642,7.642,7.642,0.24
2006-10-03,7.613,7.613,7.613,7.613,-0.38
2006-10-04,7.587,7.587,7.587,7.587,-0.34
2006-10-05,7.59,7.59,7.59,7.59,0.04
2006-10-06,7.596,7.596,7.596,7.596,0.08
2006-10-09,7.642,7.642,7.642,7.642,0.61
2006-10-10,7.612,7.612,7.612,7.612,-0.39
2006-10-11,7.638,7.638,7.638,7.638,0.34
2006-10-12,7.615,7.615,7.615,7.615,-0.3
2006-10-13,7.617,7.617,7.617,7.617,0.03
2006-10-16,7.677,7.677,7.677,7.677,0.79
2006-10-17,7.683,7.683,7.683,7.683,0.08
2006-10-18,7.684,7.684,7.684,7.684,0.01
2006-10-19,7.675,7.675,7.675,7.675,-0.12
2006-10-20,7.654,7.654,7.654,7.654,-0.27
2006-10-23,7.659,7.659,7.659,7.659,0.07
2006-10-26,7.636,7.636,7.636,7.636,-0.3
2006-10-27,7.607,7.607,7.607,7.607,-0.38
2006-10-30,7.615,7.615,7.615,7.615,0.11
2006-10-31,7.625,7.625,7.625,7.625,0.13
2006-11-01,7.613,7.613,7.613,7.613,-0.16
2006-11-02,7.6,7.6,7.6,7.6,-0.17
2006-11-03,7.642,7.642,7.642,7.642,0.55
2006-11-06,7.661,7.661,7.661,7.661,0.25
2006-11-07,7.617,7.617,7.617,7.617,-0.57
2006-11-08,7.589,7.589,7.589,7.589,-0.37
2006-11-09,7.611,7.611,7.611,7.611,0.29
2006-11-10,7.604,7.604,7.604,7.604,-0.09
2006-11-13,7.584,7.584,7.584,7.584,-0.26
2006-11-14,7.56,7.56,7.56,7.56,-0.32
2006-11-15,7.534,7.534,7.534,7.534,-0.34
2006-11-16,7.539,7.539,7.539,7.539,0.07
2006-11-17,7.53,7.53,7.53,7.53,-0.12
2006-11-20,7.483,7.483,7.483,7.483,-0.62
2006-11-21,7.47,7.47,7.47,7.47,-0.17
2006-11-22,7.467,7.467,7.467,7.467,-0.04
2006-11-23,7.456,7.456,7.456,7.456,-0.15
2006-11-24,7.431,7.431,7.431,7.431,-0.34
2006-11-27,7.383,7.383,7.383,7.383,-0.65
2006-11-28,7.377,7.377,7.377,7.377,-0.08
2006-11-29,7.407,7.407,7.407,7.407,0.41
2006-11-30,7.424,7.424,7.424,7.424,0.23
2006-12-01,7.426,7.426,7.426,7.426,0.03
2006-12-04,7.381,7.381,7.381,7.381,-0.61
2006-12-05,7.379,7.379,7.379,7.379,-0.03
2006-12-06,7.39,7.39,7.39,7.39,0.15
2006-12-07,7.393,7.393,7.393,7.393,0.04
2006-12-08,7.39,7.39,7.39,7.39,-0.04
2006-12-11,7.538,7.538,7.538,7.538,2.0
2006-12-12,7.644,7.644,7.644,7.644,1.41
2006-12-13,7.622,7.622,7.622,7.622,-0.29
2006-12-14,7.683,7.683,7.683,7.683,0.8
2006-12-15,7.641,7.641,7.641,7.641,-0.55
2006-12-18,7.613,7.613,7.613,7.613,-0.37
2006-12-19,7.583,7.583,7.583,7.583,-0.39
2006-12-20,7.586,7.586,7.586,7.586,0.04
2006-12-21,7.603,7.603,7.603,7.603,0.22
2006-12-22,7.601,7.601,7.601,7.601,-0.03
2006-12-26,7.625,7.625,7.625,7.625,0.32
2006-12-27,7.621,7.621,7.621,7.621,-0.05
2006-12-28,7.63,7.63,7.63,7.63,0.12
2006-12-29,7.619,7.619,7.619,7.619,-0.14
2007-01-02,7.536,7.536,7.536,7.536,-1.09
2007-01-03,7.54,7.54,7.54,7.54,0.05
2007-01-04,7.584,7.584,7.584,7.584,0.58
2007-01-05,7.555,7.555,7.555,7.555,-0.38
2007-01-08,7.49,7.49,7.49,7.49,-0.86
2007-01-09,7.51,7.51,7.51,7.51,0.27
2007-01-10,7.537,7.537,7.537,7.537,0.36
2007-01-11,7.537,7.537,7.537,7.537,0.0
2007-01-12,7.927,7.927,7.927,7.927,5.17
2007-01-15,7.792,7.792,7.792,7.792,-1.7
2007-01-16,7.766,7.766,7.766,7.766,-0.33
2007-01-17,7.81,7.81,7.81,7.81,0.57
2007-01-18,7.81,7.81,7.81,7.81,0.0
2007-01-19,7.807,7.807,7.807,7.807,-0.04
2007-01-22,7.908,7.908,7.908,7.908,1.29
2007-01-23,7.873,7.873,7.873,7.873,-0.44
2007-01-24,7.896,7.896,7.896,7.896,0.29
2007-01-25,7.883,7.883,7.883,7.883,-0.16
2007-01-29,7.9,7.9,7.9,7.9,0.22
2007-01-31,7.738,7.738,7.738,7.738,-2.05
2007-02-02,7.699,7.699,7.699,7.699,-0.5
2007-02-05,7.716,7.716,7.716,7.716,0.22
2007-02-06,7.752,7.752,7.752,7.752,0.47
2007-02-07,7.749,7.749,7.749,7.749,-0.04
2007-02-08,7.791,7.791,7.791,7.791,0.54
2007-02-09,7.808,7.808,7.808,7.808,0.22
2007-02-12,7.826,7.826,7.826,7.826,0.23
2007-02-13,7.921,7.921,7.921,7.921,1.21
2007-02-14,8.083,8.083,8.083,8.083,2.05
2007-02-15,8.073,8.073,8.073,8.073,-0.12
2007-02-19,8.016,8.016,8.016,8.016,-0.71
2007-02-20,8.003,8.003,8.003,8.003,-0.16
2007-02-21,7.925,7.925,7.925,7.925,-0.97
2007-02-22,7.957,7.957,7.957,7.957,0.4
2007-02-23,7.935,7.935,7.935,7.935,-0.28
2007-02-26,7.892,7.892,7.892,7.892,-0.54
2007-02-27,7.898,7.898,7.898,7.898,0.08
2007-02-28,8.0,8.0,8.0,8.0,1.29
2007-03-01,7.935,7.935,7.935,7.935,-0.81
2007-03-02,7.949,7.949,7.949,7.949,0.18
2007-03-05,7.979,7.979,7.979,7.979,0.38
2007-03-06,7.956,7.956,7.956,7.956,-0.29
2007-03-07,7.953,7.953,7.953,7.953,-0.04
2007-03-08,8.004,8.004,8.004,8.004,0.64
2007-03-09,8.001,8.001,8.001,8.001,-0.04
2007-03-12,7.949,7.949,7.949,7.949,-0.65
2007-03-13,7.971,7.971,7.971,7.971,0.28
2007-03-14,7.969,7.969,7.969,7.969,-0.03
2007-03-15,7.993,7.993,7.993,7.993,0.3
2007-03-16,8.023,8.023,8.023,8.023,0.38
2007-03-20,8.067,8.067,8.067,8.067,0.55
2007-03-21,8.052,8.052,8.052,8.052,-0.19
2007-03-22,7.948,7.948,7.948,7.948,-1.29
2007-03-23,7.951,7.951,7.951,7.951,0.04
2007-03-26,7.996,7.996,7.996,7.996,0.57
2007-03-28,7.982,7.982,7.982,7.982,-0.18
2007-03-29,7.97,7.97,7.97,7.97,-0.15
2007-03-30,8.022,8.022,8.022,8.022,0.65
2007-04-03,8.183,8.183,8.183,8.183,2.01
2007-04-04,8.16,8.16,8.16,8.16,-0.28
2007-04-05,8.183,8.183,8.183,8.183,0.28
2007-04-09,8.12,8.12,8.12,8.12,-0.77
2007-04-10,8.024,8.024,8.024,8.024,-1.18
2007-04-11,8.047,8.047,8.047,8.047,0.29
2007-04-12,8.078,8.078,8.078,8.078,0.39
2007-04-13,8.105,8.105,8.105,8.105,0.33
2007-04-16,8.105,8.105,8.105,8.105,0.0
2007-04-17,8.108,8.108,8.108,8.108,0.04
2007-04-18,8.075,8.075,8.075,8.075,-0.41
2007-04-19,8.096,8.096,8.096,8.096,0.26
2007-04-20,8.067,8.067,8.067,8.067,-0.36
2007-04-23,8.1,8.1,8.1,8.1,0.41
2007-04-24,8.003,8.003,8.003,8.003,-1.2
2007-04-25,7.98,7.98,7.98,7.98,-0.29
2007-04-26,8.052,8.052,8.052,8.052,0.9
2007-04-27,8.142,8.142,8.142,8.142,1.12
2007-04-30,8.173,8.173,8.173,8.173,0.38
2007-05-03,8.15,8.15,8.15,8.15,-0.28
2007-05-04,8.159,8.159,8.159,8.159,0.11
2007-05-07,8.159,8.159,8.159,8.159,0.0
2007-05-08,8.114,8.114,8.114,8.114,-0.55
2007-05-09,8.082,8.082,8.082,8.082,-0.39
2007-05-10,8.122,8.122,8.122,8.122,0.49
2007-05-11,8.167,8.167,8.167,8.167,0.55
2007-05-14,8.151,8.151,8.151,8.151,-0.2
2007-05-15,8.122,8.122,8.122,8.122,-0.36
2007-05-16,8.104,8.104,8.104,8.104,-0.22
2007-05-17,8.123,8.123,8.123,8.123,0.23
2007-05-18,8.154,8.154,8.154,8.154,0.38
2007-05-21,8.09,8.09,8.09,8.09,-0.78
2007-05-22,8.113,8.113,8.113,8.113,0.28
2007-05-23,8.143,8.143,8.143,8.143,0.37
2007-05-24,8.156,8.156,8.156,8.156,0.16
2007-05-25,8.136,8.136,8.136,8.136,-0.25
2007-05-28,8.071,8.071,8.071,8.071,-0.8
2007-05-29,8.104,8.104,8.104,8.104,0.41
2007-05-30,8.101,8.101,8.101,8.101,-0.04
2007-05-31,8.08,8.08,8.08,8.08,-0.26
2007-06-01,8.077,8.077,8.077,8.077,-0.04
2007-06-04,8.086,8.086,8.086,8.086,0.11
2007-06-05,8.092,8.092,8.092,8.092,0.07
2007-06-06,8.136,8.136,8.136,8.136,0.54
2007-06-07,8.103,8.103,8.103,8.103,-0.41
2007-06-08,8.138,8.138,8.138,8.138,0.43
2007-06-11,8.345,8.345,8.345,8.345,2.54
2007-06-12,8.379,8.379,8.379,8.379,0.41
2007-06-13,8.411,8.411,8.411,8.411,0.38
2007-06-14,8.331,8.331,8.331,8.331,-0.95
2007-06-15,8.288,8.288,8.288,8.288,-0.52
2007-06-18,8.202,8.202,8.202,8.202,-1.04
2007-06-19,8.221,8.221,8.221,8.221,0.23
2007-06-20,8.249,8.249,8.249,8.249,0.34
2007-06-21,8.235,8.235,8.235,8.235,-0.17
2007-06-22,8.229,8.229,8.229,8.229,-0.07
2007-06-25,8.183,8.183,8.183,8.183,-0.56
2007-06-26,8.206,8.206,8.206,8.206,0.28
2007-06-27,8.238,8.238,8.238,8.238,0.39
2007-06-28,8.194,8.194,8.194,8.194,-0.53
2007-06-29,8.187,8.187,8.187,8.187,-0.09
2007-07-02,8.111,8.111,8.111,8.111,-0.93
2007-07-03,8.097,8.097,8.097,8.097,-0.17
2007-07-04,8.028,8.028,8.028,8.028,-0.85
2007-07-05,8.007,8.007,8.007,8.007,-0.26
2007-07-06,8.01,8.01,8.01,8.01,0.04
2007-07-09,7.925,7.925,7.925,7.925,-1.06
2007-07-10,7.939,7.939,7.939,7.939,0.18
2007-07-11,7.925,7.925,7.925,7.925,-0.18
2007-07-12,7.916,7.916,7.916,7.916,-0.11
2007-07-13,7.939,7.939,7.939,7.939,0.29
2007-07-16,7.914,7.914,7.914,7.914,-0.31
2007-07-17,7.843,7.843,7.843,7.843,-0.9
2007-07-18,7.784,7.784,7.784,7.784,-0.75
2007-07-19,7.831,7.831,7.831,7.831,0.6
2007-07-20,7.808,7.808,7.808,7.808,-0.29
2007-07-23,7.747,7.747,7.747,7.747,-0.78
2007-07-24,7.775,7.775,7.775,7.775,0.36
2007-07-25,7.825,7.825,7.825,7.825,0.64
2007-07-26,7.804,7.804,7.804,7.804,-0.27
2007-07-27,7.834,7.834,7.834,7.834,0.38
2007-07-30,7.776,7.776,7.776,7.776,-0.74
2007-07-31,7.845,7.845,7.845,7.845,0.89
2007-08-01,7.897,7.897,7.897,7.897,0.66
2007-08-02,7.891,7.891,7.891,7.891,-0.08
2007-08-03,7.86,7.86,7.86,7.86,-0.39
2007-08-06,7.852,7.852,7.852,7.852,-0.1
2007-08-07,7.826,7.826,7.826,7.826,-0.33
2007-08-08,7.906,7.906,7.906,7.906,1.02
2007-08-09,7.991,7.991,7.991,7.991,1.08
2007-08-10,7.983,7.983,7.983,7.983,-0.1
2007-08-13,7.977,7.977,7.977,7.977,-0.08
2007-08-14,7.988,7.988,7.988,7.988,0.14
2007-08-16,8.036,8.036,8.036,8.036,0.6
2007-08-17,7.999,7.999,7.999,7.999,-0.46
2007-08-21,7.958,7.958,7.958,7.958,-0.51
2007-08-22,7.912,7.912,7.912,7.912,-0.58
2007-08-23,7.931,7.931,7.931,7.931,0.24
2007-08-24,7.937,7.937,7.937,7.937,0.08
2007-08-27,7.928,7.928,7.928,7.928,-0.11
2007-08-28,7.939,7.939,7.939,7.939,0.14
2007-08-29,7.952,7.952,7.952,7.952,0.16
2007-08-30,7.97,7.97,7.97,7.97,0.23
2007-08-31,7.93,7.93,7.93,7.93,-0.5
2007-09-03,7.902,7.902,7.902,7.902,-0.35
2007-09-04,7.917,7.917,7.917,7.917,0.19
2007-09-05,7.928,7.928,7.928,7.928,0.14
2007-09-06,7.92,7.92,7.92,7.92,-0.1
2007-09-07,7.896,7.896,7.896,7.896,-0.3
2007-09-10,7.864,7.864,7.864,7.864,-0.41
2007-09-11,7.896,7.896,7.896,7.896,0.41
2007-09-12,7.896,7.896,7.896,7.896,0.0
2007-09-13,7.898,7.898,7.898,7.898,0.03
2007-09-14,7.886,7.886,7.886,7.886,-0.15
2007-09-17,7.892,7.892,7.892,7.892,0.08
2007-09-18,7.886,7.886,7.886,7.886,-0.08
2007-09-19,7.862,7.862,7.862,7.862,-0.3
2007-09-20,7.844,7.844,7.844,7.844,-0.23
2007-09-21,7.859,7.859,7.859,7.859,0.19
2007-09-24,7.887,7.887,7.887,7.887,0.36
2007-09-25,7.927,7.927,7.927,7.927,0.51
2007-09-26,7.923,7.923,7.923,7.923,-0.05
2007-09-27,7.928,7.928,7.928,7.928,0.06
2007-09-28,7.925,7.925,7.925,7.925,-0.04
2007-10-01,7.919,7.919,7.919,7.919,-0.08
2007-10-03,7.898,7.898,7.898,7.898,-0.27
2007-10-04,7.893,7.893,7.893,7.893,-0.06
2007-10-05,7.908,7.908,7.908,7.908,0.19
2007-10-06,7.913,7.913,7.913,7.913,0.06
2007-10-08,7.941,7.941,7.941,7.941,0.35
2007-10-09,7.926,7.926,7.926,7.926,-0.19
2007-10-10,7.901,7.901,7.901,7.901,-0.32
2007-10-11,7.893,7.893,7.893,7.893,-0.1
2007-10-12,7.904,7.904,7.904,7.904,0.14
2007-10-13,7.902,7.902,7.902,7.902,-0.03
2007-10-15,7.908,7.908,7.908,7.908,0.08
2007-10-16,7.912,7.912,7.912,7.912,0.05
2007-10-17,7.927,7.927,7.927,7.927,0.19
2007-10-18,7.914,7.914,7.914,7.914,-0.16
2007-10-19,7.898,7.898,7.898,7.898,-0.2
2007-10-20,7.898,7.898,7.898,7.898,0.0
2007-10-22,7.863,7.863,7.863,7.863,-0.44
2007-10-23,7.823,7.823,7.823,7.823,-0.51
2007-10-24,7.831,7.831,7.831,7.831,0.1
2007-10-25,7.819,7.819,7.819,7.819,-0.15
2007-10-26,7.822,7.822,7.822,7.822,0.04
2007-10-27,7.823,7.823,7.823,7.823,0.01
2007-10-29,7.816,7.816,7.816,7.816,-0.09
2007-10-30,7.86,7.86,7.86,7.86,0.56
2007-10-31,7.839,7.839,7.839,7.839,-0.27
2007-11-01,7.859,7.859,7.859,7.859,0.26
2007-11-02,7.859,7.859,7.859,7.859,0.0
2007-11-03,7.857,7.857,7.857,7.857,-0.03
2007-11-05,7.868,7.868,7.868,7.868,0.14
2007-11-06,7.896,7.896,7.896,7.896,0.36
2007-11-07,7.896,7.896,7.896,7.896,0.0
2007-11-08,7.914,7.914,7.914,7.914,0.23
2007-11-10,7.935,7.935,7.935,7.935,0.27
2007-11-12,7.923,7.923,7.923,7.923,-0.15
2007-11-13,7.887,7.887,7.887,7.887,-0.45
2007-11-14,7.875,7.875,7.875,7.875,-0.15
2007-11-15,7.883,7.883,7.883,7.883,0.1
2007-11-16,7.881,7.881,7.881,7.881,-0.03
2007-11-17,7.881,7.881,7.881,7.881,0.0
2007-11-19,7.875,7.875,7.875,7.875,-0.08
2007-11-20,7.875,7.875,7.875,7.875,0.0
2007-11-21,7.886,7.886,7.886,7.886,0.14
2007-11-22,7.884,7.884,7.884,7.884,-0.03
2007-11-23,7.89,7.89,7.89,7.89,0.08
2007-11-26,7.89,7.89,7.89,7.89,0.0
2007-11-27,7.896,7.896,7.896,7.896,0.08
2007-11-28,7.922,7.922,7.922,7.922,0.33
2007-11-29,7.923,7.923,7.923,7.923,0.01
2007-11-30,7.905,7.905,7.905,7.905,-0.23
2007-12-01,7.908,7.908,7.908,7.908,0.04
2007-12-03,7.881,7.881,7.881,7.881,-0.34
2007-12-04,7.883,7.883,7.883,7.883,0.03
2007-12-05,7.869,7.869,7.869,7.869,-0.18
2007-12-06,7.878,7.878,7.878,7.878,0.11
2007-12-07,7.874,7.874,7.874,7.874,-0.05
2007-12-08,7.869,7.869,7.869,7.869,-0.06
2007-12-10,7.877,7.877,7.877,7.877,0.1
2007-12-11,7.883,7.883,7.883,7.883,0.08
2007-12-12,7.878,7.878,7.878,7.878,-0.06
2007-12-13,7.885,7.885,7.885,7.885,0.09
2007-12-14,7.9,7.9,7.9,7.9,0.19
2007-12-15,7.897,7.897,7.897,7.897,-0.04
2007-12-17,7.898,7.898,7.898,7.898,0.01
2007-12-18,7.892,7.892,7.892,7.892,-0.08
2007-12-19,7.882,7.882,7.882,7.882,-0.13
2007-12-20,7.871,7.871,7.871,7.871,-0.14
2007-12-22,7.868,7.868,7.868,7.868,-0.04
2007-12-24,7.864,7.864,7.864,7.864,-0.05
2007-12-26,7.87,7.87,7.87,7.87,0.08
2007-12-27,7.856,7.856,7.856,7.856,-0.18
2007-12-28,7.811,7.811,7.811,7.811,-0.57
2007-12-29,7.81,7.81,7.81,7.81,-0.01
2007-12-31,7.791,7.791,7.791,7.791,-0.24
2008-01-01,7.746,7.746,7.746,7.746,-0.58
2008-01-02,7.746,7.746,7.746,7.746,0.0
2008-01-03,7.755,7.755,7.755,7.755,0.12
2008-01-04,7.706,7.706,7.706,7.706,-0.63
2008-01-05,7.707,7.707,7.707,7.707,0.01
2008-01-07,7.66,7.66,7.66,7.66,-0.61
2008-01-08,7.673,7.673,7.673,7.673,0.17
2008-01-09,7.654,7.654,7.654,7.654,-0.25
2008-01-10,7.586,7.586,7.586,7.586,-0.89
2008-01-11,7.563,7.563,7.563,7.563,-0.3
2008-01-12,7.563,7.563,7.563,7.563,0.0
2008-01-14,7.544,7.544,7.544,7.544,-0.25
2008-01-15,7.556,7.556,7.556,7.556,0.16
2008-01-16,7.563,7.563,7.563,7.563,0.09
2008-01-17,7.554,7.554,7.554,7.554,-0.12
2008-01-18,7.551,7.551,7.551,7.551,-0.04
2008-01-21,7.54,7.54,7.54,7.54,-0.15
2008-01-22,7.467,7.467,7.467,7.467,-0.97
2008-01-23,7.385,7.385,7.385,7.385,-1.1
2008-01-24,7.379,7.379,7.379,7.379,-0.08
2008-01-25,7.431,7.431,7.431,7.431,0.7
2008-01-28,7.438,7.438,7.438,7.438,0.09
2008-01-29,7.542,7.542,7.542,7.542,1.4
2008-01-30,7.559,7.559,7.559,7.559,0.23
2008-01-31,7.529,7.529,7.529,7.529,-0.4
2008-02-01,7.487,7.487,7.487,7.487,-0.56
2008-02-02,7.496,7.496,7.496,7.496,0.12
2008-02-04,7.515,7.515,7.515,7.515,0.25
2008-02-05,7.518,7.518,7.518,7.518,0.04
2008-02-06,7.488,7.488,7.488,7.488,-0.4
2008-02-07,7.473,7.473,7.473,7.473,-0.2
2008-02-08,7.47,7.47,7.47,7.47,-0.04
2008-02-09,7.464,7.464,7.464,7.464,-0.08
2008-02-11,7.439,7.439,7.439,7.439,-0.33
2008-02-12,7.453,7.453,7.453,7.453,0.19
2008-02-13,7.455,7.455,7.455,7.455,0.03
2008-02-14,7.464,7.464,7.464,7.464,0.12
2008-02-15,7.503,7.503,7.503,7.503,0.52
2008-02-16,7.512,7.512,7.512,7.512,0.12
2008-02-18,7.543,7.543,7.543,7.543,0.41
2008-02-19,7.562,7.562,7.562,7.562,0.25
2008-02-20,7.645,7.645,7.645,7.645,1.1
2008-02-21,7.583,7.583,7.583,7.583,-0.81
2008-02-22,7.679,7.679,7.679,7.679,1.27
2008-02-23,7.692,7.692,7.692,7.692,0.17
2008-02-25,7.64,7.64,7.64,7.64,-0.68
2008-02-26,7.631,7.631,7.631,7.631,-0.12
2008-02-27,7.629,7.629,7.629,7.629,-0.03
2008-02-28,7.602,7.602,7.602,7.602,-0.35
2008-02-29,7.568,7.568,7.568,7.568,-0.45
2008-03-03,7.524,7.524,7.524,7.524,-0.58
2008-03-04,7.582,7.582,7.582,7.582,0.77
2008-03-05,7.551,7.551,7.551,7.551,-0.41
2008-03-07,7.59,7.59,7.59,7.59,0.52
2008-03-08,7.585,7.585,7.585,7.585,-0.07
2008-03-10,7.62,7.62,7.62,7.62,0.46
2008-03-11,7.604,7.604,7.604,7.604,-0.21
2008-03-12,7.559,7.559,7.559,7.559,-0.59
2008-03-13,7.569,7.569,7.569,7.569,0.13
2008-03-14,7.63,7.63,7.63,7.63,0.81
2008-03-15,7.624,7.624,7.624,7.624,-0.08
2008-03-17,7.633,7.633,7.633,7.633,0.12
2008-03-18,7.593,7.593,7.593,7.593,-0.52
2008-03-19,7.621,7.621,7.621,7.621,0.37
2008-03-24,7.72,7.72,7.72,7.72,1.3
2008-03-25,7.723,7.723,7.723,7.723,0.04
2008-03-26,7.768,7.768,7.768,7.768,0.58
2008-03-27,7.773,7.773,7.773,7.773,0.06
2008-03-28,7.874,7.874,7.874,7.874,1.3
2008-03-31,7.938,7.938,7.938,7.938,0.81
2008-04-02,7.931,7.931,7.931,7.931,-0.09
2008-04-03,7.887,7.887,7.887,7.887,-0.55
2008-04-04,7.985,7.985,7.985,7.985,1.24
2008-04-07,7.99,7.99,7.99,7.99,0.06
2008-04-08,7.945,7.945,7.945,7.945,-0.56
2008-04-09,7.925,7.925,7.925,7.925,-0.25
2008-04-10,7.964,7.964,7.964,7.964,0.49
2008-04-11,8.034,8.034,8.034,8.034,0.88
2008-04-15,8.018,8.018,8.018,8.018,-0.2
2008-04-16,8.08,8.08,8.08,8.08,0.77
2008-04-17,8.118,8.118,8.118,8.118,0.47
2008-04-21,8.178,8.178,8.178,8.178,0.74
2008-04-22,8.165,8.165,8.165,8.165,-0.16
2008-04-23,8.186,8.186,8.186,8.186,0.26
2008-04-24,8.194,8.194,8.194,8.194,0.1
2008-04-25,8.175,8.175,8.175,8.175,-0.23
2008-04-28,8.141,8.141,8.141,8.141,-0.42
2008-04-29,8.004,8.004,8.004,8.004,-1.68
2008-04-30,7.956,7.956,7.956,7.956,-0.6
2008-05-02,7.903,7.903,7.903,7.903,-0.67
2008-05-05,7.876,7.876,7.876,7.876,-0.34
2008-05-06,7.89,7.89,7.89,7.89,0.18
2008-05-07,7.925,7.925,7.925,7.925,0.44
2008-05-08,7.944,7.944,7.944,7.944,0.24
2008-05-09,7.917,7.917,7.917,7.917,-0.34
2008-05-12,7.897,7.897,7.897,7.897,-0.25
2008-05-13,7.914,7.914,7.914,7.914,0.22
2008-05-14,7.938,7.938,7.938,7.938,0.3
2008-05-15,7.98,7.98,7.98,7.98,0.53
2008-05-16,8.011,8.011,8.011,8.011,0.39
2008-05-20,8.003,8.003,8.003,8.003,-0.1
2008-05-21,8.058,8.058,8.058,8.058,0.69
2008-05-22,8.113,8.113,8.113,8.113,0.68
2008-05-23,8.088,8.088,8.088,8.088,-0.31
2008-05-26,8.114,8.114,8.114,8.114,0.32
2008-05-27,8.119,8.119,8.119,8.119,0.06
2008-05-28,8.06,8.06,8.06,8.06,-0.73
2008-05-29,8.104,8.104,8.104,8.104,0.55
2008-05-30,8.101,8.101,8.101,8.101,-0.04
2008-06-02,8.085,8.085,8.085,8.085,-0.2
2008-06-03,8.127,8.127,8.127,8.127,0.52
2008-06-04,8.141,8.141,8.141,8.141,0.17
2008-06-05,8.185,8.185,8.185,8.185,0.54
2008-06-06,8.238,8.238,8.238,8.238,0.65
2008-06-09,8.287,8.287,8.287,8.287,0.59
2008-06-10,8.289,8.289,8.289,8.289,0.02
2008-06-11,8.263,8.263,8.263,8.263,-0.31
2008-06-12,8.326,8.326,8.326,8.326,0.76
2008-06-13,8.393,8.393,8.393,8.393,0.8
2008-06-16,8.358,8.358,8.358,8.358,-0.42
2008-06-17,8.335,8.335,8.335,8.335,-0.28
2008-06-18,8.366,8.366,8.366,8.366,0.37
2008-06-19,8.477,8.477,8.477,8.477,1.33
2008-06-20,8.627,8.627,8.627,8.627,1.77
2008-06-23,8.632,8.632,8.632,8.632,0.06
2008-06-24,8.567,8.567,8.567,8.567,-0.75
2008-06-25,8.666,8.666,8.666,8.666,1.16
2008-06-26,8.612,8.612,8.612,8.612,-0.62
2008-06-27,8.615,8.615,8.615,8.615,0.03
2008-06-30,8.713,8.713,8.713,8.713,1.14
2008-07-01,8.792,8.792,8.792,8.792,0.91
2008-07-02,8.808,8.808,8.808,8.808,0.18
2008-07-03,8.84,8.84,8.84,8.84,0.36
2008-07-04,9.154,9.154,9.154,9.154,3.55
2008-07-07,9.159,9.159,9.159,9.159,0.05
2008-07-08,9.294,9.294,9.294,9.294,1.47
2008-07-09,9.319,9.319,9.319,9.319,0.27
2008-07-10,9.419,9.419,9.419,9.419,1.07
2008-07-11,9.469,9.469,9.469,9.469,0.53
2008-07-14,9.383,9.383,9.383,9.383,-0.91
2008-07-15,9.478,9.478,9.478,9.478,1.01
2008-07-16,9.383,9.383,9.383,9.383,-1.0
2008-07-17,9.246,9.246,9.246,9.246,-1.46
2008-07-18,9.096,9.096,9.096,9.096,-1.62
2008-07-21,9.052,9.052,9.052,9.052,-0.48
2008-07-22,9.132,9.132,9.132,9.132,0.88
2008-07-23,9.038,9.038,9.038,9.038,-1.03
2008-07-24,9.07,9.07,9.07,9.07,0.35
2008-07-25,9.157,9.157,9.157,9.157,0.96
2008-07-28,9.082,9.082,9.082,9.082,-0.82
2008-07-29,9.393,9.393,9.393,9.393,3.42
2008-07-30,9.321,9.321,9.321,9.321,-0.77
2008-07-31,9.316,9.316,9.316,9.316,-0.05
2008-08-01,9.274,9.274,9.274,9.274,-0.45
2008-08-04,9.2,9.2,9.2,9.2,-0.8
2008-08-05,8.988,8.988,8.988,8.988,-2.3
2008-08-06,9.025,9.025,9.025,9.025,0.41
2008-08-07,9.097,9.097,9.097,9.097,0.8
2008-08-08,9.029,9.029,9.029,9.029,-0.75
2008-08-11,8.908,8.908,8.908,8.908,-1.34
2008-08-12,8.965,8.965,8.965,8.965,0.64
2008-08-13,9.078,9.078,9.078,9.078,1.26
2008-08-14,9.161,9.161,9.161,9.161,0.91
2008-08-18,9.094,9.094,9.094,9.094,-0.73
2008-08-20,9.132,9.132,9.132,9.132,0.42
2008-08-21,9.206,9.206,9.206,9.206,0.81
2008-08-22,9.085,9.085,9.085,9.085,-1.31
2008-08-25,8.991,8.991,8.991,8.991,-1.03
2008-08-26,8.891,8.891,8.891,8.891,-1.11
2008-08-27,8.885,8.885,8.885,8.885,-0.07
2008-08-28,8.799,8.799,8.799,8.799,-0.97
2008-08-29,8.7,8.7,8.7,8.7,-1.13
2008-09-01,8.637,8.637,8.637,8.637,-0.72
2008-09-02,8.609,8.609,8.609,8.609,-0.32
2008-09-04,8.476,8.476,8.476,8.476,-1.54
2008-09-05,8.484,8.484,8.484,8.484,0.09
2008-09-08,8.494,8.494,8.494,8.494,0.12
2008-09-09,8.41,8.41,8.41,8.41,-0.99
2008-09-10,8.357,8.357,8.357,8.357,-0.63
2008-09-11,8.288,8.288,8.288,8.288,-0.83
2008-09-12,8.348,8.348,8.348,8.348,0.72
2008-09-15,8.15,8.15,8.15,8.15,-2.37
2008-09-16,8.097,8.097,8.097,8.097,-0.65
2008-09-17,8.185,8.185,8.185,8.185,1.09
2008-09-18,8.384,8.384,8.384,8.384,2.43
2008-09-19,8.415,8.415,8.415,8.415,0.37
2008-09-22,8.464,8.464,8.464,8.464,0.58
2008-09-23,8.426,8.426,8.426,8.426,-0.45
2008-09-24,8.632,8.632,8.632,8.632,2.44
2008-09-25,8.572,8.572,8.572,8.572,-0.7
2008-09-26,8.58,8.58,8.58,8.58,0.09
2008-09-29,8.617,8.617,8.617,8.617,0.43
2008-10-01,8.46,8.46,8.46,8.46,-1.82
2008-10-03,8.291,8.291,8.291,8.291,-2.0
2008-10-06,8.102,8.102,8.102,8.102,-2.28
2008-10-07,8.094,8.094,8.094,8.094,-0.1
2008-10-08,7.977,7.977,7.977,7.977,-1.45
2008-10-10,7.814,7.814,7.814,7.814,-2.04
2008-10-13,7.785,7.785,7.785,7.785,-0.37
2008-10-14,7.974,7.974,7.974,7.974,2.43
2008-10-15,7.929,7.929,7.929,7.929,-0.56
2008-10-16,7.714,7.714,7.714,7.714,-2.71
2008-10-17,7.705,7.705,7.705,7.705,-0.12
2008-10-20,7.517,7.517,7.517,7.517,-2.44
2008-10-22,7.589,7.589,7.589,7.589,0.96
2008-10-23,7.567,7.567,7.567,7.567,-0.29
2008-10-24,7.683,7.683,7.683,7.683,1.53
2008-10-27,7.61,7.61,7.61,7.61,-0.95
2008-10-29,7.512,7.512,7.512,7.512,-1.29
2008-10-31,7.478,7.478,7.478,7.478,-0.45
2008-11-03,7.561,7.561,7.561,7.561,1.11
2008-11-04,7.631,7.631,7.631,7.631,0.93
2008-11-05,7.763,7.763,7.763,7.763,1.73
2008-11-06,7.714,7.714,7.714,7.714,-0.63
2008-11-07,7.711,7.711,7.711,7.711,-0.04
2008-11-10,7.715,7.715,7.715,7.715,0.05
2008-11-11,7.682,7.682,7.682,7.682,-0.43
2008-11-12,7.632,7.632,7.632,7.632,-0.65
2008-11-14,7.468,7.468,7.468,7.468,-2.15
2008-11-17,7.509,7.509,7.509,7.509,0.55
2008-11-18,7.473,7.473,7.473,7.473,-0.48
2008-11-19,7.403,7.403,7.403,7.403,-0.94
2008-11-20,7.252,7.252,7.252,7.252,-2.04
2008-11-21,7.223,7.223,7.223,7.223,-0.4
2008-11-24,7.201,7.201,7.201,7.201,-0.3
2008-11-25,7.215,7.215,7.215,7.215,0.19
2008-11-26,7.112,7.112,7.112,7.112,-1.43
2008-11-28,7.08,7.08,7.08,7.08,-0.45
2008-12-01,7.065,7.065,7.065,7.065,-0.21
2008-12-02,7.016,7.016,7.016,7.016,-0.69
2008-12-03,6.787,6.787,6.787,6.787,-3.26
2008-12-04,6.865,6.865,6.865,6.865,1.15
2008-12-05,6.771,6.771,6.771,6.771,-1.37
2008-12-08,6.692,6.692,6.692,6.692,-1.17
2008-12-10,6.625,6.625,6.625,6.625,-1.0
2008-12-11,6.473,6.473,6.473,6.473,-2.29
2008-12-12,6.23,6.23,6.23,6.23,-3.75
2008-12-15,6.178,6.178,6.178,6.178,-0.83
2008-12-16,6.011,6.011,6.011,6.011,-2.7
2008-12-17,5.813,5.813,5.813,5.813,-3.29
2008-12-18,5.574,5.574,5.574,5.574,-4.11
2008-12-19,5.572,5.572,5.572,5.572,-0.04
2008-12-22,5.722,5.722,5.722,5.722,2.69
2008-12-23,5.746,5.746,5.746,5.746,0.42
2008-12-24,5.603,5.603,5.603,5.603,-2.49
2008-12-26,5.618,5.618,5.618,5.618,0.27
2008-12-29,5.549,5.549,5.549,5.549,-1.23
2008-12-30,5.337,5.337,5.337,5.337,-3.82
2008-12-31,5.26,5.26,5.26,5.26,-1.44
2009-01-01,5.275,5.275,5.275,5.275,0.29
2009-01-02,5.349,5.349,5.349,5.349,1.4
2009-01-05,5.172,5.172,5.172,5.172,-3.31
2009-01-06,5.293,5.293,5.293,5.293,2.34
2009-01-07,5.982,5.982,5.982,5.982,13.02
2009-01-09,6.048,6.048,6.048,6.048,1.1
2009-01-12,5.845,5.845,5.845,5.845,-3.36
2009-01-13,5.679,5.679,5.679,5.679,-2.84
2009-01-14,5.576,5.576,5.576,5.576,-1.81
2009-01-15,5.559,5.559,5.559,5.559,-0.3
2009-01-16,5.588,5.588,5.588,5.588,0.52
2009-01-19,5.6,5.6,5.6,5.6,0.21
2009-01-20,5.682,5.682,5.682,5.682,1.46
2009-01-21,5.879,5.879,5.879,5.879,3.47
2009-01-22,5.814,5.814,5.814,5.814,-1.11
2009-01-23,5.748,5.748,5.748,5.748,-1.14
2009-01-24,5.742,5.742,5.742,5.742,-0.1
2009-01-27,5.966,5.966,5.966,5.966,3.9
2009-01-28,6.057,6.057,6.057,6.057,1.53
2009-01-29,6.109,6.109,6.109,6.109,0.86
2009-01-30,6.187,6.187,6.187,6.187,1.28
2009-02-02,6.169,6.169,6.169,6.169,-0.29
2009-02-03,6.359,6.359,6.359,6.359,3.08
2009-02-04,6.413,6.413,6.413,6.413,0.85
2009-02-05,6.5,6.5,6.5,6.5,1.36
2009-02-06,6.324,6.324,6.324,6.324,-2.71
2009-02-09,6.317,6.317,6.317,6.317,-0.11
2009-02-10,6.454,6.454,6.454,6.454,2.17
2009-02-11,6.316,6.316,6.316,6.316,-2.14
2009-02-12,6.182,6.182,6.182,6.182,-2.12
2009-02-13,6.155,6.155,6.155,6.155,-0.44
2009-02-16,6.415,6.415,6.415,6.415,4.22
2009-02-17,6.489,6.489,6.489,6.489,1.15
2009-02-18,6.367,6.367,6.367,6.367,-1.88
2009-02-19,6.313,6.313,6.313,6.313,-0.85
2009-02-24,6.596,6.596,6.596,6.596,4.48
2009-02-25,6.665,6.665,6.665,6.665,1.05
2009-02-26,6.507,6.507,6.507,6.507,-2.37
2009-02-27,6.328,6.328,6.328,6.328,-2.75
2009-03-02,6.301,6.301,6.301,6.301,-0.43
2009-03-03,6.368,6.368,6.368,6.368,1.06
2009-03-04,6.443,6.443,6.443,6.443,1.18
2009-03-05,6.429,6.429,6.429,6.429,-0.22
2009-03-06,6.752,6.752,6.752,6.752,5.02
2009-03-09,6.78,6.78,6.78,6.78,0.41
2009-03-12,7.077,7.077,7.077,7.077,4.38
2009-03-13,6.82,6.82,6.82,6.82,-3.63
2009-03-16,6.624,6.624,6.624,6.624,-2.87
2009-03-17,6.756,6.756,6.756,6.756,1.99
2009-03-18,6.7,6.7,6.7,6.7,-0.83
2009-03-19,6.812,6.812,6.812,6.812,1.67
2009-03-20,6.853,6.853,6.853,6.853,0.6
2009-03-23,6.648,6.648,6.648,6.648,-2.99
2009-03-24,6.701,6.701,6.701,6.701,0.8
2009-03-25,6.788,6.788,6.788,6.788,1.3
2009-03-26,7.031,7.031,7.031,7.031,3.58
2009-03-28,6.993,6.993,6.993,6.993,-0.54
2009-03-30,7.074,7.074,7.074,7.074,1.16
2009-03-31,7.014,7.014,7.014,7.014,-0.85
2009-04-02,6.951,6.951,6.951,6.951,-0.9
2009-04-04,6.969,6.969,6.969,6.969,0.26
2009-04-06,7.015,7.015,7.015,7.015,0.66
2009-04-08,6.863,6.863,6.863,6.863,-2.17
2009-04-09,6.718,6.718,6.718,6.718,-2.11
2009-04-11,6.696,6.696,6.696,6.696,-0.33
2009-04-13,6.74,6.74,6.74,6.74,0.66
2009-04-15,6.617,6.617,6.617,6.617,-1.82
2009-04-16,6.445,6.445,6.445,6.445,-2.6
2009-04-17,6.41,6.41,6.41,6.41,-0.54
2009-04-18,6.409,6.409,6.409,6.409,-0.02
2009-04-20,6.396,6.396,6.396,6.396,-0.2
2009-04-21,6.172,6.172,6.172,6.172,-3.5
2009-04-22,6.172,6.172,6.172,6.172,0.0
2009-04-23,6.207,6.207,6.207,6.207,0.57
2009-04-24,6.124,6.124,6.124,6.124,-1.34
2009-04-25,6.12,6.12,6.12,6.12,-0.07
2009-04-27,6.131,6.131,6.131,6.131,0.18
2009-04-28,6.198,6.198,6.198,6.198,1.09
2009-04-29,6.242,6.242,6.242,6.242,0.71
2009-05-02,6.227,6.227,6.227,6.227,-0.24
2009-05-04,6.355,6.355,6.355,6.355,2.06
2009-05-05,6.299,6.299,6.299,6.299,-0.88
2009-05-06,6.187,6.187,6.187,6.187,-1.78
2009-05-07,6.235,6.235,6.235,6.235,0.78
2009-05-08,6.381,6.381,6.381,6.381,2.34
2009-05-11,6.362,6.362,6.362,6.362,-0.3
2009-05-12,6.405,6.405,6.405,6.405,0.68
2009-05-13,6.355,6.355,6.355,6.355,-0.78
2009-05-14,6.405,6.405,6.405,6.405,0.79
2009-05-15,6.419,6.419,6.419,6.419,0.22
2009-05-18,6.299,6.299,6.299,6.299,-1.87
2009-05-19,6.398,6.398,6.398,6.398,1.57
2009-05-20,6.367,6.367,6.367,6.367,-0.48
2009-05-21,6.423,6.423,6.423,6.423,0.88
2009-05-22,6.477,6.477,6.477,6.477,0.84
2009-05-25,6.542,6.542,6.542,6.542,1.0
2009-05-26,6.564,6.564,6.564,6.564,0.34
2009-05-27,6.622,6.622,6.622,6.622,0.88
2009-05-28,6.699,6.699,6.699,6.699,1.16
2009-05-29,6.71,6.71,6.71,6.71,0.16
2009-06-01,6.681,6.681,6.681,6.681,-0.43
2009-06-02,6.649,6.649,6.649,6.649,-0.48
2009-06-03,6.579,6.579,6.579,6.579,-1.05
2009-06-04,6.543,6.543,6.543,6.543,-0.55
2009-06-05,6.555,6.555,6.555,6.555,0.18
2009-06-08,6.594,6.594,6.594,6.594,0.59
2009-06-09,6.653,6.653,6.653,6.653,0.89
2009-06-10,6.785,6.785,6.785,6.785,1.98
2009-06-11,6.897,6.897,6.897,6.897,1.65
2009-06-12,6.912,6.912,6.912,6.912,0.22
2009-06-15,6.905,6.905,6.905,6.905,-0.1
2009-06-16,6.912,6.912,6.912,6.912,0.1
2009-06-17,6.898,6.898,6.898,6.898,-0.2
2009-06-18,6.905,6.905,6.905,6.905,0.1
2009-06-19,6.921,6.921,6.921,6.921,0.23
2009-06-22,6.951,6.951,6.951,6.951,0.43
2009-06-23,7.012,7.012,7.012,7.012,0.88
2009-06-24,7.004,7.004,7.004,7.004,-0.11
2009-06-25,7.002,7.002,7.002,7.002,-0.03
2009-06-26,6.998,6.998,6.998,6.998,-0.06
2009-06-29,6.998,6.998,6.998,6.998,0.0
2009-06-30,7.013,7.013,7.013,7.013,0.21
2009-07-01,6.982,6.982,6.982,6.982,-0.44
2009-07-02,6.878,6.878,6.878,6.878,-1.49
2009-07-03,6.834,6.834,6.834,6.834,-0.64
2009-07-06,7.022,7.022,7.022,7.022,2.75
2009-07-07,7.076,7.076,7.076,7.076,0.77
2009-07-08,7.008,7.008,7.008,7.008,-0.96
2009-07-09,6.985,6.985,6.985,6.985,-0.33
2009-07-10,7.024,7.024,7.024,7.024,0.56
2009-07-13,6.994,6.994,6.994,6.994,-0.43
2009-07-14,7.017,7.017,7.017,7.017,0.33
2009-07-15,7.032,7.032,7.032,7.032,0.21
2009-07-16,7.01,7.01,7.01,7.01,-0.31
2009-07-17,7.01,7.01,7.01,7.01,0.0
2009-07-20,7.056,7.056,7.056,7.056,0.66
2009-07-21,7.057,7.057,7.057,7.057,0.01
2009-07-22,6.988,6.988,6.988,6.988,-0.98
2009-07-23,7.004,7.004,7.004,7.004,0.23
2009-07-24,7.043,7.043,7.043,7.043,0.56
2009-07-27,6.949,6.949,6.949,6.949,-1.33
2009-07-28,6.906,6.906,6.906,6.906,-0.62
2009-07-29,6.906,6.906,6.906,6.906,0.0
2009-07-30,6.96,6.96,6.96,6.96,0.78
2009-07-31,6.998,6.998,6.998,6.998,0.55
2009-08-03,7.012,7.012,7.012,7.012,0.2
2009-08-04,7.008,7.008,7.008,7.008,-0.06
2009-08-05,7.062,7.062,7.062,7.062,0.77
2009-08-06,7.091,7.091,7.091,7.091,0.41
2009-08-07,7.041,7.041,7.041,7.041,-0.71
2009-08-10,7.095,7.095,7.095,7.095,0.77
2009-08-11,7.055,7.055,7.055,7.055,-0.56
2009-08-12,7.041,7.041,7.041,7.041,-0.2
2009-08-13,7.036,7.036,7.036,7.036,-0.07
2009-08-14,7.112,7.112,7.112,7.112,1.08
2009-08-17,7.098,7.098,7.098,7.098,-0.2
2009-08-18,7.134,7.134,7.134,7.134,0.51
2009-08-20,7.184,7.184,7.184,7.184,0.7
2009-08-21,7.33,7.33,7.33,7.33,2.03
2009-08-24,7.341,7.341,7.341,7.341,0.15
2009-08-25,7.316,7.316,7.316,7.316,-0.34
2009-08-26,7.228,7.228,7.228,7.228,-1.2
2009-08-27,7.272,7.272,7.272,7.272,0.61
2009-08-28,7.343,7.343,7.343,7.343,0.98
2009-08-31,7.434,7.434,7.434,7.434,1.24
2009-09-01,7.424,7.424,7.424,7.424,-0.13
2009-09-02,7.397,7.397,7.397,7.397,-0.36
2009-09-03,7.454,7.454,7.454,7.454,0.77
2009-09-04,7.461,7.461,7.461,7.461,0.09
2009-09-07,7.297,7.297,7.297,7.297,-2.2
2009-09-08,7.376,7.376,7.376,7.376,1.08
2009-09-09,7.343,7.343,7.343,7.343,-0.45
2009-09-10,7.42,7.42,7.42,7.42,1.05
2009-09-11,7.368,7.368,7.368,7.368,-0.7
2009-09-14,7.233,7.233,7.233,7.233,-1.83
2009-09-15,7.106,7.106,7.106,7.106,-1.76
2009-09-16,7.084,7.084,7.084,7.084,-0.31
2009-09-17,7.149,7.149,7.149,7.149,0.92
2009-09-18,7.113,7.113,7.113,7.113,-0.5
2009-09-22,7.135,7.135,7.135,7.135,0.31
2009-09-23,7.091,7.091,7.091,7.091,-0.62
2009-09-24,7.106,7.106,7.106,7.106,0.21
2009-09-25,7.179,7.179,7.179,7.179,1.03
2009-09-29,7.215,7.215,7.215,7.215,0.5
2009-10-01,7.223,7.223,7.223,7.223,0.11
2009-10-05,7.164,7.164,7.164,7.164,-0.82
2009-10-06,7.223,7.223,7.223,7.223,0.82
2009-10-07,7.26,7.26,7.26,7.26,0.51
2009-10-08,7.216,7.216,7.216,7.216,-0.61
2009-10-09,7.326,7.326,7.326,7.326,1.52
2009-10-12,7.356,7.356,7.356,7.356,0.41
2009-10-14,7.371,7.371,7.371,7.371,0.2
2009-10-15,7.371,7.371,7.371,7.371,0.0
2009-10-16,7.409,7.409,7.409,7.409,0.52
2009-10-20,7.405,7.405,7.405,7.405,-0.05
2009-10-21,7.35,7.35,7.35,7.35,-0.74
2009-10-22,7.384,7.384,7.384,7.384,0.46
2009-10-23,7.462,7.462,7.462,7.462,1.06
2009-10-26,7.428,7.428,7.428,7.428,-0.46
2009-10-27,7.335,7.335,7.335,7.335,-1.25
2009-10-28,7.266,7.266,7.266,7.266,-0.94
2009-10-29,7.266,7.266,7.266,7.266,0.0
2009-10-30,7.306,7.306,7.306,7.306,0.55
2009-11-03,7.242,7.242,7.242,7.242,-0.88
2009-11-04,7.277,7.277,7.277,7.277,0.48
2009-11-05,7.284,7.284,7.284,7.284,0.1
2009-11-06,7.321,7.321,7.321,7.321,0.51
2009-11-09,7.307,7.307,7.307,7.307,-0.19
2009-11-10,7.307,7.307,7.307,7.307,0.0
2009-11-11,7.337,7.337,7.337,7.337,0.41
2009-11-12,7.359,7.359,7.359,7.359,0.3
2009-11-13,7.331,7.331,7.331,7.331,-0.38
2009-11-16,7.315,7.315,7.315,7.315,-0.22
2009-11-17,7.278,7.278,7.278,7.278,-0.51
2009-11-18,7.267,7.267,7.267,7.267,-0.15
2009-11-19,7.263,7.263,7.263,7.263,-0.06
2009-11-20,7.188,7.188,7.188,7.188,-1.03
2009-11-23,7.226,7.226,7.226,7.226,0.53
2009-11-24,7.201,7.201,7.201,7.201,-0.35
2009-11-25,7.19,7.19,7.19,7.19,-0.15
2009-11-26,7.168,7.168,7.168,7.168,-0.31
2009-11-27,7.197,7.197,7.197,7.197,0.4
2009-11-30,7.257,7.257,7.257,7.257,0.83
2009-12-01,7.324,7.324,7.324,7.324,0.92
2009-12-02,7.333,7.333,7.333,7.333,0.12
2009-12-03,7.399,7.399,7.399,7.399,0.9
2009-12-04,7.475,7.475,7.475,7.475,1.03
2009-12-07,7.483,7.483,7.483,7.483,0.11
2009-12-08,7.453,7.453,7.453,7.453,-0.4
2009-12-09,7.466,7.466,7.466,7.466,0.17
2009-12-10,7.532,7.532,7.532,7.532,0.88
2009-12-11,7.575,7.575,7.575,7.575,0.57
2009-12-14,7.568,7.568,7.568,7.568,-0.09
2009-12-15,7.605,7.605,7.605,7.605,0.49
2009-12-16,7.691,7.691,7.691,7.691,1.13
2009-12-17,7.647,7.647,7.647,7.647,-0.57
2009-12-18,7.731,7.731,7.731,7.731,1.1
2009-12-21,7.739,7.739,7.739,7.739,0.1
2009-12-22,7.711,7.711,7.711,7.711,-0.36
2009-12-23,7.708,7.708,7.708,7.708,-0.04
2009-12-24,7.686,7.686,7.686,7.686,-0.29
2009-12-29,7.717,7.717,7.717,7.717,0.4
2009-12-30,7.686,7.686,7.686,7.686,-0.4
2009-12-31,7.679,7.679,7.679,7.679,-0.09
2010-01-01,7.695,7.695,7.695,7.695,0.21
2010-01-04,7.676,7.676,7.676,7.676,-0.25
2010-01-05,7.701,7.701,7.701,7.701,0.33
2010-01-06,7.734,7.734,7.734,7.734,0.43
2010-01-07,7.778,7.778,7.778,7.778,0.57
2010-01-08,7.773,7.773,7.773,7.773,-0.06
2010-01-11,7.751,7.751,7.751,7.751,-0.28
2010-01-12,7.798,7.798,7.798,7.798,0.61
2010-01-13,7.767,7.767,7.767,7.767,-0.4
2010-01-14,7.7,7.7,7.7,7.7,-0.86
2010-01-15,7.736,7.736,7.736,7.736,0.47
2010-01-18,7.613,7.613,7.613,7.613,-1.59
2010-01-19,7.635,7.635,7.635,7.635,0.29
2010-01-20,7.628,7.628,7.628,7.628,-0.09
2010-01-21,7.566,7.566,7.566,7.566,-0.81
2010-01-22,7.567,7.567,7.567,7.567,0.01
2010-01-25,7.583,7.583,7.583,7.583,0.21
2010-01-27,7.544,7.544,7.544,7.544,-0.51
2010-01-28,7.549,7.549,7.549,7.549,0.07
2010-01-29,7.591,7.591,7.591,7.591,0.56
2010-02-01,7.638,7.638,7.638,7.638,0.62
2010-02-02,7.676,7.676,7.676,7.676,0.5
2010-02-03,7.669,7.669,7.669,7.669,-0.09
2010-02-04,7.693,7.693,7.693,7.693,0.31
2010-02-05,7.678,7.678,7.678,7.678,-0.19
2010-02-08,7.678,7.678,7.678,7.678,0.0
2010-02-09,7.701,7.701,7.701,7.701,0.3
2010-02-10,7.788,7.788,7.788,7.788,1.13
2010-02-11,7.859,7.859,7.859,7.859,0.91
2010-02-15,7.891,7.891,7.891,7.891,0.41
2010-02-16,7.868,7.868,7.868,7.868,-0.29
2010-02-17,7.892,7.892,7.892,7.892,0.31
2010-02-18,7.869,7.869,7.869,7.869,-0.29
2010-02-19,7.885,7.885,7.885,7.885,0.2
2010-02-22,7.846,7.846,7.846,7.846,-0.49
2010-02-23,7.799,7.799,7.799,7.799,-0.6
2010-02-24,7.799,7.799,7.799,7.799,0.0
2010-02-25,7.823,7.823,7.823,7.823,0.31
2010-02-26,7.864,7.864,7.864,7.864,0.52
2010-03-02,7.944,7.944,7.944,7.944,1.02
2010-03-03,7.952,7.952,7.952,7.952,0.1
2010-03-04,7.945,7.945,7.945,7.945,-0.09
2010-03-05,7.973,7.973,7.973,7.973,0.35
2010-03-08,8.01,8.01,8.01,8.01,0.46
2010-03-09,7.97,7.97,7.97,7.97,-0.5
2010-03-10,7.978,7.978,7.978,7.978,0.1
2010-03-11,8.0,8.0,8.0,8.0,0.28
2010-03-12,8.015,8.015,8.015,8.015,0.19
2010-03-15,8.005,8.005,8.005,8.005,-0.12
2010-03-17,7.965,7.965,7.965,7.965,-0.5
2010-03-18,7.912,7.912,7.912,7.912,-0.67
2010-03-19,7.831,7.831,7.831,7.831,-1.02
2010-03-22,7.855,7.855,7.855,7.855,0.31
2010-03-23,7.863,7.863,7.863,7.863,0.1
2010-03-25,7.875,7.875,7.875,7.875,0.15
2010-03-26,7.856,7.856,7.856,7.856,-0.24
2010-03-29,7.762,7.762,7.762,7.762,-1.2
2010-03-30,7.769,7.769,7.769,7.769,0.09
2010-03-31,7.85,7.85,7.85,7.85,1.04
2010-04-05,7.811,7.811,7.811,7.811,-0.5
2010-04-06,7.795,7.795,7.795,7.795,-0.2
2010-04-07,7.796,7.796,7.796,7.796,0.01
2010-04-08,7.863,7.863,7.863,7.863,0.86
2010-04-09,8.013,8.013,8.013,8.013,1.91
2010-04-12,8.029,8.029,8.029,8.029,0.2
2010-04-13,8.057,8.057,8.057,8.057,0.35
2010-04-15,8.079,8.079,8.079,8.079,0.27
2010-04-16,8.088,8.088,8.088,8.088,0.11
2010-04-19,8.077,8.077,8.077,8.077,-0.14
2010-04-20,7.984,7.984,7.984,7.984,-1.15
2010-04-21,8.008,8.008,8.008,8.008,0.3
2010-04-22,7.992,7.992,7.992,7.992,-0.2
2010-04-23,8.058,8.058,8.058,8.058,0.83
2010-04-26,8.07,8.07,8.07,8.07,0.15
2010-04-27,8.108,8.108,8.108,8.108,0.47
2010-04-28,8.108,8.108,8.108,8.108,0.0
2010-04-29,8.092,8.092,8.092,8.092,-0.2
2010-04-30,8.061,8.061,8.061,8.061,-0.38
2010-05-03,8.045,8.045,8.045,8.045,-0.2
2010-05-04,7.968,7.968,7.968,7.968,-0.96
2010-05-05,7.973,7.973,7.973,7.973,0.06
2010-05-06,7.978,7.978,7.978,7.978,0.06
2010-05-07,7.966,7.966,7.966,7.966,-0.15
2010-05-10,8.023,8.023,8.023,8.023,0.72
2010-05-11,7.975,7.975,7.975,7.975,-0.6
2010-05-12,7.93,7.93,7.93,7.93,-0.56
2010-05-13,7.499,7.499,7.499,7.499,-5.44
2010-05-14,7.502,7.502,7.502,7.502,0.04
2010-05-17,7.466,7.466,7.466,7.466,-0.48
2010-05-18,7.5,7.5,7.5,7.5,0.46
2010-05-19,7.438,7.438,7.438,7.438,-0.83
2010-05-20,7.416,7.416,7.416,7.416,-0.3
2010-05-21,7.382,7.382,7.382,7.382,-0.46
2010-05-24,7.395,7.395,7.395,7.395,0.18
2010-05-25,7.383,7.383,7.383,7.383,-0.16
2010-05-26,7.524,7.524,7.524,7.524,1.91
2010-05-28,7.539,7.539,7.539,7.539,0.2
2010-05-31,7.564,7.564,7.564,7.564,0.33
2010-06-01,7.564,7.564,7.564,7.564,0.0
2010-06-02,7.503,7.503,7.503,7.503,-0.81
2010-06-03,7.56,7.56,7.56,7.56,0.76
2010-06-04,7.537,7.537,7.537,7.537,-0.3
2010-06-07,7.49,7.49,7.49,7.49,-0.62
2010-06-08,7.463,7.463,7.463,7.463,-0.36
2010-06-09,7.485,7.485,7.485,7.485,0.29
2010-06-10,7.53,7.53,7.53,7.53,0.6
2010-06-11,7.638,7.638,7.638,7.638,1.43
2010-06-14,7.686,7.686,7.686,7.686,0.63
2010-06-15,7.659,7.659,7.659,7.659,-0.35
2010-06-16,7.593,7.593,7.593,7.593,-0.86
2010-06-17,7.62,7.62,7.62,7.62,0.36
2010-06-18,7.572,7.572,7.572,7.572,-0.63
2010-06-21,7.568,7.568,7.568,7.568,-0.05
2010-06-22,7.572,7.572,7.572,7.572,0.05
2010-06-23,7.585,7.585,7.585,7.585,0.17
2010-06-24,7.581,7.581,7.581,7.581,-0.05
2010-06-25,7.659,7.659,7.659,7.659,1.03
2010-06-28,7.598,7.598,7.598,7.598,-0.8
2010-06-29,7.57,7.57,7.57,7.57,-0.37
2010-06-30,7.561,7.561,7.561,7.561,-0.12
2010-07-01,7.528,7.528,7.528,7.528,-0.44
2010-07-02,7.551,7.551,7.551,7.551,0.31
2010-07-05,7.613,7.613,7.613,7.613,0.82
2010-07-06,7.616,7.616,7.616,7.616,0.04
2010-07-07,7.587,7.587,7.587,7.587,-0.38
2010-07-08,7.601,7.601,7.601,7.601,0.18
2010-07-09,7.654,7.654,7.654,7.654,0.7
2010-07-12,7.614,7.614,7.614,7.614,-0.52
2010-07-13,7.623,7.623,7.623,7.623,0.12
2010-07-14,7.626,7.626,7.626,7.626,0.04
2010-07-15,7.636,7.636,7.636,7.636,0.13
2010-07-16,7.637,7.637,7.637,7.637,0.01
2010-07-19,7.62,7.62,7.62,7.62,-0.22
2010-07-20,7.65,7.65,7.65,7.65,0.39
2010-07-21,7.682,7.682,7.682,7.682,0.42
2010-07-22,7.678,7.678,7.678,7.678,-0.05
2010-07-23,7.681,7.681,7.681,7.681,0.04
2010-07-26,7.681,7.681,7.681,7.681,0.0
2010-07-27,7.713,7.713,7.713,7.713,0.42
2010-07-28,7.753,7.753,7.753,7.753,0.52
2010-07-29,7.787,7.787,7.787,7.787,0.44
2010-07-30,7.803,7.803,7.803,7.803,0.21
2010-08-02,7.864,7.864,7.864,7.864,0.78
2010-08-03,7.823,7.823,7.823,7.823,-0.52
2010-08-04,7.837,7.837,7.837,7.837,0.18
2010-08-05,7.899,7.899,7.899,7.899,0.79
2010-08-06,7.833,7.833,7.833,7.833,-0.84
2010-08-09,7.817,7.817,7.817,7.817,-0.2
2010-08-10,7.84,7.84,7.84,7.84,0.29
2010-08-11,7.824,7.824,7.824,7.824,-0.2
2010-08-12,7.833,7.833,7.833,7.833,0.12
2010-08-13,7.827,7.827,7.827,7.827,-0.08
2010-08-16,7.824,7.824,7.824,7.824,-0.04
2010-08-17,7.876,7.876,7.876,7.876,0.66
2010-08-18,7.951,7.951,7.951,7.951,0.95
2010-08-20,7.977,7.977,7.977,7.977,0.33
2010-08-23,8.015,8.015,8.015,8.015,0.48
2010-08-24,8.012,8.012,8.012,8.012,-0.04
2010-08-25,8.067,8.067,8.067,8.067,0.69
2010-08-26,8.031,8.031,8.031,8.031,-0.45
2010-08-27,7.976,7.976,7.976,7.976,-0.68
2010-08-30,7.993,7.993,7.993,7.993,0.21
2010-08-31,7.936,7.936,7.936,7.936,-0.71
2010-09-01,7.961,7.961,7.961,7.961,0.32
2010-09-02,7.981,7.981,7.981,7.981,0.25
2010-09-03,7.97,7.97,7.97,7.97,-0.14
2010-09-06,7.99,7.99,7.99,7.99,0.25
2010-09-07,7.949,7.949,7.949,7.949,-0.51
2010-09-08,7.936,7.936,7.936,7.936,-0.16
2010-09-09,7.913,7.913,7.913,7.913,-0.29
2010-09-13,7.977,7.977,7.977,7.977,0.81
2010-09-14,7.944,7.944,7.944,7.944,-0.41
2010-09-15,7.948,7.948,7.948,7.948,0.05
2010-09-16,7.973,7.973,7.973,7.973,0.31
2010-09-17,7.985,7.985,7.985,7.985,0.15
2010-09-20,7.981,7.981,7.981,7.981,-0.05
2010-09-21,7.968,7.968,7.968,7.968,-0.16
2010-09-22,7.953,7.953,7.953,7.953,-0.19
2010-09-23,7.925,7.925,7.925,7.925,-0.35
2010-09-24,7.867,7.867,7.867,7.867,-0.73
2010-09-27,7.864,7.864,7.864,7.864,-0.04
2010-09-28,7.849,7.849,7.849,7.849,-0.19
2010-09-29,7.852,7.852,7.852,7.852,0.04
2010-10-01,7.912,7.912,7.912,7.912,0.76
2010-10-04,7.936,7.936,7.936,7.936,0.3
2010-10-05,7.956,7.956,7.956,7.956,0.25
2010-10-06,7.93,7.93,7.93,7.93,-0.33
2010-10-07,7.947,7.947,7.947,7.947,0.21
2010-10-08,7.991,7.991,7.991,7.991,0.55
2010-10-11,8.0,8.0,8.0,8.0,0.11
2010-10-12,8.021,8.021,8.021,8.021,0.26
2010-10-13,8.022,8.022,8.022,8.022,0.01
2010-10-14,8.025,8.025,8.025,8.025,0.04
2010-10-15,8.07,8.07,8.07,8.07,0.56
2010-10-18,8.095,8.095,8.095,8.095,0.31
2010-10-19,8.086,8.086,8.086,8.086,-0.11
2010-10-20,8.157,8.157,8.157,8.157,0.88
2010-10-21,8.14,8.14,8.14,8.14,-0.21
2010-10-22,8.147,8.147,8.147,8.147,0.09
2010-10-25,8.147,8.147,8.147,8.147,0.0
2010-10-26,8.177,8.177,8.177,8.177,0.37
2010-10-27,8.13,8.13,8.13,8.13,-0.57
2010-10-28,8.135,8.135,8.135,8.135,0.06
2010-10-29,8.121,8.121,8.121,8.121,-0.17
2010-11-01,8.11,8.11,8.11,8.11,-0.14
2010-11-02,7.973,7.973,7.973,7.973,-1.69
2010-11-03,7.955,7.955,7.955,7.955,-0.23
2010-11-04,7.985,7.985,7.985,7.985,0.38
2010-11-08,8.012,8.012,8.012,8.012,0.34
2010-11-09,8.032,8.032,8.032,8.032,0.25
2010-11-10,8.078,8.078,8.078,8.078,0.57
2010-11-11,8.09,8.09,8.09,8.09,0.15
2010-11-12,8.089,8.089,8.089,8.089,-0.01
2010-11-15,8.066,8.066,8.066,8.066,-0.28
2010-11-16,8.069,8.069,8.069,8.069,0.04
2010-11-18,8.025,8.025,8.025,8.025,-0.55
2010-11-19,8.03,8.03,8.03,8.03,0.06
2010-11-22,8.021,8.021,8.021,8.021,-0.11
2010-11-23,7.996,7.996,7.996,7.996,-0.31
2010-11-24,8.033,8.033,8.033,8.033,0.46
2010-11-25,8.019,8.019,8.019,8.019,-0.17
2010-11-26,7.968,7.968,7.968,7.968,-0.64
2010-11-29,8.016,8.016,8.016,8.016,0.6
2010-11-30,8.066,8.066,8.066,8.066,0.62
2010-12-01,8.114,8.114,8.114,8.114,0.6
2010-12-02,8.087,8.087,8.087,8.087,-0.33
2010-12-03,8.178,8.178,8.178,8.178,1.13
2010-12-06,8.219,8.219,8.219,8.219,0.5
2010-12-07,8.097,8.097,8.097,8.097,-1.48
2010-12-08,8.114,8.114,8.114,8.114,0.21
2010-12-09,8.125,8.125,8.125,8.125,0.14
2010-12-10,8.097,8.097,8.097,8.097,-0.34
2010-12-13,8.114,8.114,8.114,8.114,0.21
2010-12-14,8.099,8.099,8.099,8.099,-0.18
2010-12-15,8.078,8.078,8.078,8.078,-0.26
2010-12-16,7.959,7.959,7.959,7.959,-1.47
2010-12-20,7.967,7.967,7.967,7.967,0.1
2010-12-21,7.934,7.934,7.934,7.934,-0.41
2010-12-22,7.957,7.957,7.957,7.957,0.29
2010-12-23,7.933,7.933,7.933,7.933,-0.3
2010-12-24,7.916,7.916,7.916,7.916,-0.21
2010-12-27,7.919,7.919,7.919,7.919,0.04
2010-12-28,7.903,7.903,7.903,7.903,-0.2
2010-12-29,7.893,7.893,7.893,7.893,-0.13
2010-12-30,7.92,7.92,7.92,7.92,0.34
2010-12-31,7.913,7.913,7.913,7.913,-0.09
2011-01-03,7.96,7.96,7.96,7.96,0.59
2011-01-04,8.068,8.068,8.068,8.068,1.36
2011-01-05,8.068,8.068,8.068,8.068,0.0
2011-01-06,8.126,8.126,8.126,8.126,0.72
2011-01-07,8.199,8.199,8.199,8.199,0.9
2011-01-10,8.226,8.226,8.226,8.226,0.33
2011-01-11,8.208,8.208,8.208,8.208,-0.22
2011-01-12,8.178,8.178,8.178,8.178,-0.37
2011-01-13,8.142,8.142,8.142,8.142,-0.44
2011-01-14,8.191,8.191,8.191,8.191,0.6
2011-01-17,8.234,8.234,8.234,8.234,0.52
2011-01-18,8.194,8.194,8.194,8.194,-0.49
2011-01-19,8.184,8.184,8.184,8.184,-0.12
2011-01-20,8.13,8.13,8.13,8.13,-0.66
2011-01-21,8.171,8.171,8.171,8.171,0.5
2011-01-24,8.185,8.185,8.185,8.185,0.17
2011-01-25,8.154,8.154,8.154,8.154,-0.38
2011-01-27,8.148,8.148,8.148,8.148,-0.07
2011-01-28,8.132,8.132,8.132,8.132,-0.2
2011-01-31,8.148,8.148,8.148,8.148,0.2
2011-02-01,8.154,8.154,8.154,8.154,0.07
2011-02-02,8.15,8.15,8.15,8.15,-0.05
2011-02-03,8.162,8.162,8.162,8.162,0.15
2011-02-04,8.196,8.196,8.196,8.196,0.42
2011-02-07,8.207,8.207,8.207,8.207,0.13
2011-02-08,8.179,8.179,8.179,8.179,-0.34
2011-02-09,8.166,8.166,8.166,8.166,-0.16
2011-02-10,8.131,8.131,8.131,8.131,-0.43
2011-02-11,8.127,8.127,8.127,8.127,-0.05
2011-02-14,8.09,8.09,8.09,8.09,-0.46
2011-02-15,8.105,8.105,8.105,8.105,0.19
2011-02-17,8.083,8.083,8.083,8.083,-0.27
2011-02-18,8.099,8.099,8.099,8.099,0.2
2011-02-21,8.078,8.078,8.078,8.078,-0.26
2011-02-22,8.063,8.063,8.063,8.063,-0.19
2011-02-23,8.039,8.039,8.039,8.039,-0.3
2011-02-24,8.075,8.075,8.075,8.075,0.45
2011-02-25,8.079,8.079,8.079,8.079,0.05
2011-02-28,7.992,7.992,7.992,7.992,-1.08
2011-03-01,7.994,7.994,7.994,7.994,0.03
2011-03-03,7.936,7.936,7.936,7.936,-0.73
2011-03-04,7.942,7.942,7.942,7.942,0.08
2011-03-07,7.98,7.98,7.98,7.98,0.48
2011-03-08,7.964,7.964,7.964,7.964,-0.2
2011-03-09,7.961,7.961,7.961,7.961,-0.04
2011-03-10,7.961,7.961,7.961,7.961,0.0
2011-03-11,7.965,7.965,7.965,7.965,0.05
2011-03-14,7.962,7.962,7.962,7.962,-0.04
2011-03-15,7.963,7.963,7.963,7.963,0.01
2011-03-16,7.965,7.965,7.965,7.965,0.03
2011-03-17,7.989,7.989,7.989,7.989,0.3
2011-03-18,8.005,8.005,8.005,8.005,0.2
2011-03-21,8.017,8.017,8.017,8.017,0.15
2011-03-22,8.016,8.016,8.016,8.016,-0.01
2011-03-23,8.013,8.013,8.013,8.013,-0.04
2011-03-24,8.013,8.013,8.013,8.013,0.0
2011-03-25,7.992,7.992,7.992,7.992,-0.26
2011-03-28,7.982,7.982,7.982,7.982,-0.13
2011-03-29,8.002,8.002,8.002,8.002,0.25
2011-03-30,8.016,8.016,8.016,8.016,0.17
2011-03-31,7.985,7.985,7.985,7.985,-0.39
2011-04-05,7.977,7.977,7.977,7.977,-0.1
2011-04-06,7.99,7.99,7.99,7.99,0.16
2011-04-07,7.974,7.974,7.974,7.974,-0.2
2011-04-08,7.965,7.965,7.965,7.965,-0.11
2011-04-11,8.019,8.019,8.019,8.019,0.68
2011-04-13,8.024,8.024,8.024,8.024,0.06
2011-04-15,8.064,8.064,8.064,8.064,0.5
2011-04-18,8.082,8.082,8.082,8.082,0.22
2011-04-19,8.08,8.08,8.08,8.08,-0.02
2011-04-20,8.092,8.092,8.092,8.092,0.15
2011-04-21,8.11,8.11,8.11,8.11,0.22
2011-04-25,8.134,8.134,8.134,8.134,0.3
2011-04-26,8.091,8.091,8.091,8.091,-0.53
2011-04-27,8.091,8.091,8.091,8.091,0.0
2011-04-28,8.111,8.111,8.111,8.111,0.25
2011-04-29,8.135,8.135,8.135,8.135,0.3
2011-05-02,8.139,8.139,8.139,8.139,0.05
2011-05-03,8.23,8.23,8.23,8.23,1.12
2011-05-04,8.294,8.294,8.294,8.294,0.78
2011-05-05,8.268,8.268,8.268,8.268,-0.31
2011-05-06,8.183,8.183,8.183,8.183,-1.03
2011-05-09,8.262,8.262,8.262,8.262,0.97
2011-05-10,8.284,8.284,8.284,8.284,0.27
2011-05-11,8.292,8.292,8.292,8.292,0.1
2011-05-12,8.212,8.212,8.212,8.212,-0.96
2011-05-13,8.276,8.276,8.276,8.276,0.78
2011-05-16,8.283,8.283,8.283,8.283,0.08
2011-05-18,8.292,8.292,8.292,8.292,0.11
2011-05-19,8.321,8.321,8.321,8.321,0.35
2011-05-20,8.354,8.354,8.354,8.354,0.4
2011-05-23,8.344,8.344,8.344,8.344,-0.12
2011-05-24,8.374,8.374,8.374,8.374,0.36
2011-05-25,8.374,8.374,8.374,8.374,0.0
2011-05-26,8.397,8.397,8.397,8.397,0.27
2011-05-27,8.457,8.457,8.457,8.457,0.71
2011-05-30,8.432,8.432,8.432,8.432,-0.3
2011-05-31,8.411,8.411,8.411,8.411,-0.25
2011-06-01,8.328,8.328,8.328,8.328,-0.99
2011-06-02,8.279,8.279,8.279,8.279,-0.59
2011-06-03,8.268,8.268,8.268,8.268,-0.13
2011-06-06,8.261,8.261,8.261,8.261,-0.08
2011-06-07,8.284,8.284,8.284,8.284,0.28
2011-06-08,8.248,8.248,8.248,8.248,-0.43
2011-06-09,8.269,8.269,8.269,8.269,0.25
2011-06-10,8.235,8.235,8.235,8.235,-0.41
2011-06-13,8.246,8.246,8.246,8.246,0.13
2011-06-14,8.335,8.335,8.335,8.335,1.08
2011-06-15,8.397,8.397,8.397,8.397,0.74
2011-06-16,8.3,8.3,8.3,8.3,-1.16
2011-06-17,8.275,8.275,8.275,8.275,-0.3
2011-06-20,8.196,8.196,8.196,8.196,-0.95
2011-06-21,8.225,8.225,8.225,8.225,0.35
2011-06-22,8.251,8.251,8.251,8.251,0.32
2011-06-23,8.268,8.268,8.268,8.268,0.21
2011-06-24,8.247,8.247,8.247,8.247,-0.25
2011-06-27,8.262,8.262,8.262,8.262,0.18
2011-06-28,8.288,8.288,8.288,8.288,0.31
2011-06-29,8.319,8.319,8.319,8.319,0.37
2011-06-30,8.326,8.326,8.326,8.326,0.08
2011-07-01,8.354,8.354,8.354,8.354,0.34
2011-07-04,8.357,8.357,8.357,8.357,0.04
2011-07-05,8.343,8.343,8.343,8.343,-0.17
2011-07-06,8.333,8.333,8.333,8.333,-0.12
2011-07-07,8.359,8.359,8.359,8.359,0.31
2011-07-08,8.355,8.355,8.355,8.355,-0.05
2011-07-11,8.321,8.321,8.321,8.321,-0.41
2011-07-12,8.28,8.28,8.28,8.28,-0.49
2011-07-13,8.305,8.305,8.305,8.305,0.3
2011-07-14,8.247,8.247,8.247,8.247,-0.7
2011-07-15,8.278,8.278,8.278,8.278,0.38
2011-07-18,8.25,8.25,8.25,8.25,-0.34
2011-07-19,8.259,8.259,8.259,8.259,0.11
2011-07-20,8.28,8.28,8.28,8.28,0.25
2011-07-21,8.274,8.274,8.274,8.274,-0.07
2011-07-22,8.314,8.314,8.314,8.314,0.48
2011-07-25,8.294,8.294,8.294,8.294,-0.24
2011-07-26,8.441,8.441,8.441,8.441,1.77
2011-07-27,8.451,8.451,8.451,8.451,0.12
2011-07-28,8.465,8.465,8.465,8.465,0.17
2011-07-29,8.454,8.454,8.454,8.454,-0.13
2011-08-01,8.461,8.461,8.461,8.461,0.08
2011-08-02,8.436,8.436,8.436,8.436,-0.3
2011-08-03,8.423,8.423,8.423,8.423,-0.15
2011-08-04,8.403,8.403,8.403,8.403,-0.24
2011-08-05,8.316,8.316,8.316,8.316,-1.04
2011-08-08,8.261,8.261,8.261,8.261,-0.66
2011-08-09,8.227,8.227,8.227,8.227,-0.41
2011-08-10,8.192,8.192,8.192,8.192,-0.43
2011-08-11,8.209,8.209,8.209,8.209,0.21
2011-08-12,8.3,8.3,8.3,8.3,1.11
2011-08-16,8.29,8.29,8.29,8.29,-0.12
2011-08-17,8.322,8.322,8.322,8.322,0.39
2011-08-18,8.257,8.257,8.257,8.257,-0.78
2011-08-22,8.269,8.269,8.269,8.269,0.15
2011-08-23,8.265,8.265,8.265,8.265,-0.05
2011-08-24,8.218,8.218,8.218,8.218,-0.57
2011-08-25,8.245,8.245,8.245,8.245,0.33
2011-08-26,8.303,8.303,8.303,8.303,0.7
2011-08-29,8.326,8.326,8.326,8.326,0.28
2011-08-30,8.319,8.319,8.319,8.319,-0.08
2011-09-02,8.349,8.349,8.349,8.349,0.36
2011-09-05,8.288,8.288,8.288,8.288,-0.73
2011-09-06,8.304,8.304,8.304,8.304,0.19
2011-09-07,8.31,8.31,8.31,8.31,0.07
2011-09-08,8.296,8.296,8.296,8.296,-0.17
2011-09-09,8.314,8.314,8.314,8.314,0.22
2011-09-12,8.292,8.292,8.292,8.292,-0.26
2011-09-13,8.325,8.325,8.325,8.325,0.4
2011-09-14,8.347,8.347,8.347,8.347,0.26
2011-09-15,8.329,8.329,8.329,8.329,-0.22
2011-09-16,8.362,8.362,8.362,8.362,0.4
2011-09-19,8.329,8.329,8.329,8.329,-0.39
2011-09-20,8.337,8.337,8.337,8.337,0.1
2011-09-21,8.328,8.328,8.328,8.328,-0.11
2011-09-22,8.3,8.3,8.3,8.3,-0.34
2011-09-23,8.302,8.302,8.302,8.302,0.02
2011-09-26,8.311,8.311,8.311,8.311,0.11
2011-09-27,8.326,8.326,8.326,8.326,0.18
2011-09-28,8.347,8.347,8.347,8.347,0.25
2011-09-29,8.442,8.442,8.442,8.442,1.14
2011-10-03,8.537,8.537,8.537,8.537,1.13
2011-10-04,8.545,8.545,8.545,8.545,0.09
2011-10-05,8.578,8.578,8.578,8.578,0.39
2011-10-07,8.666,8.666,8.666,8.666,1.03
2011-10-10,8.751,8.751,8.751,8.751,0.98
2011-10-11,8.71,8.71,8.71,8.71,-0.47
2011-10-12,8.738,8.738,8.738,8.738,0.32
2011-10-13,8.725,8.725,8.725,8.725,-0.15
2011-10-14,8.784,8.784,8.784,8.784,0.68
2011-10-17,8.757,8.757,8.757,8.757,-0.31
2011-10-18,8.748,8.748,8.748,8.748,-0.1
2011-10-19,8.775,8.775,8.775,8.775,0.31
2011-10-20,8.79,8.79,8.79,8.79,0.17
2011-10-21,8.82,8.82,8.82,8.82,0.34
2011-10-24,8.817,8.817,8.817,8.817,-0.03
2011-10-25,8.763,8.763,8.763,8.763,-0.61
2011-10-28,8.852,8.852,8.852,8.852,1.02
2011-10-31,8.879,8.879,8.879,8.879,0.31
2011-11-01,8.947,8.947,8.947,8.947,0.77
2011-11-02,8.904,8.904,8.904,8.904,-0.48
2011-11-03,8.901,8.901,8.901,8.901,-0.03
2011-11-04,8.968,8.968,8.968,8.968,0.75
2011-11-08,9.034,9.034,9.034,9.034,0.74
2011-11-09,9.061,9.061,9.061,9.061,0.3
2011-11-11,9.054,9.054,9.054,9.054,-0.08
2011-11-14,9.037,9.037,9.037,9.037,-0.19
2011-11-15,8.97,8.97,8.97,8.97,-0.74
2011-11-16,8.977,8.977,8.977,8.977,0.08
2011-11-17,8.838,8.838,8.838,8.838,-1.55
2011-11-18,8.856,8.856,8.856,8.856,0.2
2011-11-21,8.837,8.837,8.837,8.837,-0.21
2011-11-22,8.844,8.844,8.844,8.844,0.08
2011-11-23,8.812,8.812,8.812,8.812,-0.36
2011-11-24,8.793,8.793,8.793,8.793,-0.22
2011-11-25,8.811,8.811,8.811,8.811,0.2
2011-11-28,8.827,8.827,8.827,8.827,0.18
2011-11-29,8.825,8.825,8.825,8.825,-0.02
2011-11-30,8.738,8.738,8.738,8.738,-0.99
2011-12-01,8.697,8.697,8.697,8.697,-0.47
2011-12-02,8.647,8.647,8.647,8.647,-0.57
2011-12-05,8.577,8.577,8.577,8.577,-0.81
2011-12-07,8.594,8.594,8.594,8.594,0.2
2011-12-08,8.519,8.519,8.519,8.519,-0.87
2011-12-09,8.533,8.533,8.533,8.533,0.16
2011-12-12,8.446,8.446,8.446,8.446,-1.02
2011-12-13,8.403,8.403,8.403,8.403,-0.51
2011-12-14,8.491,8.491,8.491,8.491,1.05
2011-12-15,8.486,8.486,8.486,8.486,-0.06
2011-12-16,8.379,8.379,8.379,8.379,-1.26
2011-12-19,8.329,8.329,8.329,8.329,-0.6
2011-12-20,8.276,8.276,8.276,8.276,-0.64
2011-12-21,8.34,8.34,8.34,8.34,0.77
2011-12-22,8.333,8.333,8.333,8.333,-0.08
2011-12-23,8.365,8.365,8.365,8.365,0.38
2011-12-26,8.49,8.49,8.49,8.49,1.49
2011-12-27,8.476,8.476,8.476,8.476,-0.16
2011-12-28,8.478,8.478,8.478,8.478,0.02
2011-12-29,8.536,8.536,8.536,8.536,0.68
2011-12-30,8.56,8.56,8.56,8.56,0.28
2012-01-02,8.409,8.409,8.409,8.409,-1.76
2012-01-03,8.357,8.357,8.357,8.357,-0.62
2012-01-04,8.364,8.364,8.364,8.364,0.08
2012-01-05,8.328,8.328,8.328,8.328,-0.43
2012-01-06,8.219,8.219,8.219,8.219,-1.31
2012-01-09,8.201,8.201,8.201,8.201,-0.22
2012-01-10,8.228,8.228,8.228,8.228,0.33
2012-01-11,8.232,8.232,8.232,8.232,0.05
2012-01-12,8.251,8.251,8.251,8.251,0.23
2012-01-13,8.192,8.192,8.192,8.192,-0.72
2012-01-16,8.222,8.222,8.222,8.222,0.37
2012-01-17,8.218,8.218,8.218,8.218,-0.05
2012-01-18,8.19,8.19,8.19,8.19,-0.34
2012-01-19,8.169,8.169,8.169,8.169,-0.26
2012-01-20,8.181,8.181,8.181,8.181,0.15
2012-01-23,8.17,8.17,8.17,8.17,-0.13
2012-01-24,8.355,8.355,8.355,8.355,2.26
2012-01-25,8.31,8.31,8.31,8.31,-0.54
2012-01-27,8.354,8.354,8.354,8.354,0.53
2012-01-30,8.284,8.284,8.284,8.284,-0.84
2012-01-31,8.267,8.267,8.267,8.267,-0.21
2012-02-01,8.143,8.143,8.143,8.143,-1.5
2012-02-02,8.131,8.131,8.131,8.131,-0.15
2012-02-03,8.164,8.164,8.164,8.164,0.41
2012-02-06,8.183,8.183,8.183,8.183,0.23
2012-02-07,8.188,8.188,8.188,8.188,0.06
2012-02-08,8.232,8.232,8.232,8.232,0.54
2012-02-09,8.272,8.272,8.272,8.272,0.49
2012-02-10,8.194,8.194,8.194,8.194,-0.94
2012-02-11,8.202,8.202,8.202,8.202,0.1
2012-02-13,8.209,8.209,8.209,8.209,0.09
2012-02-14,8.18,8.18,8.18,8.18,-0.35
2012-02-15,8.197,8.197,8.197,8.197,0.21
2012-02-16,8.197,8.197,8.197,8.197,0.0
2012-02-17,8.185,8.185,8.185,8.185,-0.15
2012-02-18,8.188,8.188,8.188,8.188,0.04
2012-02-21,8.173,8.173,8.173,8.173,-0.18
2012-02-22,8.222,8.222,8.222,8.222,0.6
2012-02-23,8.196,8.196,8.196,8.196,-0.32
2012-02-24,8.226,8.226,8.226,8.226,0.37
2012-02-25,8.227,8.227,8.227,8.227,0.01
2012-02-27,8.229,8.229,8.229,8.229,0.02
2012-02-28,8.212,8.212,8.212,8.212,-0.21
2012-02-29,8.199,8.199,8.199,8.199,-0.16
2012-03-01,8.237,8.237,8.237,8.237,0.46
2012-03-02,8.224,8.224,8.224,8.224,-0.16
2012-03-03,8.225,8.225,8.225,8.225,0.01
2012-03-05,8.228,8.228,8.228,8.228,0.04
2012-03-06,8.232,8.232,8.232,8.232,0.05
2012-03-07,8.241,8.241,8.241,8.241,0.11
2012-03-08,8.242,8.242,8.242,8.242,0.01
2012-03-09,8.281,8.281,8.281,8.281,0.47
2012-03-10,8.285,8.285,8.285,8.285,0.05
2012-03-12,8.294,8.294,8.294,8.294,0.11
2012-03-13,8.321,8.321,8.321,8.321,0.33
2012-03-14,8.281,8.281,8.281,8.281,-0.48
2012-03-15,8.36,8.36,8.36,8.36,0.95
2012-03-16,8.422,8.422,8.422,8.422,0.74
2012-03-17,8.428,8.428,8.428,8.428,0.07
2012-03-19,8.416,8.416,8.416,8.416,-0.14
2012-03-20,8.411,8.411,8.411,8.411,-0.06
2012-03-21,8.391,8.391,8.391,8.391,-0.24
2012-03-22,8.376,8.376,8.376,8.376,-0.18
2012-03-23,8.384,8.384,8.384,8.384,0.1
2012-03-26,8.472,8.472,8.472,8.472,1.05
2012-03-27,8.502,8.502,8.502,8.502,0.35
2012-03-28,8.62,8.62,8.62,8.62,1.39
2012-03-29,8.606,8.606,8.606,8.606,-0.16
2012-03-30,8.572,8.572,8.572,8.572,-0.4
2012-03-31,8.588,8.588,8.588,8.588,0.19
2012-04-03,8.736,8.736,8.736,8.736,1.72
2012-04-04,8.688,8.688,8.688,8.688,-0.55
2012-04-05,8.693,8.693,8.693,8.693,0.06
2012-04-09,8.626,8.626,8.626,8.626,-0.77
2012-04-10,8.591,8.591,8.591,8.591,-0.41
2012-04-11,8.545,8.545,8.545,8.545,-0.54
2012-04-12,8.439,8.439,8.439,8.439,-1.24
2012-04-13,8.468,8.468,8.468,8.468,0.34
2012-04-14,8.471,8.471,8.471,8.471,0.04
2012-04-16,8.455,8.455,8.455,8.455,-0.19
2012-04-17,8.341,8.341,8.341,8.341,-1.35
2012-04-18,8.359,8.359,8.359,8.359,0.22
2012-04-19,8.409,8.409,8.409,8.409,0.6
2012-04-20,8.543,8.543,8.543,8.543,1.59
2012-04-21,8.548,8.548,8.548,8.548,0.06
2012-04-23,8.568,8.568,8.568,8.568,0.23
2012-04-24,8.567,8.567,8.567,8.567,-0.01
2012-04-25,8.628,8.628,8.628,8.628,0.71
2012-04-26,8.655,8.655,8.655,8.655,0.31
2012-04-27,8.647,8.647,8.647,8.647,-0.09
2012-04-28,8.652,8.652,8.652,8.652,0.06
2012-04-30,8.671,8.671,8.671,8.671,0.22
2012-05-01,8.675,8.675,8.675,8.675,0.05
2012-05-02,8.635,8.635,8.635,8.635,-0.46
2012-05-03,8.619,8.619,8.619,8.619,-0.19
2012-05-04,8.63,8.63,8.63,8.63,0.13
2012-05-05,8.651,8.651,8.651,8.651,0.24
2012-05-07,8.69,8.69,8.69,8.69,0.45
2012-05-08,8.541,8.541,8.541,8.541,-1.71
2012-05-09,8.561,8.561,8.561,8.561,0.23
2012-05-10,8.562,8.562,8.562,8.562,0.01
2012-05-11,8.565,8.565,8.565,8.565,0.04
2012-05-12,8.569,8.569,8.569,8.569,0.05
2012-05-14,8.518,8.518,8.518,8.518,-0.6
2012-05-15,8.495,8.495,8.495,8.495,-0.27
2012-05-16,8.517,8.517,8.517,8.517,0.26
2012-05-17,8.495,8.495,8.495,8.495,-0.26
2012-05-18,8.525,8.525,8.525,8.525,0.35
2012-05-19,8.525,8.525,8.525,8.525,0.0
2012-05-21,8.542,8.542,8.542,8.542,0.2
2012-05-22,8.52,8.52,8.52,8.52,-0.26
2012-05-23,8.513,8.513,8.513,8.513,-0.08
2012-05-24,8.497,8.497,8.497,8.497,-0.19
2012-05-25,8.509,8.509,8.509,8.509,0.14
2012-05-26,8.514,8.514,8.514,8.514,0.06
2012-05-28,8.512,8.512,8.512,8.512,-0.02
2012-05-29,8.518,8.518,8.518,8.518,0.07
2012-05-30,8.523,8.523,8.523,8.523,0.06
2012-05-31,8.377,8.377,8.377,8.377,-1.71
2012-06-01,8.369,8.369,8.369,8.369,-0.1
2012-06-02,8.37,8.37,8.37,8.37,0.01
2012-06-04,8.342,8.342,8.342,8.342,-0.33
2012-06-05,8.332,8.332,8.332,8.332,-0.12
2012-06-06,8.371,8.371,8.371,8.371,0.47
2012-06-07,8.347,8.347,8.347,8.347,-0.29
2012-06-08,8.354,8.354,8.354,8.354,0.08
2012-06-09,8.36,8.36,8.36,8.36,0.07
2012-06-11,8.329,8.329,8.329,8.329,-0.37
2012-06-12,8.294,8.294,8.294,8.294,-0.42
2012-06-13,8.292,8.292,8.292,8.292,-0.02
2012-06-14,8.326,8.326,8.326,8.326,0.41
2012-06-15,8.336,8.336,8.336,8.336,0.12
2012-06-16,8.338,8.338,8.338,8.338,0.02
2012-06-18,8.428,8.428,8.428,8.428,1.08
2012-06-19,8.388,8.388,8.388,8.388,-0.47
2012-06-20,8.388,8.388,8.388,8.388,0.0
2012-06-21,8.343,8.343,8.343,8.343,-0.54
2012-06-22,8.346,8.346,8.346,8.346,0.04
2012-06-23,8.349,8.349,8.349,8.349,0.04
2012-06-25,8.329,8.329,8.329,8.329,-0.24
2012-06-26,8.343,8.343,8.343,8.343,0.17
2012-06-27,8.355,8.355,8.355,8.355,0.14
2012-06-28,8.364,8.364,8.364,8.364,0.11
2012-06-29,8.38,8.38,8.38,8.38,0.19
2012-06-30,8.39,8.39,8.39,8.39,0.12
2012-07-02,8.383,8.383,8.383,8.383,-0.08
2012-07-03,8.178,8.178,8.178,8.178,-2.45
2012-07-04,8.159,8.159,8.159,8.159,-0.23
2012-07-05,8.175,8.175,8.175,8.175,0.2
2012-07-06,8.154,8.154,8.154,8.154,-0.26
2012-07-07,8.157,8.157,8.157,8.157,0.04
2012-07-09,8.148,8.148,8.148,8.148,-0.11
2012-07-10,8.151,8.151,8.151,8.151,0.04
2012-07-11,8.142,8.142,8.142,8.142,-0.11
2012-07-12,8.104,8.104,8.104,8.104,-0.47
2012-07-13,8.096,8.096,8.096,8.096,-0.1
2012-07-14,8.101,8.101,8.101,8.101,0.06
2012-07-16,8.049,8.049,8.049,8.049,-0.64
2012-07-17,8.09,8.09,8.09,8.09,0.51
2012-07-18,8.066,8.066,8.066,8.066,-0.3
2012-07-19,8.085,8.085,8.085,8.085,0.24
2012-07-20,8.075,8.075,8.075,8.075,-0.12
2012-07-21,8.079,8.079,8.079,8.079,0.05
2012-07-23,8.066,8.066,8.066,8.066,-0.16
2012-07-24,8.07,8.07,8.07,8.07,0.05
2012-07-25,8.101,8.101,8.101,8.101,0.38
2012-07-26,8.113,8.113,8.113,8.113,0.15
2012-07-27,8.119,8.119,8.119,8.119,0.07
2012-07-28,8.119,8.119,8.119,8.119,0.0
2012-07-30,8.148,8.148,8.148,8.148,0.36
2012-07-31,8.245,8.245,8.245,8.245,1.19
2012-08-01,8.23,8.23,8.23,8.23,-0.18
2012-08-02,8.219,8.219,8.219,8.219,-0.13
2012-08-03,8.256,8.256,8.256,8.256,0.45
2012-08-04,8.256,8.256,8.256,8.256,0.0
2012-08-06,8.222,8.222,8.222,8.222,-0.41
2012-08-07,8.149,8.149,8.149,8.149,-0.89
2012-08-08,8.138,8.138,8.138,8.138,-0.13
2012-08-09,8.141,8.141,8.141,8.141,0.04
2012-08-10,8.164,8.164,8.164,8.164,0.28
2012-08-11,8.17,8.17,8.17,8.17,0.07
2012-08-13,8.204,8.204,8.204,8.204,0.42
2012-08-14,8.219,8.219,8.219,8.219,0.18
2012-08-15,8.221,8.221,8.221,8.221,0.02
2012-08-16,8.265,8.265,8.265,8.265,0.54
2012-08-17,8.237,8.237,8.237,8.237,-0.34
2012-08-18,8.237,8.237,8.237,8.237,0.0
2012-08-21,8.245,8.245,8.245,8.245,0.1
2012-08-22,8.221,8.221,8.221,8.221,-0.29
2012-08-23,8.228,8.228,8.228,8.228,0.09
2012-08-24,8.207,8.207,8.207,8.207,-0.26
2012-08-25,8.21,8.21,8.21,8.21,0.04
2012-08-27,8.186,8.186,8.186,8.186,-0.29
2012-08-28,8.174,8.174,8.174,8.174,-0.15
2012-08-29,8.177,8.177,8.177,8.177,0.04
2012-08-30,8.194,8.194,8.194,8.194,0.21
2012-08-31,8.241,8.241,8.241,8.241,0.57
2012-09-01,8.241,8.241,8.241,8.241,0.0
2012-09-03,8.215,8.215,8.215,8.215,-0.32
2012-09-04,8.212,8.212,8.212,8.212,-0.04
2012-09-05,8.179,8.179,8.179,8.179,-0.4
2012-09-06,8.159,8.159,8.159,8.159,-0.24
2012-09-07,8.2,8.2,8.2,8.2,0.5
2012-09-08,8.201,8.201,8.201,8.201,0.01
2012-09-10,8.177,8.177,8.177,8.177,-0.29
2012-09-11,8.183,8.183,8.183,8.183,0.07
2012-09-12,8.198,8.198,8.198,8.198,0.18
2012-09-13,8.174,8.174,8.174,8.174,-0.29
2012-09-14,8.177,8.177,8.177,8.177,0.04
2012-09-15,8.18,8.18,8.18,8.18,0.04
2012-09-17,8.18,8.18,8.18,8.18,0.0
2012-09-18,8.165,8.165,8.165,8.165,-0.18
2012-09-19,8.168,8.168,8.168,8.168,0.04
2012-09-20,8.16,8.16,8.16,8.16,-0.1
2012-09-21,8.165,8.165,8.165,8.165,0.06
2012-09-22,8.167,8.167,8.167,8.167,0.02
2012-09-24,8.155,8.155,8.155,8.155,-0.15
2012-09-25,8.168,8.168,8.168,8.168,0.16
2012-09-26,8.168,8.168,8.168,8.168,0.0
2012-09-27,8.162,8.162,8.162,8.162,-0.07
2012-09-28,8.149,8.149,8.149,8.149,-0.16
2012-09-29,8.152,8.152,8.152,8.152,0.04
2012-10-01,8.161,8.161,8.161,8.161,0.11
2012-10-02,8.161,8.161,8.161,8.161,0.0
2012-10-03,8.147,8.147,8.147,8.147,-0.17
2012-10-04,8.149,8.149,8.149,8.149,0.02
2012-10-05,8.159,8.159,8.159,8.159,0.12
2012-10-06,8.162,8.162,8.162,8.162,0.04
2012-10-08,8.149,8.149,8.149,8.149,-0.16
2012-10-09,8.143,8.143,8.143,8.143,-0.07
2012-10-10,8.155,8.155,8.155,8.155,0.15
2012-10-11,8.162,8.162,8.162,8.162,0.09
2012-10-12,8.169,8.169,8.169,8.169,0.09
2012-10-13,8.17,8.17,8.17,8.17,0.01
2012-10-15,8.169,8.169,8.169,8.169,-0.01
2012-10-16,8.152,8.152,8.152,8.152,-0.21
2012-10-17,8.152,8.152,8.152,8.152,0.0
2012-10-18,8.135,8.135,8.135,8.135,-0.21
2012-10-19,8.128,8.128,8.128,8.128,-0.09
2012-10-20,8.129,8.129,8.129,8.129,0.01
2012-10-22,8.132,8.132,8.132,8.132,0.04
2012-10-23,8.135,8.135,8.135,8.135,0.04
2012-10-24,8.137,8.137,8.137,8.137,0.02
2012-10-25,8.128,8.128,8.128,8.128,-0.11
2012-10-26,8.13,8.13,8.13,8.13,0.02
2012-10-29,8.133,8.133,8.133,8.133,0.04
2012-10-30,8.181,8.181,8.181,8.181,0.59
2012-10-31,8.215,8.215,8.215,8.215,0.42
2012-11-01,8.191,8.191,8.191,8.191,-0.29
2012-11-02,8.197,8.197,8.197,8.197,0.07
2012-11-03,8.198,8.198,8.198,8.198,0.01
2012-11-05,8.195,8.195,8.195,8.195,-0.04
2012-11-06,8.183,8.183,8.183,8.183,-0.15
2012-11-07,8.191,8.191,8.191,8.191,0.1
2012-11-08,8.191,8.191,8.191,8.191,0.0
2012-11-09,8.215,8.215,8.215,8.215,0.29
2012-11-10,8.215,8.215,8.215,8.215,0.0
2012-11-12,8.211,8.211,8.211,8.211,-0.05
2012-11-13,8.213,8.213,8.213,8.213,0.02
2012-11-15,8.19,8.19,8.19,8.19,-0.28
2012-11-16,8.193,8.193,8.193,8.193,0.04
2012-11-17,8.193,8.193,8.193,8.193,0.0
2012-11-19,8.191,8.191,8.191,8.191,-0.02
2012-11-20,8.201,8.201,8.201,8.201,0.12
2012-11-21,8.208,8.208,8.208,8.208,0.09
2012-11-22,8.226,8.226,8.226,8.226,0.22
2012-11-23,8.23,8.23,8.23,8.23,0.05
2012-11-24,8.23,8.23,8.23,8.23,0.0
2012-11-26,8.204,8.204,8.204,8.204,-0.32
2012-11-27,8.191,8.191,8.191,8.191,-0.16
2012-11-28,8.191,8.191,8.191,8.191,0.0
2012-11-29,8.206,8.206,8.206,8.206,0.18
2012-11-30,8.175,8.175,8.175,8.175,-0.38
2012-12-01,8.177,8.177,8.177,8.177,0.02
2012-12-03,8.174,8.174,8.174,8.174,-0.04
2012-12-04,8.171,8.171,8.171,8.171,-0.04
2012-12-05,8.171,8.171,8.171,8.171,0.0
2012-12-06,8.17,8.17,8.17,8.17,-0.01
2012-12-07,8.159,8.159,8.159,8.159,-0.13
2012-12-10,8.172,8.172,8.172,8.172,0.16
2012-12-11,8.178,8.178,8.178,8.178,0.07
2012-12-12,8.177,8.177,8.177,8.177,-0.01
2012-12-13,8.158,8.158,8.158,8.158,-0.23
2012-12-14,8.142,8.142,8.142,8.142,-0.2
2012-12-15,8.142,8.142,8.142,8.142,0.0
2012-12-17,8.14,8.14,8.14,8.14,-0.02
2012-12-18,8.148,8.148,8.148,8.148,0.1
2012-12-19,8.154,8.154,8.154,8.154,0.07
2012-12-20,8.154,8.154,8.154,8.154,0.0
2012-12-21,8.143,8.143,8.143,8.143,-0.13
2012-12-22,8.143,8.143,8.143,8.143,0.0
2012-12-24,8.129,8.129,8.129,8.129,-0.17
2012-12-25,8.131,8.131,8.131,8.131,0.02
2012-12-26,8.112,8.112,8.112,8.112,-0.23
2012-12-27,8.111,8.111,8.111,8.111,-0.01
2012-12-28,8.106,8.106,8.106,8.106,-0.06
2012-12-29,8.107,8.107,8.107,8.107,0.01
2012-12-31,8.049,8.049,8.049,8.049,-0.72
2013-01-01,7.994,7.994,7.994,7.994,-0.68
2013-01-02,7.993,7.993,7.993,7.993,-0.01
2013-01-03,7.967,7.967,7.967,7.967,-0.33
2013-01-04,7.93,7.93,7.93,7.93,-0.46
2013-01-05,7.933,7.933,7.933,7.933,0.04
2013-01-07,7.9,7.9,7.9,7.9,-0.42
2013-01-08,7.906,7.906,7.906,7.906,0.08
2013-01-09,7.897,7.897,7.897,7.897,-0.11
2013-01-10,7.877,7.877,7.877,7.877,-0.25
2013-01-11,7.866,7.866,7.866,7.866,-0.14
2013-01-14,7.8,7.8,7.8,7.8,-0.84
2013-01-15,7.832,7.832,7.832,7.832,0.41
2013-01-16,7.881,7.881,7.881,7.881,0.63
2013-01-17,7.837,7.837,7.837,7.837,-0.56
2013-01-18,7.861,7.861,7.861,7.861,0.31
2013-01-21,7.861,7.861,7.861,7.861,0.0
2013-01-22,7.849,7.849,7.849,7.849,-0.15
2013-01-23,7.864,7.864,7.864,7.864,0.19
2013-01-24,7.885,7.885,7.885,7.885,0.27
2013-01-25,7.885,7.885,7.885,7.885,0.0
2013-01-28,7.863,7.863,7.863,7.863,-0.28
2013-01-29,7.847,7.847,7.847,7.847,-0.2
2013-01-30,7.891,7.891,7.891,7.891,0.56
2013-01-31,7.912,7.912,7.912,7.912,0.27
2013-02-01,7.905,7.905,7.905,7.905,-0.09
2013-02-04,7.937,7.937,7.937,7.937,0.4
2013-02-05,7.923,7.923,7.923,7.923,-0.18
2013-02-06,7.907,7.907,7.907,7.907,-0.2
2013-02-07,7.878,7.878,7.878,7.878,-0.37
2013-02-08,7.843,7.843,7.843,7.843,-0.44
2013-02-09,7.844,7.844,7.844,7.844,0.01
2013-02-11,7.858,7.858,7.858,7.858,0.18
2013-02-12,7.867,7.867,7.867,7.867,0.11
2013-02-13,7.844,7.844,7.844,7.844,-0.29
2013-02-14,7.818,7.818,7.818,7.818,-0.33
2013-02-15,7.832,7.832,7.832,7.832,0.18
2013-02-18,7.824,7.824,7.824,7.824,-0.1
2013-02-19,7.827,7.827,7.827,7.827,0.04
2013-02-20,7.804,7.804,7.804,7.804,-0.29
2013-02-21,7.812,7.812,7.812,7.812,0.1
2013-02-22,7.799,7.799,7.799,7.799,-0.17
2013-02-25,7.798,7.798,7.798,7.798,-0.01
2013-02-26,7.816,7.816,7.816,7.816,0.23
2013-02-27,7.798,7.798,7.798,7.798,-0.23
2013-02-28,7.872,7.872,7.872,7.872,0.95
2013-03-01,7.908,7.908,7.908,7.908,0.46
2013-03-04,7.885,7.885,7.885,7.885,-0.29
2013-03-05,7.871,7.871,7.871,7.871,-0.18
2013-03-06,7.86,7.86,7.86,7.86,-0.14
2013-03-07,7.862,7.862,7.862,7.862,0.03
2013-03-08,7.839,7.839,7.839,7.839,-0.29
2013-03-11,7.84,7.84,7.84,7.84,0.01
2013-03-12,7.888,7.888,7.888,7.888,0.61
2013-03-13,7.903,7.903,7.903,7.903,0.19
2013-03-14,7.865,7.865,7.865,7.865,-0.48
2013-03-15,7.861,7.861,7.861,7.861,-0.05
2013-03-18,7.884,7.884,7.884,7.884,0.29
2013-03-19,7.903,7.903,7.903,7.903,0.24
2013-03-20,7.922,7.922,7.922,7.922,0.24
2013-03-21,7.933,7.933,7.933,7.933,0.14
2013-03-22,7.961,7.961,7.961,7.961,0.35
2013-03-25,7.948,7.948,7.948,7.948,-0.16
2013-03-26,7.99,7.99,7.99,7.99,0.53
2013-03-27,7.99,7.99,7.99,7.99,0.0
2013-03-28,7.951,7.951,7.951,7.951,-0.49
2013-03-29,7.96,7.96,7.96,7.96,0.11
2013-04-02,7.993,7.993,7.993,7.993,0.41
2013-04-03,7.964,7.964,7.964,7.964,-0.36
2013-04-04,7.962,7.962,7.962,7.962,-0.03
2013-04-05,7.931,7.931,7.931,7.931,-0.39
2013-04-08,7.91,7.91,7.91,7.91,-0.26
2013-04-09,7.882,7.882,7.882,7.882,-0.35
2013-04-10,7.899,7.899,7.899,7.899,0.22
2013-04-11,7.9,7.9,7.9,7.9,0.01
2013-04-12,7.869,7.869,7.869,7.869,-0.39
2013-04-15,7.831,7.831,7.831,7.831,-0.48
2013-04-16,7.823,7.823,7.823,7.823,-0.1
2013-04-17,7.803,7.803,7.803,7.803,-0.26
2013-04-18,7.777,7.777,7.777,7.777,-0.33
2013-04-19,7.782,7.782,7.782,7.782,0.06
2013-04-22,7.753,7.753,7.753,7.753,-0.37
2013-04-23,7.734,7.734,7.734,7.734,-0.25
2013-04-24,7.739,7.739,7.739,7.739,0.06
2013-04-25,7.773,7.773,7.773,7.773,0.44
2013-04-26,7.743,7.743,7.743,7.743,-0.39
2013-04-29,7.762,7.762,7.762,7.762,0.25
2013-04-30,7.731,7.731,7.731,7.731,-0.4
2013-05-01,7.731,7.731,7.731,7.731,0.0
2013-05-02,7.723,7.723,7.723,7.723,-0.1
2013-05-03,7.735,7.735,7.735,7.735,0.16
2013-05-06,7.749,7.749,7.749,7.749,0.18
2013-05-07,7.743,7.743,7.743,7.743,-0.08
2013-05-08,7.694,7.694,7.694,7.694,-0.63
2013-05-09,7.605,7.605,7.605,7.605,-1.16
2013-05-10,7.586,7.586,7.586,7.586,-0.25
2013-05-13,7.585,7.585,7.585,7.585,-0.01
2013-05-14,7.472,7.472,7.472,7.472,-1.49
2013-05-15,7.457,7.457,7.457,7.457,-0.2
2013-05-16,7.391,7.391,7.391,7.391,-0.89
2013-05-17,7.404,7.404,7.404,7.404,0.18
2013-05-20,7.338,7.338,7.338,7.338,-0.89
2013-05-21,7.351,7.351,7.351,7.351,0.18
2013-05-22,7.365,7.365,7.365,7.365,0.19
2013-05-23,7.382,7.382,7.382,7.382,0.23
2013-05-24,7.341,7.341,7.341,7.341,-0.56
2013-05-25,7.341,7.341,7.341,7.341,0.0
2013-05-27,7.335,7.335,7.335,7.335,-0.08
2013-05-28,7.356,7.356,7.356,7.356,0.29
2013-05-29,7.39,7.39,7.39,7.39,0.46
2013-05-30,7.441,7.441,7.441,7.441,0.69
2013-05-31,7.443,7.443,7.443,7.443,0.03
2013-06-03,7.244,7.244,7.244,7.244,-2.67
2013-06-04,7.192,7.192,7.192,7.192,-0.72
2013-06-05,7.208,7.208,7.208,7.208,0.22
2013-06-06,7.212,7.212,7.212,7.212,0.06
2013-06-07,7.242,7.242,7.242,7.242,0.42
2013-06-08,7.242,7.242,7.242,7.242,0.0
2013-06-10,7.278,7.278,7.278,7.278,0.5
2013-06-11,7.302,7.302,7.302,7.302,0.33
2013-06-12,7.291,7.291,7.291,7.291,-0.15
2013-06-13,7.331,7.331,7.331,7.331,0.55
2013-06-14,7.314,7.314,7.314,7.314,-0.23
2013-06-17,7.255,7.255,7.255,7.255,-0.81
2013-06-18,7.279,7.279,7.279,7.279,0.33
2013-06-19,7.263,7.263,7.263,7.263,-0.22
2013-06-20,7.393,7.393,7.393,7.393,1.79
2013-06-21,7.433,7.433,7.433,7.433,0.54
2013-06-24,7.518,7.518,7.518,7.518,1.14
2013-06-25,7.497,7.497,7.497,7.497,-0.28
2013-06-26,7.579,7.579,7.579,7.579,1.09
2013-06-27,7.557,7.557,7.557,7.557,-0.29
2013-06-28,7.439,7.439,7.439,7.439,-1.56
2013-07-01,7.455,7.455,7.455,7.455,0.22
2013-07-02,7.464,7.464,7.464,7.464,0.12
2013-07-03,7.502,7.502,7.502,7.502,0.51
2013-07-04,7.419,7.419,7.419,7.419,-1.11
2013-07-05,7.497,7.497,7.497,7.497,1.05
2013-07-08,7.572,7.572,7.572,7.572,1.0
2013-07-09,7.548,7.548,7.548,7.548,-0.32
2013-07-10,7.522,7.522,7.522,7.522,-0.34
2013-07-11,7.47,7.47,7.47,7.47,-0.69
2013-07-12,7.535,7.535,7.535,7.535,0.87
2013-07-15,7.55,7.55,7.55,7.55,0.2
2013-07-16,8.068,8.068,8.068,8.068,6.86
2013-07-17,8.052,8.052,8.052,8.052,-0.2
2013-07-18,7.987,7.987,7.987,7.987,-0.81
2013-07-19,7.939,7.939,7.939,7.939,-0.6
2013-07-22,8.087,8.087,8.087,8.087,1.86
2013-07-23,8.175,8.175,8.175,8.175,1.09
2013-07-24,8.424,8.424,8.424,8.424,3.05
2013-07-25,8.193,8.193,8.193,8.193,-2.74
2013-07-26,8.162,8.162,8.162,8.162,-0.38
2013-07-29,8.129,8.129,8.129,8.129,-0.4
2013-07-30,8.255,8.255,8.255,8.255,1.55
2013-07-31,8.172,8.172,8.172,8.172,-1.01
2013-08-01,8.065,8.065,8.065,8.065,-1.31
2013-08-02,8.283,8.283,8.283,8.283,2.7
2013-08-05,8.201,8.201,8.201,8.201,-0.99
2013-08-06,8.198,8.198,8.198,8.198,-0.04
2013-08-07,8.138,8.138,8.138,8.138,-0.73
2013-08-08,8.125,8.125,8.125,8.125,-0.16
2013-08-09,8.126,8.126,8.126,8.126,0.01
2013-08-10,8.126,8.126,8.126,8.126,0.0
2013-08-12,8.297,8.297,8.297,8.297,2.1
2013-08-13,8.398,8.398,8.398,8.398,1.22
2013-08-14,8.499,8.499,8.499,8.499,1.2
2013-08-15,8.502,8.502,8.502,8.502,0.04
2013-08-16,8.884,8.884,8.884,8.884,4.49
2013-08-19,9.228,9.228,9.228,9.228,3.87
2013-08-20,8.903,8.903,8.903,8.903,-3.52
2013-08-21,8.408,8.408,8.408,8.408,-5.56
2013-08-22,8.234,8.234,8.234,8.234,-2.07
2013-08-23,8.264,8.264,8.264,8.264,0.36
2013-08-26,8.339,8.339,8.339,8.339,0.91
2013-08-27,8.785,8.785,8.785,8.785,5.35
2013-08-28,8.961,8.961,8.961,8.961,2.0
2013-08-29,8.769,8.769,8.769,8.769,-2.14
2013-08-30,8.596,8.596,8.596,8.596,-1.97
2013-09-02,8.463,8.463,8.463,8.463,-1.55
2013-09-03,8.58,8.58,8.58,8.58,1.38
2013-09-04,8.386,8.386,8.386,8.386,-2.26
2013-09-05,8.418,8.418,8.418,8.418,0.38
2013-09-06,8.631,8.631,8.631,8.631,2.53
2013-09-07,8.631,8.631,8.631,8.631,0.0
2013-09-08,8.631,8.631,8.631,8.631,0.0
2013-09-09,8.631,8.631,8.631,8.631,0.0
2013-09-10,8.473,8.473,8.473,8.473,-1.83
2013-09-11,8.464,8.464,8.464,8.464,-0.11
2013-09-12,8.5,8.5,8.5,8.5,0.43
2013-09-13,8.487,8.487,8.487,8.487,-0.15
2013-09-16,8.429,8.429,8.429,8.429,-0.68
2013-09-17,8.438,8.438,8.438,8.438,0.11
2013-09-18,8.372,8.372,8.372,8.372,-0.78
2013-09-19,8.193,8.193,8.193,8.193,-2.14
2013-09-20,8.578,8.578,8.578,8.578,4.7
2013-09-23,8.851,8.851,8.851,8.851,3.18
2013-09-24,8.839,8.839,8.839,8.839,-0.14
2013-09-25,8.786,8.786,8.786,8.786,-0.6
2013-09-26,8.718,8.718,8.718,8.718,-0.77
2013-09-27,8.71,8.71,8.71,8.71,-0.09
2013-09-30,8.766,8.766,8.766,8.766,0.64
2013-10-01,8.728,8.728,8.728,8.728,-0.43
2013-10-02,8.735,8.735,8.735,8.735,0.08
2013-10-03,8.635,8.635,8.635,8.635,-1.14
2013-10-04,8.613,8.613,8.613,8.613,-0.25
2013-10-07,8.683,8.683,8.683,8.683,0.81
2013-10-08,8.496,8.496,8.496,8.496,-2.15
2013-10-09,8.455,8.455,8.455,8.455,-0.48
2013-10-10,8.421,8.421,8.421,8.421,-0.4
2013-10-11,8.489,8.489,8.489,8.489,0.81
2013-10-14,8.575,8.575,8.575,8.575,1.01
2013-10-15,8.66,8.66,8.66,8.66,0.99
2013-10-16,8.663,8.663,8.663,8.663,0.03
2013-10-17,8.602,8.602,8.602,8.602,-0.7
2013-10-18,8.552,8.552,8.552,8.552,-0.58
2013-10-21,8.604,8.604,8.604,8.604,0.61
2013-10-22,8.606,8.606,8.606,8.606,0.02
2013-10-23,8.631,8.631,8.631,8.631,0.29
2013-10-24,8.583,8.583,8.583,8.583,-0.56
2013-10-25,8.579,8.579,8.579,8.579,-0.05
2013-10-28,8.656,8.656,8.656,8.656,0.9
2013-10-29,8.535,8.535,8.535,8.535,-1.4
2013-10-30,8.573,8.573,8.573,8.573,0.45
2013-10-31,8.625,8.625,8.625,8.625,0.61
2013-11-01,8.7,8.7,8.7,8.7,0.87
2013-11-03,8.705,8.705,8.705,8.705,0.06
2013-11-04,8.705,8.705,8.705,8.705,0.0
2013-11-05,8.737,8.737,8.737,8.737,0.37
2013-11-06,8.82,8.82,8.82,8.82,0.95
2013-11-07,8.849,8.849,8.849,8.849,0.33
2013-11-08,8.99,8.99,8.99,8.99,1.59
2013-11-11,8.954,8.954,8.954,8.954,-0.4
2013-11-12,9.053,9.053,9.053,9.053,1.11
2013-11-13,8.918,8.918,8.918,8.918,-1.49
2013-11-14,9.024,9.024,9.024,9.024,1.19
2013-11-15,9.024,9.024,9.024,9.024,0.0
2013-11-18,9.0,9.0,9.0,9.0,-0.27
2013-11-19,9.009,9.009,9.009,9.009,0.1
2013-11-20,9.035,9.035,9.035,9.035,0.29
2013-11-21,9.077,9.077,9.077,9.077,0.46
2013-11-22,9.099,9.099,9.099,9.099,0.24
2013-11-25,9.087,9.087,9.087,9.087,-0.13
2013-11-26,9.042,9.042,9.042,9.042,-0.5
2013-11-27,8.996,8.996,8.996,8.996,-0.51
2013-11-28,9.014,9.014,9.014,9.014,0.2
2013-11-29,9.044,9.044,9.044,9.044,0.33
2013-12-02,9.048,9.048,9.048,9.048,0.04
2013-12-03,9.069,9.069,9.069,9.069,0.23
2013-12-04,9.09,9.09,9.09,9.09,0.23
2013-12-05,9.108,9.108,9.108,9.108,0.2
2013-12-06,9.165,9.165,9.165,9.165,0.63
2013-12-09,8.904,8.904,8.904,8.904,-2.85
2013-12-10,8.835,8.835,8.835,8.835,-0.77
2013-12-11,8.826,8.826,8.826,8.826,-0.1
2013-12-12,8.85,8.85,8.85,8.85,0.27
2013-12-13,8.911,8.911,8.911,8.911,0.69
2013-12-16,8.865,8.865,8.865,8.865,-0.52
2013-12-17,8.915,8.915,8.915,8.915,0.56
2013-12-18,8.784,8.784,8.784,8.784,-1.47
2013-12-19,8.743,8.743,8.743,8.743,-0.47
2013-12-20,8.797,8.797,8.797,8.797,0.62
2013-12-23,8.817,8.817,8.817,8.817,0.23
2013-12-24,8.866,8.866,8.866,8.866,0.56
2013-12-25,8.869,8.869,8.869,8.869,0.03
2013-12-26,8.889,8.889,8.889,8.889,0.23
2013-12-27,8.959,8.959,8.959,8.959,0.79
2013-12-30,8.858,8.858,8.858,8.858,-1.13
2013-12-31,8.82,8.82,8.82,8.82,-0.43
2014-01-01,8.844,8.844,8.844,8.844,0.27
2014-01-02,8.84,8.84,8.84,8.84,-0.05
2014-01-03,8.834,8.834,8.834,8.834,-0.07
2014-01-06,8.783,8.783,8.783,8.783,-0.58
2014-01-07,8.789,8.789,8.789,8.789,0.07
2014-01-08,8.801,8.801,8.801,8.801,0.14
2014-01-09,8.79,8.79,8.79,8.79,-0.12
2014-01-10,8.758,8.758,8.758,8.758,-0.36
2014-01-13,8.711,8.711,8.711,8.711,-0.54
2014-01-15,8.639,8.639,8.639,8.639,-0.83
2014-01-16,8.615,8.615,8.615,8.615,-0.28
2014-01-17,8.627,8.627,8.627,8.627,0.14
2014-01-20,8.517,8.517,8.517,8.517,-1.28
2014-01-21,8.553,8.553,8.553,8.553,0.42
2014-01-22,8.608,8.608,8.608,8.608,0.64
2014-01-23,8.665,8.665,8.665,8.665,0.66
2014-01-24,8.738,8.738,8.738,8.738,0.84
2014-01-27,8.765,8.765,8.765,8.765,0.31
2014-01-28,8.748,8.748,8.748,8.748,-0.19
2014-01-29,8.774,8.774,8.774,8.774,0.3
2014-01-30,8.82,8.82,8.82,8.82,0.52
2014-01-31,8.77,8.77,8.77,8.77,-0.57
2014-02-03,8.734,8.734,8.734,8.734,-0.41
2014-02-04,8.679,8.679,8.679,8.679,-0.63
2014-02-05,8.707,8.707,8.707,8.707,0.32
2014-02-06,8.717,8.717,8.717,8.717,0.11
2014-02-07,8.736,8.736,8.736,8.736,0.22
2014-02-10,8.69,8.69,8.69,8.69,-0.53
2014-02-11,8.74,8.74,8.74,8.74,0.58
2014-02-12,8.811,8.811,8.811,8.811,0.81
2014-02-13,8.865,8.865,8.865,8.865,0.61
2014-02-14,8.808,8.808,8.808,8.808,-0.64
2014-02-17,8.805,8.805,8.805,8.805,-0.03
2014-02-18,8.768,8.768,8.768,8.768,-0.42
2014-02-20,8.788,8.788,8.788,8.788,0.23
2014-02-21,8.795,8.795,8.795,8.795,0.08
2014-02-24,8.885,8.885,8.885,8.885,1.02
2014-02-25,8.875,8.875,8.875,8.875,-0.11
2014-02-26,8.915,8.915,8.915,8.915,0.45
2014-02-28,8.862,8.862,8.862,8.862,-0.59
2014-03-03,8.904,8.904,8.904,8.904,0.47
2014-03-04,8.836,8.836,8.836,8.836,-0.76
2014-03-05,8.842,8.842,8.842,8.842,0.07
2014-03-06,8.792,8.792,8.792,8.792,-0.57
2014-03-07,8.811,8.811,8.811,8.811,0.22
2014-03-10,8.752,8.752,8.752,8.752,-0.67
2014-03-11,8.733,8.733,8.733,8.733,-0.22
2014-03-12,8.715,8.715,8.715,8.715,-0.21
2014-03-13,8.735,8.735,8.735,8.735,0.23
2014-03-14,8.791,8.791,8.791,8.791,0.64
2014-03-18,8.8,8.8,8.8,8.8,0.1
2014-03-19,8.777,8.777,8.777,8.777,-0.26
2014-03-20,8.819,8.819,8.819,8.819,0.48
2014-03-21,8.795,8.795,8.795,8.795,-0.27
2014-03-24,8.783,8.783,8.783,8.783,-0.14
2014-03-25,8.788,8.788,8.788,8.788,0.06
2014-03-26,8.783,8.783,8.783,8.783,-0.06
2014-03-27,8.816,8.816,8.816,8.816,0.38
2014-03-28,8.804,8.804,8.804,8.804,-0.14
2014-04-01,8.81,8.81,8.81,8.81,0.07
2014-04-02,8.962,8.962,8.962,8.962,1.73
2014-04-03,9.008,9.008,9.008,9.008,0.51
2014-04-04,9.065,9.065,9.065,9.065,0.63
2014-04-07,9.101,9.101,9.101,9.101,0.4
2014-04-09,9.032,9.032,9.032,9.032,-0.76
2014-04-10,9.002,9.002,9.002,9.002,-0.33
2014-04-11,8.941,8.941,8.941,8.941,-0.68
2014-04-15,8.953,8.953,8.953,8.953,0.13
2014-04-16,8.964,8.964,8.964,8.964,0.12
2014-04-17,8.85,8.85,8.85,8.85,-1.27
2014-04-21,8.862,8.862,8.862,8.862,0.14
2014-04-22,8.854,8.854,8.854,8.854,-0.09
2014-04-23,8.851,8.851,8.851,8.851,-0.03
2014-04-25,8.883,8.883,8.883,8.883,0.36
2014-04-28,8.853,8.853,8.853,8.853,-0.34
2014-04-29,8.828,8.828,8.828,8.828,-0.28
2014-04-30,8.828,8.828,8.828,8.828,0.0
2014-05-02,8.808,8.808,8.808,8.808,-0.23
2014-05-05,8.735,8.735,8.735,8.735,-0.83
2014-05-06,8.778,8.778,8.778,8.778,0.49
2014-05-07,8.802,8.802,8.802,8.802,0.27
2014-05-08,8.758,8.758,8.758,8.758,-0.5
2014-05-09,8.746,8.746,8.746,8.746,-0.14
2014-05-12,8.727,8.727,8.727,8.727,-0.22
2014-05-13,8.784,8.784,8.784,8.784,0.65
2014-05-15,8.781,8.781,8.781,8.781,-0.03
2014-05-16,8.834,8.834,8.834,8.834,0.6
2014-05-19,8.863,8.863,8.863,8.863,0.33
2014-05-20,8.855,8.855,8.855,8.855,-0.09
2014-05-21,8.768,8.768,8.768,8.768,-0.98
2014-05-22,8.711,8.711,8.711,8.711,-0.65
2014-05-23,8.637,8.637,8.637,8.637,-0.85
2014-05-26,8.675,8.675,8.675,8.675,0.44
2014-05-27,8.673,8.673,8.673,8.673,-0.02
2014-05-28,8.703,8.703,8.703,8.703,0.35
2014-05-29,8.671,8.671,8.671,8.671,-0.37
2014-05-30,8.645,8.645,8.645,8.645,-0.3
2014-06-02,8.66,8.66,8.66,8.66,0.17
2014-06-03,8.598,8.598,8.598,8.598,-0.72
2014-06-04,8.587,8.587,8.587,8.587,-0.13
2014-06-05,8.526,8.526,8.526,8.526,-0.71
2014-06-06,8.512,8.512,8.512,8.512,-0.16
2014-06-09,8.548,8.548,8.548,8.548,0.42
2014-06-10,8.561,8.561,8.561,8.561,0.15
2014-06-11,8.535,8.535,8.535,8.535,-0.3
2014-06-12,8.547,8.547,8.547,8.547,0.14
2014-06-13,8.595,8.595,8.595,8.595,0.56
2014-06-16,8.649,8.649,8.649,8.649,0.63
2014-06-17,8.598,8.598,8.598,8.598,-0.59
2014-06-18,8.671,8.671,8.671,8.671,0.85
2014-06-19,8.688,8.688,8.688,8.688,0.2
2014-06-20,8.724,8.724,8.724,8.724,0.41
2014-06-23,8.773,8.773,8.773,8.773,0.56
2014-06-24,8.717,8.717,8.717,8.717,-0.64
2014-06-25,8.702,8.702,8.702,8.702,-0.17
2014-06-26,8.731,8.731,8.731,8.731,0.33
2014-06-27,8.747,8.747,8.747,8.747,0.18
2014-06-30,8.744,8.744,8.744,8.744,-0.03
2014-07-01,8.737,8.737,8.737,8.737,-0.08
2014-07-02,8.657,8.657,8.657,8.657,-0.92
2014-07-03,8.657,8.657,8.657,8.657,0.0
2014-07-04,8.663,8.663,8.663,8.663,0.07
2014-07-07,8.696,8.696,8.696,8.696,0.38
2014-07-08,8.727,8.727,8.727,8.727,0.36
2014-07-09,8.727,8.727,8.727,8.727,0.0
2014-07-10,8.765,8.765,8.765,8.765,0.44
2014-07-11,8.767,8.767,8.767,8.767,0.02
2014-07-12,8.771,8.771,8.771,8.771,0.05
2014-07-14,8.781,8.781,8.781,8.781,0.11
2014-07-15,8.735,8.735,8.735,8.735,-0.52
2014-07-16,8.724,8.724,8.724,8.724,-0.13
2014-07-17,8.736,8.736,8.736,8.736,0.14
2014-07-18,8.769,8.769,8.769,8.769,0.38
2014-07-21,8.692,8.692,8.692,8.692,-0.88
2014-07-22,8.69,8.69,8.69,8.69,-0.02
2014-07-23,8.66,8.66,8.66,8.66,-0.35
2014-07-24,8.648,8.648,8.648,8.648,-0.14
2014-07-25,8.671,8.671,8.671,8.671,0.27
2014-07-28,8.707,8.707,8.707,8.707,0.42
2014-07-30,8.728,8.728,8.728,8.728,0.24
2014-07-31,8.718,8.718,8.718,8.718,-0.11
2014-08-01,8.755,8.755,8.755,8.755,0.42
2014-08-02,8.755,8.755,8.755,8.755,0.0
2014-08-04,8.731,8.731,8.731,8.731,-0.27
2014-08-05,8.834,8.834,8.834,8.834,1.18
2014-08-06,8.865,8.865,8.865,8.865,0.35
2014-08-07,8.852,8.852,8.852,8.852,-0.15
2014-08-08,8.852,8.852,8.852,8.852,0.0
2014-08-11,8.817,8.817,8.817,8.817,-0.4
2014-08-12,8.845,8.845,8.845,8.845,0.32
2014-08-13,8.764,8.764,8.764,8.764,-0.92
2014-08-14,8.713,8.713,8.713,8.713,-0.58
2014-08-19,8.532,8.532,8.532,8.532,-2.08
2014-08-20,8.479,8.479,8.479,8.479,-0.62
2014-08-21,8.512,8.512,8.512,8.512,0.39
2014-08-22,8.516,8.516,8.516,8.516,0.05
2014-08-25,8.556,8.556,8.556,8.556,0.47
2014-08-26,8.554,8.554,8.554,8.554,-0.02
2014-08-27,8.556,8.556,8.556,8.556,0.02
2014-08-28,8.559,8.559,8.559,8.559,0.04
2014-09-01,8.55,8.55,8.55,8.55,-0.11
2014-09-02,8.519,8.519,8.519,8.519,-0.36
2014-09-03,8.522,8.522,8.522,8.522,0.04
2014-09-04,8.522,8.522,8.522,8.522,0.0
2014-09-05,8.522,8.522,8.522,8.522,0.0
2014-09-08,8.502,8.502,8.502,8.502,-0.23
2014-09-09,8.522,8.522,8.522,8.522,0.24
2014-09-10,8.543,8.543,8.543,8.543,0.25
2014-09-11,8.505,8.505,8.505,8.505,-0.44
2014-09-12,8.501,8.501,8.501,8.501,-0.05
2014-09-13,8.505,8.505,8.505,8.505,0.05
2014-09-15,8.504,8.504,8.504,8.504,-0.01
2014-09-16,8.498,8.498,8.498,8.498,-0.07
2014-09-17,8.498,8.498,8.498,8.498,0.0
2014-09-18,8.453,8.453,8.453,8.453,-0.53
2014-09-19,8.455,8.455,8.455,8.455,0.02
2014-09-22,8.435,8.435,8.435,8.435,-0.24
2014-09-23,8.467,8.467,8.467,8.467,0.38
2014-09-24,8.481,8.481,8.481,8.481,0.17
2014-09-25,8.487,8.487,8.487,8.487,0.07
2014-09-26,8.441,8.441,8.441,8.441,-0.54
2014-09-27,8.443,8.443,8.443,8.443,0.02
2014-09-29,8.49,8.49,8.49,8.49,0.56
2014-09-30,8.511,8.511,8.511,8.511,0.25
2014-10-01,8.477,8.477,8.477,8.477,-0.4
2014-10-07,8.453,8.453,8.453,8.453,-0.28
2014-10-08,8.408,8.408,8.408,8.408,-0.53
2014-10-09,8.465,8.465,8.465,8.465,0.68
2014-10-10,8.456,8.456,8.456,8.456,-0.11
2014-10-13,8.418,8.418,8.418,8.418,-0.45
2014-10-14,8.397,8.397,8.397,8.397,-0.25
2014-10-15,8.398,8.398,8.398,8.398,0.01
2014-10-16,8.37,8.37,8.37,8.37,-0.33
2014-10-17,8.389,8.389,8.389,8.389,0.23
2014-10-20,8.359,8.359,8.359,8.359,-0.36
2014-10-21,8.371,8.371,8.371,8.371,0.14
2014-10-22,8.356,8.356,8.356,8.356,-0.18
2014-10-27,8.316,8.316,8.316,8.316,-0.48
2014-10-28,8.322,8.322,8.322,8.322,0.07
2014-10-29,8.318,8.318,8.318,8.318,-0.05
2014-10-30,8.289,8.289,8.289,8.289,-0.35
2014-10-31,8.278,8.278,8.278,8.278,-0.13
2014-11-03,8.259,8.259,8.259,8.259,-0.23
2014-11-05,8.191,8.191,8.191,8.191,-0.82
2014-11-07,8.209,8.209,8.209,8.209,0.22
2014-11-10,8.178,8.178,8.178,8.178,-0.38
2014-11-11,8.185,8.185,8.185,8.185,0.09
2014-11-12,8.158,8.158,8.158,8.158,-0.33
2014-11-13,8.221,8.221,8.221,8.221,0.77
2014-11-14,8.215,8.215,8.215,8.215,-0.07
2014-11-17,8.181,8.181,8.181,8.181,-0.41
2014-11-18,8.153,8.153,8.153,8.153,-0.34
2014-11-19,8.164,8.164,8.164,8.164,0.13
2014-11-20,8.158,8.158,8.158,8.158,-0.07
2014-11-21,8.168,8.168,8.168,8.168,0.12
2014-11-24,8.162,8.162,8.162,8.162,-0.07
2014-11-25,8.158,8.158,8.158,8.158,-0.05
2014-11-26,8.143,8.143,8.143,8.143,-0.18
2014-11-27,8.147,8.147,8.147,8.147,0.05
2014-11-28,8.087,8.087,8.087,8.087,-0.74
2014-12-01,8.059,8.059,8.059,8.059,-0.35
2014-12-02,7.969,7.969,7.969,7.969,-1.12
2014-12-03,7.971,7.971,7.971,7.971,0.03
2014-12-04,7.967,7.967,7.967,7.967,-0.05
2014-12-05,7.936,7.936,7.936,7.936,-0.39
2014-12-08,7.917,7.917,7.917,7.917,-0.24
2014-12-09,7.902,7.902,7.902,7.902,-0.19
2014-12-10,7.908,7.908,7.908,7.908,0.08
2014-12-11,7.866,7.866,7.866,7.866,-0.53
2014-12-12,7.83,7.83,7.83,7.83,-0.46
2014-12-15,7.832,7.832,7.832,7.832,0.03
2014-12-16,7.987,7.987,7.987,7.987,1.98
2014-12-17,7.969,7.969,7.969,7.969,-0.23
2014-12-18,7.928,7.928,7.928,7.928,-0.51
2014-12-19,7.96,7.96,7.96,7.96,0.4
2014-12-22,7.954,7.954,7.954,7.954,-0.08
2014-12-23,7.922,7.922,7.922,7.922,-0.4
2014-12-24,7.96,7.96,7.96,7.96,0.48
2014-12-26,7.978,7.978,7.978,7.978,0.23
2014-12-29,7.927,7.927,7.927,7.927,-0.64
2014-12-30,7.873,7.873,7.873,7.873,-0.68
2014-12-31,7.855,7.855,7.855,7.855,-0.23
2015-01-01,7.88,7.88,7.88,7.88,0.32
2015-01-02,7.872,7.872,7.872,7.872,-0.1
2015-01-05,7.892,7.892,7.892,7.892,0.25
2015-01-06,7.899,7.899,7.899,7.899,0.09
2015-01-07,7.856,7.856,7.856,7.856,-0.54
2015-01-08,7.86,7.86,7.86,7.86,0.05
2015-01-09,7.844,7.844,7.844,7.844,-0.2
2015-01-12,7.812,7.812,7.812,7.812,-0.41
2015-01-13,7.768,7.768,7.768,7.768,-0.56
2015-01-14,7.772,7.772,7.772,7.772,0.05
2015-01-15,7.694,7.694,7.694,7.694,-1.0
2015-01-16,7.706,7.706,7.706,7.706,0.16
2015-01-19,7.723,7.723,7.723,7.723,0.22
2015-01-20,7.723,7.723,7.723,7.723,0.0
2015-01-21,7.69,7.69,7.69,7.69,-0.43
2015-01-22,7.712,7.712,7.712,7.712,0.29
2015-01-23,7.704,7.704,7.704,7.704,-0.1
2015-01-27,7.704,7.704,7.704,7.704,0.0
2015-01-28,7.705,7.705,7.705,7.705,0.01
2015-01-29,7.711,7.711,7.711,7.711,0.08
2015-01-30,7.691,7.691,7.691,7.691,-0.26
2015-02-02,7.652,7.652,7.652,7.652,-0.51
2015-02-03,7.727,7.727,7.727,7.727,0.98
2015-02-04,7.717,7.717,7.717,7.717,-0.13
2015-02-05,7.699,7.699,7.699,7.699,-0.23
2015-02-06,7.7,7.7,7.7,7.7,0.01
2015-02-09,7.728,7.728,7.728,7.728,0.36
2015-02-10,7.728,7.728,7.728,7.728,0.0
2015-02-11,7.732,7.732,7.732,7.732,0.05
2015-02-12,7.743,7.743,7.743,7.743,0.14
2015-02-13,7.697,7.697,7.697,7.697,-0.59
2015-02-16,7.707,7.707,7.707,7.707,0.13
2015-02-18,7.708,7.708,7.708,7.708,0.01
2015-02-19,7.71,7.71,7.71,7.71,0.03
2015-02-20,7.695,7.695,7.695,7.695,-0.19
2015-02-23,7.702,7.702,7.702,7.702,0.09
2015-02-24,7.716,7.716,7.716,7.716,0.18
2015-02-25,7.706,7.706,7.706,7.706,-0.13
2015-02-26,7.738,7.738,7.738,7.738,0.42
2015-02-27,7.724,7.724,7.724,7.724,-0.18
2015-03-02,7.741,7.741,7.741,7.741,0.22
2015-03-03,7.754,7.754,7.754,7.754,0.17
2015-03-04,7.685,7.685,7.685,7.685,-0.89
2015-03-05,7.705,7.705,7.705,7.705,0.26
2015-03-09,7.74,7.74,7.74,7.74,0.45
2015-03-10,7.747,7.747,7.747,7.747,0.09
2015-03-11,7.759,7.759,7.759,7.759,0.15
2015-03-12,7.722,7.722,7.722,7.722,-0.48
2015-03-13,7.796,7.796,7.796,7.796,0.96
2015-03-16,7.804,7.804,7.804,7.804,0.1
2015-03-17,7.782,7.782,7.782,7.782,-0.28
2015-03-18,7.792,7.792,7.792,7.792,0.13
2015-03-19,7.756,7.756,7.756,7.756,-0.46
2015-03-20,7.746,7.746,7.746,7.746,-0.13
2015-03-23,7.756,7.756,7.756,7.756,0.13
2015-03-24,7.75,7.75,7.75,7.75,-0.08
2015-03-25,7.772,7.772,7.772,7.772,0.28
2015-03-26,7.797,7.797,7.797,7.797,0.32
2015-03-27,7.776,7.776,7.776,7.776,-0.27
2015-03-30,7.761,7.761,7.761,7.761,-0.19
2015-03-31,7.738,7.738,7.738,7.738,-0.3
2015-04-06,7.721,7.721,7.721,7.721,-0.22
2015-04-07,7.786,7.786,7.786,7.786,0.84
2015-04-08,7.786,7.786,7.786,7.786,0.0
2015-04-09,7.774,7.774,7.774,7.774,-0.15
2015-04-10,7.801,7.801,7.801,7.801,0.35
2015-04-13,7.796,7.796,7.796,7.796,-0.06
2015-04-15,7.782,7.782,7.782,7.782,-0.18
2015-04-16,7.799,7.799,7.799,7.799,0.22
2015-04-17,7.791,7.791,7.791,7.791,-0.1
2015-04-20,7.794,7.794,7.794,7.794,0.04
2015-04-21,7.773,7.773,7.773,7.773,-0.27
2015-04-22,7.753,7.753,7.753,7.753,-0.26
2015-04-23,7.757,7.757,7.757,7.757,0.05
2015-04-24,7.787,7.787,7.787,7.787,0.39
2015-04-27,7.778,7.778,7.778,7.778,-0.12
2015-04-28,7.761,7.761,7.761,7.761,-0.22
2015-04-29,7.815,7.815,7.815,7.815,0.7
2015-04-30,7.86,7.86,7.86,7.86,0.58
2015-05-05,7.849,7.849,7.849,7.849,-0.14
2015-05-06,7.891,7.891,7.891,7.891,0.54
2015-05-07,7.993,7.993,7.993,7.993,1.29
2015-05-08,7.977,7.977,7.977,7.977,-0.2
2015-05-11,7.886,7.886,7.886,7.886,-1.14
2015-05-12,7.95,7.95,7.95,7.95,0.81
2015-05-13,7.957,7.957,7.957,7.957,0.09
2015-05-14,7.939,7.939,7.939,7.939,-0.23
2015-05-15,7.946,7.946,7.946,7.946,0.09
2015-05-18,7.898,7.898,7.898,7.898,-0.6
2015-05-19,7.858,7.858,7.858,7.858,-0.51
2015-05-20,7.855,7.855,7.855,7.855,-0.04
2015-05-21,7.876,7.876,7.876,7.876,0.27
2015-05-22,7.858,7.858,7.858,7.858,-0.23
2015-05-25,7.864,7.864,7.864,7.864,0.08
2015-05-26,7.891,7.891,7.891,7.891,0.34
2015-05-27,7.868,7.868,7.868,7.868,-0.29
2015-05-28,7.854,7.854,7.854,7.854,-0.18
2015-05-29,7.815,7.815,7.815,7.815,-0.5
2015-05-30,7.816,7.816,7.816,7.816,0.01
2015-06-01,7.822,7.822,7.822,7.822,0.08
2015-06-02,7.933,7.933,7.933,7.933,1.42
2015-06-03,7.951,7.951,7.951,7.951,0.23
2015-06-04,8.01,8.01,8.01,8.01,0.74
2015-06-05,7.983,7.983,7.983,7.983,-0.34
2015-06-08,7.801,7.801,7.801,7.801,-2.28
2015-06-09,7.789,7.789,7.789,7.789,-0.15
2015-06-10,7.825,7.825,7.825,7.825,0.46
2015-06-11,7.879,7.879,7.879,7.879,0.69
2015-06-12,7.886,7.886,7.886,7.886,0.09
2015-06-15,7.863,7.863,7.863,7.863,-0.29
2015-06-16,7.882,7.882,7.882,7.882,0.24
2015-06-17,7.846,7.846,7.846,7.846,-0.46
2015-06-18,7.763,7.763,7.763,7.763,-1.06
2015-06-19,7.708,7.708,7.708,7.708,-0.71
2015-06-22,7.736,7.736,7.736,7.736,0.36
2015-06-23,7.748,7.748,7.748,7.748,0.16
2015-06-24,7.804,7.804,7.804,7.804,0.72
2015-06-25,7.823,7.823,7.823,7.823,0.24
2015-06-26,7.821,7.821,7.821,7.821,-0.03
2015-06-29,7.886,7.886,7.886,7.886,0.83
2015-06-30,7.861,7.861,7.861,7.861,-0.32
2015-07-01,7.817,7.817,7.817,7.817,-0.56
2015-07-02,7.811,7.811,7.811,7.811,-0.08
2015-07-03,7.799,7.799,7.799,7.799,-0.15
2015-07-06,7.753,7.753,7.753,7.753,-0.59
2015-07-07,7.78,7.78,7.78,7.78,0.35
2015-07-08,7.781,7.781,7.781,7.781,0.01
2015-07-09,7.792,7.792,7.792,7.792,0.14
2015-07-10,7.802,7.802,7.802,7.802,0.13
2015-07-13,7.867,7.867,7.867,7.867,0.83
2015-07-14,7.823,7.823,7.823,7.823,-0.56
2015-07-15,7.839,7.839,7.839,7.839,0.2
2015-07-16,7.845,7.845,7.845,7.845,0.08
2015-07-17,7.83,7.83,7.83,7.83,-0.19
2015-07-18,7.831,7.831,7.831,7.831,0.01
2015-07-20,7.84,7.84,7.84,7.84,0.11
2015-07-21,7.836,7.836,7.836,7.836,-0.05
2015-07-22,7.828,7.828,7.828,7.828,-0.1
2015-07-23,7.803,7.803,7.803,7.803,-0.32
2015-07-24,7.83,7.83,7.83,7.83,0.35
2015-07-27,7.828,7.828,7.828,7.828,-0.03
2015-07-28,7.805,7.805,7.805,7.805,-0.29
2015-07-29,7.809,7.809,7.809,7.809,0.05
2015-07-30,7.821,7.821,7.821,7.821,0.15
2015-07-31,7.806,7.806,7.806,7.806,-0.19
2015-08-03,7.813,7.813,7.813,7.813,0.09
2015-08-04,7.84,7.84,7.84,7.84,0.35
2015-08-05,7.836,7.836,7.836,7.836,-0.05
2015-08-06,7.806,7.806,7.806,7.806,-0.38
2015-08-07,7.809,7.809,7.809,7.809,0.04
2015-08-10,7.788,7.788,7.788,7.788,-0.27
2015-08-11,7.796,7.796,7.796,7.796,0.1
2015-08-12,7.796,7.796,7.796,7.796,0.0
2015-08-13,7.744,7.744,7.744,7.744,-0.67
2015-08-14,7.745,7.745,7.745,7.745,0.01
2015-08-17,7.744,7.744,7.744,7.744,-0.01
2015-08-19,7.741,7.741,7.741,7.741,-0.04
2015-08-20,7.747,7.747,7.747,7.747,0.08
2015-08-21,7.784,7.784,7.784,7.784,0.48
2015-08-24,7.893,7.893,7.893,7.893,1.4
2015-08-25,7.814,7.814,7.814,7.814,-1.0
2015-08-26,7.791,7.791,7.791,7.791,-0.29
2015-08-27,7.766,7.766,7.766,7.766,-0.32
2015-08-28,7.777,7.777,7.777,7.777,0.14
2015-08-31,7.784,7.784,7.784,7.784,0.09
2015-09-01,7.751,7.751,7.751,7.751,-0.42
2015-09-02,7.75,7.75,7.75,7.75,-0.01
2015-09-03,7.746,7.746,7.746,7.746,-0.05
2015-09-04,7.753,7.753,7.753,7.753,0.09
2015-09-07,7.801,7.801,7.801,7.801,0.62
2015-09-08,7.771,7.771,7.771,7.771,-0.38
2015-09-09,7.766,7.766,7.766,7.766,-0.06
2015-09-10,7.772,7.772,7.772,7.772,0.08
2015-09-11,7.771,7.771,7.771,7.771,-0.01
2015-09-14,7.755,7.755,7.755,7.755,-0.21
2015-09-15,7.756,7.756,7.756,7.756,0.01
2015-09-16,7.753,7.753,7.753,7.753,-0.04
2015-09-18,7.697,7.697,7.697,7.697,-0.72
2015-09-21,7.703,7.703,7.703,7.703,0.08
2015-09-22,7.715,7.715,7.715,7.715,0.16
2015-09-23,7.715,7.715,7.715,7.715,0.0
2015-09-24,7.715,7.715,7.715,7.715,0.0
2015-09-28,7.725,7.725,7.725,7.725,0.13
2015-09-29,7.611,7.611,7.611,7.611,-1.48
2015-09-30,7.539,7.539,7.539,7.539,-0.95
2015-10-01,7.561,7.561,7.561,7.561,0.29
2015-10-03,7.563,7.563,7.563,7.563,0.03
2015-10-05,7.513,7.513,7.513,7.513,-0.66
2015-10-06,7.527,7.527,7.527,7.527,0.19
2015-10-07,7.54,7.54,7.54,7.54,0.17
2015-10-08,7.536,7.536,7.536,7.536,-0.05
2015-10-09,7.545,7.545,7.545,7.545,0.12
2015-10-12,7.58,7.58,7.58,7.58,0.46
2015-10-13,7.56,7.56,7.56,7.56,-0.26
2015-10-14,7.554,7.554,7.554,7.554,-0.08
2015-10-15,7.548,7.548,7.548,7.548,-0.08
2015-10-16,7.564,7.564,7.564,7.564,0.21
2015-10-19,7.571,7.571,7.571,7.571,0.09
2015-10-20,7.579,7.579,7.579,7.579,0.11
2015-10-21,7.583,7.583,7.583,7.583,0.05
2015-10-23,7.585,7.585,7.585,7.585,0.03
2015-10-26,7.611,7.611,7.611,7.611,0.34
2015-10-27,7.604,7.604,7.604,7.604,-0.09
2015-10-28,7.591,7.591,7.591,7.591,-0.17
2015-10-29,7.629,7.629,7.629,7.629,0.5
2015-10-30,7.64,7.64,7.64,7.64,0.14
2015-11-02,7.629,7.629,7.629,7.629,-0.14
2015-11-03,7.646,7.646,7.646,7.646,0.22
2015-11-04,7.652,7.652,7.652,7.652,0.08
2015-11-05,7.679,7.679,7.679,7.679,0.35
2015-11-06,7.685,7.685,7.685,7.685,0.08
2015-11-09,7.725,7.725,7.725,7.725,0.52
2015-11-10,7.682,7.682,7.682,7.682,-0.56
2015-11-13,7.646,7.646,7.646,7.646,-0.47
2015-11-16,7.652,7.652,7.652,7.652,0.08
2015-11-17,7.667,7.667,7.667,7.667,0.2
2015-11-18,7.679,7.679,7.679,7.679,0.16
2015-11-19,7.672,7.672,7.672,7.672,-0.09
2015-11-20,7.697,7.697,7.697,7.697,0.33
2015-11-23,7.715,7.715,7.715,7.715,0.23
2015-11-24,7.703,7.703,7.703,7.703,-0.16
2015-11-26,7.72,7.72,7.72,7.72,0.22
2015-11-27,7.766,7.766,7.766,7.766,0.6
2015-11-30,7.786,7.786,7.786,7.786,0.26
2015-12-01,7.72,7.72,7.72,7.72,-0.85
2015-12-02,7.742,7.742,7.742,7.742,0.28
2015-12-03,7.712,7.712,7.712,7.712,-0.39
2015-12-04,7.757,7.757,7.757,7.757,0.58
2015-12-07,7.754,7.754,7.754,7.754,-0.04
2015-12-08,7.795,7.795,7.795,7.795,0.53
2015-12-09,7.777,7.777,7.777,7.777,-0.23
2015-12-10,7.78,7.78,7.78,7.78,0.04
2015-12-11,7.773,7.773,7.773,7.773,-0.09
2015-12-14,7.816,7.816,7.816,7.816,0.55
2015-12-15,7.787,7.787,7.787,7.787,-0.37
2015-12-16,7.734,7.734,7.734,7.734,-0.68
2015-12-17,7.708,7.708,7.708,7.708,-0.34
2015-12-18,7.725,7.725,7.725,7.725,0.22
2015-12-21,7.773,7.773,7.773,7.773,0.62
2015-12-22,7.756,7.756,7.756,7.756,-0.22
2015-12-23,7.749,7.749,7.749,7.749,-0.09
2015-12-28,7.756,7.756,7.756,7.756,0.09
2015-12-29,7.755,7.755,7.755,7.755,-0.01
2015-12-30,7.749,7.749,7.749,7.749,-0.08
2015-12-31,7.758,7.758,7.758,7.758,0.12
2016-01-01,7.727,7.727,7.727,7.727,-0.4
2016-01-04,7.723,7.723,7.723,7.723,-0.05
2016-01-05,7.739,7.739,7.739,7.739,0.21
2016-01-06,7.736,7.736,7.736,7.736,-0.04
2016-01-07,7.736,7.736,7.736,7.736,0.0
2016-01-08,7.741,7.741,7.741,7.741,0.06
2016-01-11,7.754,7.754,7.754,7.754,0.17
2016-01-12,7.759,7.759,7.759,7.759,0.06
2016-01-13,7.765,7.765,7.765,7.765,0.08
2016-01-14,7.786,7.786,7.786,7.786,0.27
2016-01-15,7.806,7.806,7.806,7.806,0.26
2016-01-18,7.811,7.811,7.811,7.811,0.06
2016-01-19,7.78,7.78,7.78,7.78,-0.4
2016-01-20,7.754,7.754,7.754,7.754,-0.33
2016-01-21,7.748,7.748,7.748,7.748,-0.08
2016-01-22,7.775,7.775,7.775,7.775,0.35
2016-01-25,7.805,7.805,7.805,7.805,0.39
2016-01-27,7.788,7.788,7.788,7.788,-0.22
2016-01-28,7.805,7.805,7.805,7.805,0.22
2016-01-29,7.779,7.779,7.779,7.779,-0.33
2016-02-01,7.792,7.792,7.792,7.792,0.17
2016-02-02,7.849,7.849,7.849,7.849,0.73
2016-02-03,7.849,7.849,7.849,7.849,0.0
2016-02-04,7.835,7.835,7.835,7.835,-0.18
2016-02-05,7.822,7.822,7.822,7.822,-0.17
2016-02-08,7.725,7.725,7.725,7.725,-1.24
2016-02-09,7.738,7.738,7.738,7.738,0.17
2016-02-10,7.722,7.722,7.722,7.722,-0.21
2016-02-11,7.716,7.716,7.716,7.716,-0.08
2016-02-12,7.723,7.723,7.723,7.723,0.09
2016-02-15,7.754,7.754,7.754,7.754,0.4
2016-02-16,7.78,7.78,7.78,7.78,0.34
2016-02-17,7.786,7.786,7.786,7.786,0.08
2016-02-18,7.738,7.738,7.738,7.738,-0.62
2016-02-22,7.773,7.773,7.773,7.773,0.45
2016-02-23,7.822,7.822,7.822,7.822,0.63
2016-02-24,7.832,7.832,7.832,7.832,0.13
2016-02-25,7.861,7.861,7.861,7.861,0.37
2016-02-26,7.779,7.779,7.779,7.779,-1.04
2016-02-29,7.623,7.623,7.623,7.623,-2.01
2016-03-01,7.604,7.604,7.604,7.604,-0.25
2016-03-02,7.623,7.623,7.623,7.623,0.25
2016-03-03,7.658,7.658,7.658,7.658,0.46
2016-03-04,7.633,7.633,7.633,7.633,-0.33
2016-03-08,7.642,7.642,7.642,7.642,0.12
2016-03-09,7.654,7.654,7.654,7.654,0.16
2016-03-10,7.635,7.635,7.635,7.635,-0.25
2016-03-11,7.627,7.627,7.627,7.627,-0.1
2016-03-14,7.599,7.599,7.599,7.599,-0.37
2016-03-15,7.58,7.58,7.58,7.58,-0.25
2016-03-16,7.571,7.571,7.571,7.571,-0.12
2016-03-17,7.512,7.512,7.512,7.512,-0.78
2016-03-18,7.52,7.52,7.52,7.52,0.11
2016-03-21,7.504,7.504,7.504,7.504,-0.21
2016-03-22,7.504,7.504,7.504,7.504,0.0
2016-03-23,7.507,7.507,7.507,7.507,0.04
2016-03-28,7.498,7.498,7.498,7.498,-0.12
2016-03-29,7.514,7.514,7.514,7.514,0.21
2016-03-30,7.496,7.496,7.496,7.496,-0.24
2016-03-31,7.459,7.459,7.459,7.459,-0.49
2016-04-04,7.408,7.408,7.408,7.408,-0.68
2016-04-05,7.462,7.462,7.462,7.462,0.73
2016-04-06,7.46,7.46,7.46,7.46,-0.03
2016-04-07,7.447,7.447,7.447,7.447,-0.17
2016-04-11,7.415,7.415,7.415,7.415,-0.43
2016-04-12,7.417,7.417,7.417,7.417,0.03
2016-04-13,7.435,7.435,7.435,7.435,0.24
2016-04-18,7.417,7.417,7.417,7.417,-0.24
2016-04-20,7.437,7.437,7.437,7.437,0.27
2016-04-21,7.473,7.473,7.473,7.473,0.48
2016-04-22,7.456,7.456,7.456,7.456,-0.23
2016-04-25,7.47,7.47,7.47,7.47,0.19
2016-04-26,7.469,7.469,7.469,7.469,-0.01
2016-04-27,7.46,7.46,7.46,7.46,-0.12
2016-04-28,7.443,7.443,7.443,7.443,-0.23
2016-04-29,7.435,7.435,7.435,7.435,-0.11
2016-05-02,7.439,7.439,7.439,7.439,0.05
2016-05-03,7.442,7.442,7.442,7.442,0.04
2016-05-04,7.432,7.432,7.432,7.432,-0.13
2016-05-05,7.435,7.435,7.435,7.435,0.04
2016-05-06,7.435,7.435,7.435,7.435,0.0
2016-05-09,7.425,7.425,7.425,7.425,-0.13
2016-05-10,7.428,7.428,7.428,7.428,0.04
2016-05-11,7.428,7.428,7.428,7.428,0.0
2016-05-12,7.422,7.422,7.422,7.422,-0.08
2016-05-13,7.448,7.448,7.448,7.448,0.35
2016-05-16,7.452,7.452,7.452,7.452,0.05
2016-05-17,7.452,7.452,7.452,7.452,0.0
2016-05-18,7.474,7.474,7.474,7.474,0.3
2016-05-19,7.47,7.47,7.47,7.47,-0.05
2016-05-20,7.476,7.476,7.476,7.476,0.08
2016-05-23,7.464,7.464,7.464,7.464,-0.16
2016-05-24,7.466,7.466,7.466,7.466,0.03
2016-05-25,7.463,7.463,7.463,7.463,-0.04
2016-05-26,7.469,7.469,7.469,7.469,0.08
2016-05-27,7.47,7.47,7.47,7.47,0.01
2016-05-28,7.471,7.471,7.471,7.471,0.01
2016-05-30,7.46,7.46,7.46,7.46,-0.15
2016-05-31,7.471,7.471,7.471,7.471,0.15
2016-06-01,7.486,7.486,7.486,7.486,0.2
2016-06-02,7.486,7.486,7.486,7.486,0.0
2016-06-03,7.488,7.488,7.488,7.488,0.03
2016-06-06,7.475,7.475,7.475,7.475,-0.17
2016-06-07,7.482,7.482,7.482,7.482,0.09
2016-06-08,7.488,7.488,7.488,7.488,0.08
2016-06-09,7.486,7.486,7.486,7.486,-0.03
2016-06-10,7.491,7.491,7.491,7.491,0.07
2016-06-13,7.525,7.525,7.525,7.525,0.45
2016-06-14,7.517,7.517,7.517,7.517,-0.11
2016-06-15,7.517,7.517,7.517,7.517,0.0
2016-06-16,7.504,7.504,7.504,7.504,-0.17
2016-06-17,7.501,7.501,7.501,7.501,-0.04
2016-06-20,7.494,7.494,7.494,7.494,-0.09
2016-06-21,7.498,7.498,7.498,7.498,0.05
2016-06-22,7.476,7.476,7.476,7.476,-0.29
2016-06-23,7.479,7.479,7.479,7.479,0.04
2016-06-24,7.473,7.473,7.473,7.473,-0.08
2016-06-27,7.459,7.459,7.459,7.459,-0.19
2016-06-28,7.453,7.453,7.453,7.453,-0.08
2016-06-29,7.444,7.444,7.444,7.444,-0.12
2016-06-30,7.448,7.448,7.448,7.448,0.05
2016-07-01,7.419,7.419,7.419,7.419,-0.39
2016-07-04,7.425,7.425,7.425,7.425,0.08
2016-07-05,7.394,7.394,7.394,7.394,-0.42
2016-07-07,7.381,7.381,7.381,7.381,-0.18
2016-07-08,7.384,7.384,7.384,7.384,0.04
2016-07-11,7.384,7.384,7.384,7.384,0.0
2016-07-12,7.337,7.337,7.337,7.337,-0.64
2016-07-13,7.284,7.284,7.284,7.284,-0.72
2016-07-14,7.285,7.285,7.285,7.285,0.01
2016-07-15,7.272,7.272,7.272,7.272,-0.18
2016-07-18,7.294,7.294,7.294,7.294,0.3
2016-07-19,7.28,7.28,7.28,7.28,-0.19
2016-07-20,7.27,7.27,7.27,7.27,-0.14
2016-07-21,7.261,7.261,7.261,7.261,-0.12
2016-07-22,7.249,7.249,7.249,7.249,-0.17
2016-07-25,7.248,7.248,7.248,7.248,-0.01
2016-07-26,7.252,7.252,7.252,7.252,0.06
2016-07-27,7.25,7.25,7.25,7.25,-0.03
2016-07-28,7.185,7.185,7.185,7.185,-0.9
2016-07-29,7.163,7.163,7.163,7.163,-0.31
2016-08-01,7.139,7.139,7.139,7.139,-0.34
2016-08-02,7.174,7.174,7.174,7.174,0.49
2016-08-03,7.194,7.194,7.194,7.194,0.28
2016-08-04,7.169,7.169,7.169,7.169,-0.35
2016-08-05,7.166,7.166,7.166,7.166,-0.04
2016-08-06,7.168,7.168,7.168,7.168,0.03
2016-08-08,7.173,7.173,7.173,7.173,0.07
2016-08-09,7.124,7.124,7.124,7.124,-0.68
2016-08-10,7.101,7.101,7.101,7.101,-0.32
2016-08-11,7.083,7.083,7.083,7.083,-0.25
2016-08-12,7.101,7.101,7.101,7.101,0.25
2016-08-13,7.103,7.103,7.103,7.103,0.03
2016-08-16,7.104,7.104,7.104,7.104,0.01
2016-08-18,7.14,7.14,7.14,7.14,0.51
2016-08-19,7.099,7.099,7.099,7.099,-0.57
2016-08-22,7.156,7.156,7.156,7.156,0.8
2016-08-23,7.158,7.158,7.158,7.158,0.03
2016-08-24,7.134,7.134,7.134,7.134,-0.34
2016-08-25,7.122,7.122,7.122,7.122,-0.17
2016-08-26,7.127,7.127,7.127,7.127,0.07
2016-08-29,7.121,7.121,7.121,7.121,-0.08
2016-08-30,7.107,7.107,7.107,7.107,-0.2
2016-08-31,7.11,7.11,7.11,7.11,0.04
2016-09-01,7.118,7.118,7.118,7.118,0.11
2016-09-02,7.119,7.119,7.119,7.119,0.01
2016-09-06,7.097,7.097,7.097,7.097,-0.31
2016-09-07,7.055,7.055,7.055,7.055,-0.59
2016-09-08,7.042,7.042,7.042,7.042,-0.18
2016-09-09,7.057,7.057,7.057,7.057,0.21
2016-09-12,7.083,7.083,7.083,7.083,0.37
2016-09-14,7.08,7.08,7.08,7.08,-0.04
2016-09-15,7.067,7.067,7.067,7.067,-0.18
2016-09-16,7.051,7.051,7.051,7.051,-0.23
2016-09-17,7.052,7.052,7.052,7.052,0.01
2016-09-19,7.052,7.052,7.052,7.052,0.0
2016-09-20,7.065,7.065,7.065,7.065,0.18
2016-09-21,7.039,7.039,7.039,7.039,-0.37
2016-09-22,6.977,6.977,6.977,6.977,-0.88
2016-09-23,6.966,6.966,6.966,6.966,-0.16
2016-09-24,6.966,6.966,6.966,6.966,0.0
2016-09-26,6.934,6.934,6.934,6.934,-0.46
2016-09-27,6.933,6.933,6.933,6.933,-0.01
2016-09-28,6.921,6.921,6.921,6.921,-0.17
2016-09-29,7.013,7.013,7.013,7.013,1.33
2016-09-30,6.958,6.958,6.958,6.958,-0.78
2016-10-03,6.899,6.899,6.899,6.899,-0.85
2016-10-04,6.837,6.837,6.837,6.837,-0.9
2016-10-05,6.797,6.797,6.797,6.797,-0.59
2016-10-06,6.82,6.82,6.82,6.82,0.34
2016-10-07,6.848,6.848,6.848,6.848,0.41
2016-10-10,6.819,6.819,6.819,6.819,-0.42
2016-10-13,6.828,6.828,6.828,6.828,0.13
2016-10-14,6.852,6.852,6.852,6.852,0.35
2016-10-15,6.854,6.854,6.854,6.854,0.03
2016-10-17,6.844,6.844,6.844,6.844,-0.15
2016-10-18,6.812,6.812,6.812,6.812,-0.47
2016-10-19,6.819,6.819,6.819,6.819,0.1
2016-10-20,6.847,6.847,6.847,6.847,0.41
2016-10-21,6.848,6.848,6.848,6.848,0.01
2016-10-24,6.856,6.856,6.856,6.856,0.12
2016-10-25,6.87,6.87,6.87,6.87,0.2
2016-10-26,6.871,6.871,6.871,6.871,0.01
2016-10-27,6.888,6.888,6.888,6.888,0.25
2016-10-28,6.885,6.885,6.885,6.885,-0.04
2016-11-01,6.908,6.908,6.908,6.908,0.33
2016-11-02,6.9,6.9,6.9,6.9,-0.12
2016-11-03,6.823,6.823,6.823,6.823,-1.12
2016-11-04,6.838,6.838,6.838,6.838,0.22
2016-11-07,6.834,6.834,6.834,6.834,-0.06
2016-11-08,6.796,6.796,6.796,6.796,-0.56
2016-11-09,6.666,6.666,6.666,6.666,-1.91
2016-11-10,6.657,6.657,6.657,6.657,-0.14
2016-11-11,6.722,6.722,6.722,6.722,0.98
2016-11-15,6.53,6.53,6.53,6.53,-2.86
2016-11-16,6.444,6.444,6.444,6.444,-1.32
2016-11-17,6.419,6.419,6.419,6.419,-0.39
2016-11-18,6.428,6.428,6.428,6.428,0.14
2016-11-21,6.304,6.304,6.304,6.304,-1.93
2016-11-22,6.307,6.307,6.307,6.307,0.05
2016-11-23,6.278,6.278,6.278,6.278,-0.46
2016-11-24,6.183,6.183,6.183,6.183,-1.51
2016-11-25,6.229,6.229,6.229,6.229,0.74
2016-11-28,6.323,6.323,6.323,6.323,1.51
2016-11-29,6.317,6.317,6.317,6.317,-0.09
2016-11-30,6.243,6.243,6.243,6.243,-1.17
2016-12-01,6.212,6.212,6.212,6.212,-0.5
2016-12-02,6.241,6.241,6.241,6.241,0.47
2016-12-05,6.216,6.216,6.216,6.216,-0.4
2016-12-06,6.201,6.201,6.201,6.201,-0.24
2016-12-07,6.41,6.41,6.41,6.41,3.37
2016-12-08,6.4,6.4,6.4,6.4,-0.16
2016-12-09,6.437,6.437,6.437,6.437,0.58
2016-12-13,6.423,6.423,6.423,6.423,-0.22
2016-12-14,6.404,6.404,6.404,6.404,-0.3
2016-12-15,6.538,6.538,6.538,6.538,2.09
2016-12-16,6.504,6.504,6.504,6.504,-0.52
2016-12-19,6.51,6.51,6.51,6.51,0.09
2016-12-20,6.48,6.48,6.48,6.48,-0.46
2016-12-21,6.46,6.46,6.46,6.46,-0.31
2016-12-22,6.518,6.518,6.518,6.518,0.9
2016-12-23,6.544,6.544,6.544,6.544,0.4
2016-12-26,6.57,6.57,6.57,6.57,0.4
2016-12-27,6.587,6.587,6.587,6.587,0.26
2016-12-28,6.581,6.581,6.581,6.581,-0.09
2016-12-29,6.523,6.523,6.523,6.523,-0.88
2016-12-30,6.512,6.512,6.512,6.512,-0.17
2017-01-02,6.402,6.402,6.402,6.402,-1.69
2017-01-03,6.44,6.44,6.44,6.44,0.59
2017-01-04,6.36,6.36,6.36,6.36,-1.24
2017-01-05,6.385,6.385,6.385,6.385,0.39
2017-01-06,6.385,6.385,6.385,6.385,0.0
2017-01-09,6.394,6.394,6.394,6.394,0.14
2017-01-10,6.398,6.398,6.398,6.398,0.06
2017-01-11,6.391,6.391,6.391,6.391,-0.11
2017-01-12,6.372,6.372,6.372,6.372,-0.3
2017-01-13,6.417,6.417,6.417,6.417,0.71
2017-01-16,6.44,6.44,6.44,6.44,0.36
2017-01-17,6.419,6.419,6.419,6.419,-0.33
2017-01-18,6.452,6.452,6.452,6.452,0.51
2017-01-19,6.474,6.474,6.474,6.474,0.34
2017-01-20,6.462,6.462,6.462,6.462,-0.19
2017-01-23,6.451,6.451,6.451,6.451,-0.17
2017-01-24,6.437,6.437,6.437,6.437,-0.22
2017-01-25,6.423,6.423,6.423,6.423,-0.22
2017-01-27,6.398,6.398,6.398,6.398,-0.39
2017-01-30,6.405,6.405,6.405,6.405,0.11
2017-01-31,6.407,6.407,6.407,6.407,0.03
2017-02-01,6.426,6.426,6.426,6.426,0.3
2017-02-02,6.4,6.4,6.4,6.4,-0.4
2017-02-03,6.408,6.408,6.408,6.408,0.12
2017-02-06,6.412,6.412,6.412,6.412,0.06
2017-02-07,6.431,6.431,6.431,6.431,0.3
2017-02-08,6.747,6.747,6.747,6.747,4.91
2017-02-09,6.855,6.855,6.855,6.855,1.6
2017-02-10,6.805,6.805,6.805,6.805,-0.73
2017-02-13,6.828,6.828,6.828,6.828,0.34
2017-02-14,6.875,6.875,6.875,6.875,0.69
2017-02-15,6.862,6.862,6.862,6.862,-0.19
2017-02-16,6.842,6.842,6.842,6.842,-0.29
2017-02-17,6.849,6.849,6.849,6.849,0.1
2017-02-20,6.901,6.901,6.901,6.901,0.76
2017-02-22,6.935,6.935,6.935,6.935,0.49
2017-02-23,6.915,6.915,6.915,6.915,-0.29
2017-02-27,6.88,6.88,6.88,6.88,-0.51
2017-02-28,6.87,6.87,6.87,6.87,-0.15
2017-03-01,6.928,6.928,6.928,6.928,0.84
2017-03-02,6.831,6.831,6.831,6.831,-1.4
2017-03-03,6.771,6.771,6.771,6.771,-0.88
2017-03-06,6.867,6.867,6.867,6.867,1.42
2017-03-07,6.832,6.832,6.832,6.832,-0.51
2017-03-08,6.864,6.864,6.864,6.864,0.47
2017-03-09,6.854,6.854,6.854,6.854,-0.15
2017-03-10,6.904,6.904,6.904,6.904,0.73
2017-03-14,6.9,6.9,6.9,6.9,-0.06
2017-03-15,6.826,6.826,6.826,6.826,-1.07
2017-03-16,6.842,6.842,6.842,6.842,0.23
2017-03-17,6.86,6.86,6.86,6.86,0.26
2017-03-18,6.859,6.859,6.859,6.859,-0.01
2017-03-20,6.895,6.895,6.895,6.895,0.52
2017-03-21,6.886,6.886,6.886,6.886,-0.13
2017-03-22,6.811,6.811,6.811,6.811,-1.09
2017-03-23,6.83,6.83,6.83,6.83,0.28
2017-03-24,6.828,6.828,6.828,6.828,-0.03
2017-03-27,6.708,6.708,6.708,6.708,-1.76
2017-03-29,6.749,6.749,6.749,6.749,0.61
2017-03-30,6.687,6.687,6.687,6.687,-0.92
2017-03-31,6.658,6.658,6.658,6.658,-0.43
2017-04-03,6.648,6.648,6.648,6.648,-0.15
2017-04-05,6.651,6.651,6.651,6.651,0.05
2017-04-06,6.768,6.768,6.768,6.768,1.76
2017-04-07,6.819,6.819,6.819,6.819,0.75
2017-04-10,6.865,6.865,6.865,6.865,0.67
2017-04-11,6.811,6.811,6.811,6.811,-0.79
2017-04-12,6.779,6.779,6.779,6.779,-0.47
2017-04-13,6.821,6.821,6.821,6.821,0.62
2017-04-17,6.847,6.847,6.847,6.847,0.38
2017-04-18,6.863,6.863,6.863,6.863,0.23
2017-04-19,6.853,6.853,6.853,6.853,-0.15
2017-04-20,6.878,6.878,6.878,6.878,0.36
2017-04-21,6.918,6.918,6.918,6.918,0.58
2017-04-22,6.923,6.923,6.923,6.923,0.07
2017-04-24,6.943,6.943,6.943,6.943,0.29
2017-04-25,6.934,6.934,6.934,6.934,-0.13
2017-04-26,6.957,6.957,6.957,6.957,0.33
2017-04-27,6.943,6.943,6.943,6.943,-0.2
2017-04-28,6.961,6.961,6.961,6.961,0.26
2017-05-02,6.992,6.992,6.992,6.992,0.45
2017-05-03,6.955,6.955,6.955,6.955,-0.53
2017-05-04,6.97,6.97,6.97,6.97,0.22
2017-05-05,6.942,6.942,6.942,6.942,-0.4
2017-05-08,6.928,6.928,6.928,6.928,-0.2
2017-05-09,6.94,6.94,6.94,6.94,0.17
2017-05-11,6.941,6.941,6.941,6.941,0.01
2017-05-12,6.905,6.905,6.905,6.905,-0.52
2017-05-15,6.806,6.806,6.806,6.806,-1.43
2017-05-16,6.841,6.841,6.841,6.841,0.51
2017-05-17,6.843,6.843,6.843,6.843,0.03
2017-05-18,6.841,6.841,6.841,6.841,-0.03
2017-05-19,6.854,6.854,6.854,6.854,0.19
2017-05-22,6.767,6.767,6.767,6.767,-1.27
2017-05-23,6.789,6.789,6.789,6.789,0.33
2017-05-24,6.797,6.797,6.797,6.797,0.12
2017-05-25,6.791,6.791,6.791,6.791,-0.09
2017-05-26,6.787,6.787,6.787,6.787,-0.06
2017-05-29,6.668,6.668,6.668,6.668,-1.75
2017-05-30,6.661,6.661,6.661,6.661,-0.1
2017-05-31,6.661,6.661,6.661,6.661,0.0
2017-06-01,6.623,6.623,6.623,6.623,-0.57
2017-06-02,6.624,6.624,6.624,6.624,0.02
2017-06-05,6.646,6.646,6.646,6.646,0.33
2017-06-06,6.635,6.635,6.635,6.635,-0.17
2017-06-07,6.562,6.562,6.562,6.562,-1.1
2017-06-08,6.532,6.532,6.532,6.532,-0.46
2017-06-09,6.501,6.501,6.501,6.501,-0.47
2017-06-12,6.515,6.515,6.515,6.515,0.22
2017-06-13,6.492,6.492,6.492,6.492,-0.35
2017-06-14,6.467,6.467,6.467,6.467,-0.39
2017-06-15,6.479,6.479,6.479,6.479,0.19
2017-06-16,6.49,6.49,6.49,6.49,0.17
2017-06-19,6.465,6.465,6.465,6.465,-0.39
2017-06-20,6.445,6.445,6.445,6.445,-0.31
2017-06-21,6.43,6.43,6.43,6.43,-0.23
2017-06-22,6.453,6.453,6.453,6.453,0.36
2017-06-23,6.459,6.459,6.459,6.459,0.09
2017-06-27,6.463,6.463,6.463,6.463,0.06
2017-06-28,6.497,6.497,6.497,6.497,0.53
2017-06-29,6.507,6.507,6.507,6.507,0.15
2017-06-30,6.511,6.511,6.511,6.511,0.06
2017-07-01,6.511,6.511,6.511,6.511,0.0
2017-07-03,6.552,6.552,6.552,6.552,0.63
2017-07-04,6.548,6.548,6.548,6.548,-0.06
2017-07-05,6.55,6.55,6.55,6.55,0.03
2017-07-06,6.536,6.536,6.536,6.536,-0.21
2017-07-07,6.529,6.529,6.529,6.529,-0.11
2017-07-10,6.468,6.468,6.468,6.468,-0.93
2017-07-11,6.484,6.484,6.484,6.484,0.25
2017-07-12,6.459,6.459,6.459,6.459,-0.39
2017-07-13,6.456,6.456,6.456,6.456,-0.05
2017-07-14,6.463,6.463,6.463,6.463,0.11
2017-07-17,6.456,6.456,6.456,6.456,-0.11
2017-07-18,6.455,6.455,6.455,6.455,-0.02
2017-07-19,6.449,6.449,6.449,6.449,-0.09
2017-07-20,6.453,6.453,6.453,6.453,0.06
2017-07-21,6.436,6.436,6.436,6.436,-0.26
2017-07-24,6.414,6.414,6.414,6.414,-0.34
2017-07-25,6.431,6.431,6.431,6.431,0.27
2017-07-26,6.446,6.446,6.446,6.446,0.23
2017-07-27,6.44,6.44,6.44,6.44,-0.09
2017-07-28,6.462,6.462,6.462,6.462,0.34
2017-07-31,6.465,6.465,6.465,6.465,0.05
2017-08-01,6.44,6.44,6.44,6.44,-0.39
2017-08-02,6.46,6.46,6.46,6.46,0.31
2017-08-03,6.429,6.429,6.429,6.429,-0.48
2017-08-04,6.438,6.438,6.438,6.438,0.14
2017-08-07,6.457,6.457,6.457,6.457,0.3
2017-08-08,6.457,6.457,6.457,6.457,0.0
2017-08-09,6.465,6.465,6.465,6.465,0.12
2017-08-10,6.494,6.494,6.494,6.494,0.45
2017-08-11,6.502,6.502,6.502,6.502,0.12
2017-08-14,6.52,6.52,6.52,6.52,0.28
2017-08-16,6.533,6.533,6.533,6.533,0.2
2017-08-18,6.509,6.509,6.509,6.509,-0.37
2017-08-21,6.51,6.51,6.51,6.51,0.02
2017-08-22,6.535,6.535,6.535,6.535,0.38
2017-08-23,6.535,6.535,6.535,6.535,0.0
2017-08-24,6.538,6.538,6.538,6.538,0.05
2017-08-28,6.568,6.568,6.568,6.568,0.46
2017-08-29,6.533,6.533,6.533,6.533,-0.53
2017-08-30,6.536,6.536,6.536,6.536,0.05
2017-08-31,6.525,6.525,6.525,6.525,-0.17
2017-09-01,6.483,6.483,6.483,6.483,-0.64
2017-09-04,6.496,6.496,6.496,6.496,0.2
2017-09-05,6.497,6.497,6.497,6.497,0.02
2017-09-06,6.507,6.507,6.507,6.507,0.15
2017-09-07,6.515,6.515,6.515,6.515,0.12
2017-09-08,6.543,6.543,6.543,6.543,0.43
2017-09-11,6.562,6.562,6.562,6.562,0.29
2017-09-12,6.557,6.557,6.557,6.557,-0.08
2017-09-13,6.586,6.586,6.586,6.586,0.44
2017-09-14,6.59,6.59,6.59,6.59,0.06
2017-09-15,6.598,6.598,6.598,6.598,0.12
2017-09-18,6.61,6.61,6.61,6.61,0.18
2017-09-19,6.591,6.591,6.591,6.591,-0.29
2017-09-20,6.577,6.577,6.577,6.577,-0.21
2017-09-21,6.674,6.674,6.674,6.674,1.47
2017-09-22,6.663,6.663,6.663,6.663,-0.16
2017-09-25,6.618,6.618,6.618,6.618,-0.68
2017-09-26,6.669,6.669,6.669,6.669,0.77
2017-09-27,6.666,6.666,6.666,6.666,-0.04
2017-09-28,6.641,6.641,6.641,6.641,-0.38
2017-09-29,6.663,6.663,6.663,6.663,0.33
2017-10-03,6.648,6.648,6.648,6.648,-0.23
2017-10-04,6.703,6.703,6.703,6.703,0.83
2017-10-05,6.729,6.729,6.729,6.729,0.39
2017-10-06,6.729,6.764,6.729,6.757,0.42
2017-10-09,6.76,6.785,6.752,6.78,0.34
2017-10-10,6.786,6.786,6.739,6.741,-0.58
2017-10-11,6.76,6.76,6.73,6.74,-0.01
2017-10-12,6.734,6.756,6.729,6.753,0.19
2017-10-13,6.723,6.749,6.72,6.734,-0.28
2017-10-16,6.732,6.746,6.73,6.734,0.0
2017-10-17,6.745,6.77,6.742,6.763,0.43
2017-10-18,6.764,6.773,6.758,6.76,-0.04
2017-10-23,6.791,6.806,6.786,6.799,0.58
2017-10-24,6.798,6.799,6.768,6.782,-0.25
2017-10-25,6.809,6.816,6.795,6.814,0.47
2017-10-26,6.805,6.808,6.798,6.798,-0.23
2017-10-27,6.814,6.843,6.798,6.807,0.13
2017-10-30,6.821,6.891,6.818,6.882,1.1
2017-10-31,6.87,6.898,6.856,6.862,-0.29
2017-11-01,6.879,6.896,6.872,6.892,0.44
2017-11-02,6.884,6.889,6.858,6.86,-0.46
2017-11-03,6.859,6.876,6.847,6.858,-0.03
2017-11-06,6.871,6.901,6.87,6.894,0.52
2017-11-07,6.923,6.942,6.919,6.928,0.49
2017-11-08,6.925,6.949,6.918,6.939,0.16
2017-11-09,6.942,6.944,6.918,6.931,-0.12
2017-11-10,6.935,6.97,6.923,6.956,0.36
2017-11-13,6.976,6.984,6.962,6.972,0.23
2017-11-14,6.988,7.066,6.982,7.05,1.12
2017-11-15,7.031,7.038,7.016,7.016,-0.48
2017-11-16,7.023,7.084,7.02,7.062,0.66
2017-11-17,6.953,7.059,6.953,7.049,-0.18
2017-11-20,6.979,6.979,6.887,6.889,-2.27
2017-11-21,6.891,6.918,6.886,6.896,0.1
2017-11-22,6.899,6.979,6.899,6.959,0.91
2017-11-23,6.947,7.022,6.946,6.985,0.37
2017-11-24,7.009,7.043,6.996,7.002,0.24
2017-11-27,7.012,7.06,7.012,7.056,0.77
2017-11-28,7.074,7.079,7.028,7.03,-0.37
2017-11-29,7.037,7.045,7.017,7.025,-0.07
2017-11-30,7.05,7.071,7.032,7.058,0.47
2017-12-04,7.088,7.107,7.071,7.083,0.35
2017-12-05,7.074,7.08,7.054,7.059,-0.34
2017-12-06,7.06,7.084,7.029,7.031,-0.4
2017-12-07,7.015,7.061,7.012,7.054,0.33
2017-12-08,7.08,7.109,7.073,7.089,0.5
2017-12-11,7.094,7.177,7.089,7.172,1.17
2017-12-12,7.22,7.235,7.169,7.191,0.26
2017-12-13,7.246,7.255,7.173,7.173,-0.25
2017-12-14,7.143,7.169,7.126,7.13,-0.6
2017-12-15,7.113,7.14,7.112,7.134,0.06
2017-12-16,7.133,7.133,7.133,7.133,-0.01
2017-12-18,7.17,7.223,7.143,7.181,0.67
2017-12-19,7.198,7.198,7.164,7.178,-0.04
2017-12-20,7.204,7.223,7.195,7.219,0.57
2017-12-21,7.249,7.293,7.207,7.214,-0.07
2017-12-22,7.21,7.293,7.206,7.271,0.79
2017-12-26,7.289,7.307,7.261,7.275,0.06
2017-12-27,7.304,7.304,7.218,7.219,-0.77
2017-12-28,7.303,7.399,7.302,7.396,2.45
2017-12-29,7.41,7.41,7.27,7.326,-0.95
2018-01-01,7.349,7.363,7.315,7.337,0.15
2018-01-02,7.341,7.399,7.341,7.384,0.64
2018-01-03,7.405,7.423,7.32,7.322,-0.84
2018-01-04,7.346,7.365,7.328,7.331,0.12
2018-01-05,7.331,7.343,7.281,7.288,-0.59
2018-01-08,7.285,7.348,7.279,7.344,0.77
2018-01-09,7.36,7.377,7.341,7.367,0.31
2018-01-10,7.411,7.454,7.411,7.441,1.0
2018-01-11,7.419,7.456,7.406,7.436,-0.07
2018-01-12,7.443,7.482,7.404,7.455,0.26
2018-01-15,7.471,7.471,7.438,7.443,-0.16
2018-01-16,7.504,7.587,7.482,7.552,1.46
2018-01-17,7.547,7.552,7.374,7.415,-1.81
2018-01-18,7.447,7.479,7.436,7.471,0.76
2018-01-19,7.479,7.486,7.451,7.479,0.11
2018-01-22,7.498,7.509,7.453,7.462,-0.23
2018-01-23,7.49,7.49,7.407,7.413,-0.66
2018-01-24,7.265,7.282,7.243,7.276,-1.85
2018-01-25,7.312,7.341,7.299,7.307,0.43
2018-01-29,7.322,7.444,7.295,7.441,1.83
2018-01-30,7.44,7.478,7.418,7.434,-0.09
2018-01-31,7.423,7.439,7.402,7.43,-0.05
2018-02-01,7.446,7.625,7.399,7.605,2.36
2018-02-02,7.679,7.689,7.509,7.562,-0.57
2018-02-05,7.62,7.62,7.572,7.605,0.57
2018-02-06,7.562,7.616,7.538,7.568,-0.49
2018-02-07,7.583,7.62,7.496,7.531,-0.49
2018-02-08,7.506,7.522,7.466,7.466,-0.86
2018-02-09,7.458,7.524,7.452,7.49,0.32
2018-02-12,7.47,7.525,7.449,7.496,0.08
2018-02-14,7.453,7.509,7.449,7.491,-0.07
2018-02-15,7.567,7.611,7.547,7.568,1.03
2018-02-16,7.576,7.597,7.571,7.577,0.12
2018-02-20,7.606,7.694,7.603,7.668,1.2
2018-02-21,7.677,7.71,7.657,7.71,0.55
2018-02-22,7.816,7.816,7.724,7.746,0.47
2018-02-23,7.76,7.76,7.667,7.667,-1.02
2018-02-26,7.657,7.708,7.657,7.688,0.27
2018-02-27,7.708,7.717,7.657,7.666,-0.29
2018-02-28,7.696,7.726,7.673,7.726,0.78
2018-03-01,7.726,7.776,7.696,7.738,0.16
2018-03-05,7.755,7.783,7.741,7.776,0.49
2018-03-06,7.8,7.8,7.758,7.775,-0.01
2018-03-07,7.769,7.769,7.678,7.678,-1.25
2018-03-08,7.679,7.713,7.652,7.662,-0.21
2018-03-09,7.652,7.729,7.634,7.671,0.12
2018-03-12,7.697,7.7,7.62,7.629,-0.55
2018-03-13,7.607,7.665,7.604,7.653,0.31
2018-03-14,7.646,7.693,7.643,7.685,0.42
2018-03-15,7.672,7.711,7.625,7.633,-0.68
2018-03-16,7.64,7.648,7.557,7.557,-1.0
2018-03-19,7.585,7.613,7.542,7.608,0.67
2018-03-20,7.604,7.628,7.595,7.615,0.09
2018-03-21,7.66,7.677,7.579,7.581,-0.45
2018-03-22,7.581,7.615,7.548,7.56,-0.28
2018-03-23,7.533,7.562,7.521,7.557,-0.04
2018-03-26,7.577,7.63,7.574,7.623,0.87
2018-03-27,7.371,7.398,7.302,7.333,-3.8
2018-03-28,7.313,7.412,7.286,7.398,0.89
2018-04-03,7.333,7.367,7.312,7.332,-0.89
2018-04-04,7.339,7.345,7.291,7.294,-0.52
2018-04-05,7.306,7.306,7.123,7.127,-2.29
2018-04-06,7.146,7.179,7.139,7.175,0.67
2018-04-09,7.204,7.239,7.153,7.226,0.71
2018-04-10,7.247,7.379,7.247,7.379,2.12
2018-04-11,7.423,7.542,7.386,7.536,2.13
2018-04-12,7.512,7.527,7.443,7.468,-0.9
2018-04-13,7.503,7.522,7.423,7.431,-0.5
2018-04-16,7.404,7.49,7.404,7.486,0.74
2018-04-17,7.483,7.509,7.471,7.489,0.04
2018-04-18,7.492,7.536,7.478,7.536,0.63
2018-04-19,7.602,7.651,7.588,7.631,1.26
2018-04-20,7.785,7.797,7.655,7.718,1.14
2018-04-23,7.731,7.769,7.672,7.74,0.29
2018-04-24,7.738,7.741,7.642,7.683,-0.74
2018-04-25,7.714,7.779,7.701,7.738,0.72
2018-04-26,7.749,7.785,7.723,7.755,0.22
2018-04-27,7.746,7.773,7.74,7.767,0.15
2018-05-02,7.731,7.742,7.702,7.733,-0.44
2018-05-03,7.736,7.746,7.683,7.734,0.01
2018-05-04,7.748,7.759,7.723,7.728,-0.08
2018-05-07,7.601,7.655,7.601,7.622,-1.37
2018-05-08,7.636,7.655,7.553,7.58,-0.55
2018-05-09,7.652,7.721,7.648,7.709,1.7
2018-05-10,7.715,7.761,7.715,7.715,0.08
2018-05-11,7.711,7.757,7.701,7.726,0.14
2018-05-14,7.72,7.829,7.708,7.826,1.29
2018-05-15,7.906,7.913,7.814,7.903,0.98
2018-05-16,7.919,7.945,7.871,7.902,-0.01
2018-05-17,7.922,7.944,7.879,7.88,-0.28
2018-05-18,7.903,7.927,7.76,7.835,-0.57
2018-05-21,7.901,7.901,7.802,7.809,-0.33
2018-05-22,7.818,7.847,7.787,7.809,0.0
2018-05-23,7.835,7.868,7.827,7.849,0.51
2018-05-24,7.845,7.884,7.838,7.871,0.28
2018-05-25,7.864,7.888,7.793,7.794,-0.98
2018-05-28,7.733,7.774,7.721,7.739,-0.71
2018-05-29,7.761,7.792,7.753,7.756,0.22
2018-05-30,7.742,7.785,7.721,7.782,0.34
2018-05-31,7.823,7.851,7.816,7.826,0.57
2018-06-01,7.86,7.877,7.848,7.848,0.28
2018-06-04,7.868,7.902,7.852,7.876,0.36
2018-06-05,7.86,7.874,7.823,7.834,-0.53
2018-06-06,7.852,7.934,7.827,7.917,1.06
2018-06-07,7.939,7.993,7.937,7.993,0.96
2018-06-08,7.997,7.997,7.918,7.947,-0.58
2018-06-11,7.977,8.0,7.946,7.963,0.2
2018-06-12,7.972,7.992,7.965,7.966,0.04
2018-06-13,7.966,7.968,7.919,7.93,-0.45
2018-06-14,7.946,7.955,7.9,7.945,0.19
2018-06-15,7.93,7.943,7.88,7.889,-0.7
2018-06-18,7.832,7.882,7.818,7.877,-0.15
2018-06-19,7.921,7.921,7.855,7.863,-0.18
2018-06-20,7.805,7.85,7.804,7.827,-0.46
2018-06-21,7.798,7.812,7.769,7.772,-0.7
2018-06-22,7.789,7.841,7.771,7.819,0.6
2018-06-25,7.814,7.859,7.805,7.824,0.06
2018-06-26,7.839,7.849,7.807,7.829,0.06
2018-06-27,7.87,7.878,7.857,7.871,0.54
2018-06-28,7.904,7.942,7.9,7.935,0.81
2018-06-29,7.922,7.922,7.869,7.903,-0.4
2018-07-02,7.889,7.917,7.867,7.912,0.11
2018-07-03,7.905,7.906,7.877,7.883,-0.37
2018-07-04,7.878,7.916,7.836,7.852,-0.39
2018-07-05,7.849,7.9,7.841,7.897,0.57
2018-07-06,7.89,7.901,7.869,7.87,-0.34
2018-07-09,7.871,7.892,7.866,7.89,0.25
2018-07-10,7.907,7.912,7.893,7.9,0.13
2018-07-11,7.897,7.914,7.864,7.872,-0.35
2018-07-12,7.826,7.842,7.778,7.78,-1.17
2018-07-13,7.791,7.802,7.77,7.791,0.14
2018-07-16,7.82,7.848,7.797,7.8,0.12
2018-07-17,7.763,7.764,7.729,7.746,-0.69
2018-07-18,7.725,7.759,7.723,7.752,0.08
2018-07-19,7.782,7.785,7.764,7.785,0.43
2018-07-20,7.787,7.797,7.772,7.785,0.0
2018-07-23,7.788,7.819,7.774,7.81,0.32
2018-07-24,7.806,7.815,7.778,7.784,-0.33
2018-07-25,7.807,7.811,7.782,7.785,0.01
2018-07-26,7.806,7.806,7.756,7.759,-0.33
2018-07-27,7.766,7.788,7.762,7.78,0.27
2018-07-30,7.78,7.799,7.776,7.79,0.13
2018-07-31,7.797,7.797,7.769,7.772,-0.23
2018-08-01,7.767,7.841,7.701,7.701,-0.91
2018-08-02,7.698,7.732,7.681,7.721,0.26
2018-08-03,7.742,7.771,7.739,7.763,0.54
2018-08-06,7.754,7.773,7.747,7.768,0.06
2018-08-07,7.772,7.787,7.757,7.786,0.23
2018-08-08,7.792,7.793,7.776,7.782,-0.05
2018-08-09,7.754,7.762,7.74,7.745,-0.48
2018-08-10,7.743,7.759,7.737,7.754,0.12
2018-08-13,7.807,7.825,7.789,7.823,0.89
2018-08-14,7.8,7.824,7.795,7.818,-0.06
2018-08-16,7.849,7.876,7.839,7.861,0.55
2018-08-20,7.836,7.842,7.826,7.838,-0.29
2018-08-21,7.834,7.834,7.814,7.827,-0.14
2018-08-23,7.878,7.879,7.861,7.879,0.66
2018-08-24,7.895,7.9,7.871,7.871,-0.1
2018-08-27,7.865,7.898,7.86,7.894,0.29
2018-08-28,7.892,7.921,7.892,7.895,0.01
2018-08-29,7.914,7.92,7.895,7.918,0.29
2018-08-30,7.93,7.941,7.914,7.93,0.15
2018-08-31,7.951,7.958,7.937,7.951,0.26
2018-09-03,7.94,8.0,7.917,7.999,0.6
2018-09-04,8.006,8.069,7.986,8.062,0.79
2018-09-05,8.043,8.11,8.033,8.049,-0.16
2018-09-06,8.038,8.085,8.033,8.056,0.09
2018-09-07,8.05,8.05,8.011,8.031,-0.31
2018-09-10,8.069,8.158,8.069,8.158,1.58
2018-09-11,8.155,8.189,8.134,8.182,0.29
2018-09-12,8.218,8.231,8.121,8.134,-0.59
2018-09-14,8.093,8.131,8.091,8.127,-0.09
2018-09-17,8.164,8.184,8.09,8.098,-0.36
2018-09-18,8.106,8.143,8.043,8.14,0.52
2018-09-19,8.124,8.134,8.067,8.074,-0.81
2018-09-21,8.031,8.135,8.017,8.076,0.02
2018-09-24,8.094,8.13,8.074,8.122,0.57
2018-09-25,8.131,8.141,8.113,8.125,0.04
2018-09-26,8.124,8.124,8.063,8.072,-0.65
2018-09-27,8.043,8.073,8.024,8.027,-0.56
2018-09-28,8.042,8.053,8.015,8.024,-0.04
2018-10-01,7.923,7.997,7.923,7.988,-0.45
2018-10-03,8.057,8.115,8.031,8.112,1.55
2018-10-04,8.193,8.21,8.155,8.158,0.57
2018-10-05,8.158,8.165,8.024,8.024,-1.64
2018-10-08,7.989,8.017,7.968,7.974,-0.62
2018-10-09,7.989,8.092,7.989,8.076,1.28
2018-10-10,8.049,8.071,8.027,8.031,-0.56
2018-10-11,8.001,8.023,7.978,7.986,-0.56
2018-10-12,7.971,8.008,7.963,7.984,-0.03
2018-10-15,7.962,7.983,7.921,7.921,-0.79
2018-10-16,7.946,7.954,7.87,7.872,-0.62
2018-10-17,7.885,7.926,7.863,7.909,0.47
2018-10-19,7.891,7.927,7.88,7.921,0.15
2018-10-22,7.935,7.935,7.892,7.93,0.11
2018-10-23,7.937,7.938,7.88,7.894,-0.45
2018-10-24,7.852,7.878,7.83,7.872,-0.28
2018-10-25,7.864,7.885,7.845,7.867,-0.06
2018-10-26,7.885,7.891,7.861,7.877,0.13
2018-10-29,7.836,7.836,7.797,7.81,-0.85
2018-10-30,7.825,7.84,7.818,7.834,0.31
2018-10-31,7.881,7.893,7.846,7.853,0.24
2018-11-01,7.831,7.84,7.82,7.823,-0.38
2018-11-02,7.785,7.793,7.752,7.781,-0.54
2018-11-05,7.799,7.812,7.791,7.808,0.35
2018-11-06,7.801,7.811,7.791,7.796,-0.15
2018-11-09,7.766,7.781,7.757,7.765,-0.4
2018-11-12,7.789,7.821,7.788,7.804,0.5
2018-11-13,7.777,7.783,7.757,7.762,-0.54
2018-11-14,7.724,7.748,7.707,7.733,-0.37
2018-11-15,7.736,7.76,7.734,7.756,0.3
2018-11-16,7.775,7.816,7.768,7.815,0.76
2018-11-19,7.82,7.836,7.789,7.791,-0.31
2018-11-20,7.767,7.795,7.756,7.792,0.01
2018-11-22,7.754,7.767,7.704,7.71,-1.05
2018-11-26,7.677,7.738,7.677,7.726,0.21
2018-11-27,7.747,7.75,7.713,7.734,0.1
2018-11-28,7.688,7.698,7.644,7.644,-1.16
2018-11-29,7.62,7.62,7.576,7.608,-0.47
2018-11-30,7.627,7.63,7.596,7.607,-0.01
2018-12-03,7.646,7.653,7.616,7.626,0.25
2018-12-04,7.618,7.618,7.566,7.574,-0.68
2018-12-05,7.562,7.573,7.435,7.44,-1.77
2018-12-06,7.412,7.443,7.371,7.423,-0.23
2018-12-07,7.401,7.48,7.389,7.464,0.55
2018-12-10,7.505,7.598,7.493,7.587,1.65
2018-12-11,7.695,7.703,7.512,7.528,-0.78
2018-12-12,7.476,7.479,7.41,7.411,-1.55
2018-12-13,7.389,7.437,7.382,7.408,-0.04
2018-12-14,7.429,7.464,7.425,7.441,0.45
2018-12-17,7.443,7.463,7.423,7.461,0.27
2018-12-18,7.427,7.438,7.345,7.345,-1.55
2018-12-19,7.241,7.288,7.218,7.219,-1.72
2018-12-20,7.253,7.275,7.233,7.272,0.73
2018-12-21,7.269,7.316,7.259,7.276,0.06
2018-12-24,7.298,7.306,7.278,7.287,0.15
2018-12-26,7.249,7.267,7.228,7.263,-0.33
2018-12-27,7.307,7.307,7.235,7.277,0.19
2018-12-28,7.274,7.393,7.266,7.391,1.57
2018-12-31,7.368,7.389,7.339,7.37,-0.28
2019-01-01,7.401,7.447,7.385,7.418,0.65
2019-01-02,7.409,7.415,7.35,7.354,-0.86
2019-01-03,7.397,7.433,7.381,7.427,0.99
2019-01-04,7.407,7.475,7.406,7.448,0.28
2019-01-07,7.467,7.519,7.439,7.508,0.81
2019-01-08,7.503,7.534,7.439,7.454,-0.72
2019-01-09,7.476,7.482,7.444,7.47,0.21
2019-01-10,7.488,7.516,7.466,7.476,0.08
2019-01-11,7.479,7.519,7.449,7.503,0.36
2019-01-14,7.474,7.474,7.423,7.431,-0.96
2019-01-15,7.472,7.49,7.457,7.473,0.57
2019-01-16,7.479,7.577,7.465,7.563,1.2
2019-01-17,7.573,7.587,7.533,7.549,-0.19
2019-01-18,7.593,7.609,7.567,7.596,0.62
2019-01-21,7.628,7.65,7.545,7.569,-0.36
2019-01-22,7.552,7.555,7.516,7.533,-0.48
2019-01-23,7.52,7.585,7.511,7.577,0.58
2019-01-24,7.569,7.604,7.555,7.557,-0.26
2019-01-25,7.578,7.578,7.524,7.546,-0.15
2019-01-28,7.558,7.562,7.535,7.541,-0.07
2019-01-29,7.533,7.551,7.522,7.525,-0.21
2019-01-30,7.541,7.556,7.533,7.551,0.35
2019-01-31,7.532,7.551,7.482,7.483,-0.9
2019-02-01,7.47,7.651,7.425,7.61,1.7
2019-02-04,7.65,7.674,7.632,7.672,0.81
2019-02-05,7.669,7.672,7.609,7.615,-0.74
2019-02-06,7.602,7.602,7.565,7.565,-0.66
2019-02-07,7.573,7.588,7.47,7.501,-0.85
2019-02-08,7.488,7.531,7.459,7.524,0.31
2019-02-11,7.524,7.548,7.509,7.529,0.07
2019-02-12,7.54,7.54,7.51,7.534,0.07
2019-02-13,7.469,7.479,7.436,7.466,-0.9
2019-02-14,7.485,7.524,7.483,7.521,0.74
2019-02-15,7.539,7.584,7.534,7.577,0.74
2019-02-18,7.601,7.601,7.565,7.58,0.04
2019-02-20,7.571,7.572,7.541,7.545,-0.46
2019-02-21,7.573,7.573,7.543,7.544,-0.01
2019-02-22,7.544,7.61,7.544,7.605,0.81
2019-02-25,7.591,7.611,7.582,7.584,-0.28
2019-02-26,7.624,7.624,7.578,7.587,0.04
2019-02-27,7.608,7.699,7.591,7.672,1.12
2019-02-28,7.679,7.679,7.591,7.591,-1.06
2019-03-01,7.588,7.589,7.545,7.556,-0.46
2019-03-05,7.55,7.561,7.53,7.556,0.0
2019-03-06,7.554,7.587,7.548,7.572,0.21
2019-03-07,7.575,7.58,7.561,7.58,0.11
2019-03-08,7.565,7.571,7.524,7.532,-0.63
2019-03-11,7.54,7.542,7.503,7.512,-0.27
2019-03-12,7.527,7.536,7.493,7.513,0.01
2019-03-13,7.534,7.553,7.523,7.548,0.47
2019-03-14,7.59,7.59,7.536,7.553,0.07
2019-03-15,7.558,7.561,7.5,7.502,-0.68
2019-03-18,7.477,7.486,7.452,7.48,-0.29
2019-03-19,7.494,7.545,7.479,7.536,0.75
2019-03-20,7.535,7.544,7.513,7.517,-0.25
2019-03-22,7.477,7.506,7.474,7.504,-0.17
2019-03-25,7.471,7.474,7.456,7.471,-0.44
2019-03-26,7.329,7.343,7.328,7.342,-1.73
2019-03-27,7.344,7.357,7.323,7.327,-0.2
2019-03-28,7.319,7.334,7.301,7.323,-0.05
2019-03-29,7.329,7.351,7.31,7.346,0.31
2019-04-02,7.356,7.356,7.271,7.272,-1.01
2019-04-03,7.28,7.288,7.255,7.271,-0.01
2019-04-04,7.271,7.348,7.229,7.348,1.06
2019-04-05,7.352,7.362,7.316,7.353,0.07
2019-04-08,7.374,7.411,7.374,7.4,0.64
2019-04-09,7.411,7.418,7.373,7.374,-0.35
2019-04-10,7.363,7.379,7.356,7.367,-0.09
2019-04-11,7.381,7.381,7.362,7.371,0.05
2019-04-12,7.383,7.41,7.38,7.409,0.52
2019-04-15,7.411,7.414,7.387,7.392,-0.23
2019-04-16,7.39,7.404,7.376,7.39,-0.03
2019-04-18,7.412,7.43,7.408,7.42,0.41
2019-04-22,7.455,7.497,7.455,7.474,0.73
2019-04-23,7.489,7.495,7.46,7.473,-0.01
2019-04-24,7.429,7.436,7.421,7.424,-0.66
2019-04-25,7.441,7.477,7.441,7.451,0.36
2019-04-26,7.436,7.446,7.405,7.408,-0.58
2019-04-30,7.395,7.421,7.387,7.414,0.08
2019-05-02,7.411,7.411,7.386,7.386,-0.38
2019-05-03,7.372,7.401,7.369,7.397,0.15
2019-05-06,7.403,7.403,7.365,7.394,-0.04
2019-05-07,7.417,7.424,7.381,7.382,-0.16
2019-05-08,7.392,7.392,7.37,7.375,-0.09
2019-05-09,7.387,7.4,7.371,7.397,0.3
2019-05-10,7.407,7.426,7.403,7.413,0.22
2019-05-13,7.418,7.419,7.385,7.388,-0.34
2019-05-14,7.388,7.388,7.348,7.378,-0.14
2019-05-15,7.379,7.384,7.36,7.379,0.01
2019-05-16,7.394,7.402,7.375,7.377,-0.03
2019-05-17,7.397,7.397,7.36,7.362,-0.2
2019-05-20,7.287,7.309,7.275,7.286,-1.03
2019-05-21,7.293,7.312,7.286,7.303,0.23
2019-05-22,7.302,7.308,7.26,7.26,-0.59
2019-05-23,7.232,7.244,7.191,7.239,-0.29
2019-05-24,7.22,7.239,7.203,7.226,-0.18
2019-05-27,7.226,7.228,7.162,7.167,-0.82
2019-05-28,7.177,7.179,7.135,7.149,-0.25
2019-05-29,7.127,7.143,7.116,7.125,-0.34
2019-05-30,7.135,7.139,7.127,7.133,0.11
2019-05-31,7.075,7.077,7.03,7.032,-1.42
2019-06-03,6.949,7.001,6.941,6.982,-0.71
2019-06-04,6.979,7.024,6.977,7.022,0.57
2019-06-06,7.012,7.012,6.876,6.931,-1.3
2019-06-07,6.951,6.984,6.948,6.974,0.62
2019-06-10,6.984,7.087,6.983,7.077,1.48
2019-06-11,7.083,7.097,7.036,7.037,-0.57
2019-06-12,7.022,7.025,6.995,7.012,-0.36
2019-06-13,6.989,7.028,6.965,7.009,-0.04
2019-06-14,6.993,6.997,6.914,6.919,-1.28
2019-06-17,6.933,6.947,6.915,6.931,0.17
2019-06-18,6.912,6.92,6.808,6.808,-1.77
2019-06-19,6.831,6.849,6.817,6.841,0.48
2019-06-20,6.769,6.791,6.734,6.791,-0.73
2019-06-21,6.825,6.893,6.825,6.861,1.03
2019-06-24,6.84,6.883,6.811,6.851,-0.15
2019-06-25,6.838,6.896,6.837,6.882,0.45
2019-06-26,6.917,6.942,6.917,6.933,0.74
2019-06-27,6.957,6.957,6.88,6.897,-0.52
2019-06-28,6.888,6.9,6.87,6.879,-0.26
2019-07-01,6.906,6.93,6.882,6.882,0.04
2019-07-02,6.86,6.876,6.829,6.846,-0.52
2019-07-03,6.809,6.835,6.804,6.833,-0.19
2019-07-04,6.837,6.849,6.751,6.751,-1.2
2019-07-05,6.755,6.766,6.576,6.695,-0.83
2019-07-08,6.713,6.713,6.562,6.562,-1.99
2019-07-09,6.555,6.61,6.555,6.588,0.4
2019-07-10,6.588,6.61,6.516,6.543,-0.68
2019-07-11,6.558,6.562,6.487,6.493,-0.76
2019-07-12,6.528,6.541,6.457,6.488,-0.08
2019-07-15,6.459,6.467,6.43,6.433,-0.85
2019-07-16,6.413,6.413,6.317,6.331,-1.59
2019-07-17,6.281,6.413,6.266,6.345,0.22
2019-07-18,6.31,6.402,6.31,6.387,0.66
2019-07-19,6.383,6.385,6.348,6.361,-0.41
2019-07-22,6.424,6.453,6.406,6.418,0.9
2019-07-23,6.452,6.477,6.408,6.464,0.72
2019-07-24,6.476,6.479,6.425,6.438,-0.4
2019-07-25,6.441,6.551,6.422,6.514,1.18
2019-07-26,6.538,6.556,6.506,6.525,0.17
2019-07-29,6.452,6.46,6.412,6.412,-1.73
2019-07-30,6.416,6.437,6.379,6.387,-0.39
2019-07-31,6.403,6.403,6.359,6.369,-0.28
2019-08-01,6.394,6.432,6.384,6.423,0.85
2019-08-02,6.333,6.361,6.324,6.352,-1.11
2019-08-05,6.367,6.423,6.361,6.39,0.6
2019-08-06,6.361,6.381,6.325,6.338,-0.81
2019-08-07,6.314,6.398,6.296,6.369,0.49
2019-08-08,6.381,6.404,6.364,6.402,0.52
2019-08-09,6.404,6.523,6.399,6.494,1.44
2019-08-13,6.503,6.538,6.496,6.518,0.37
2019-08-14,6.541,6.639,6.523,6.62,1.56
2019-08-16,6.584,6.596,6.527,6.535,-1.28
2019-08-19,6.553,6.596,6.549,6.581,0.7
2019-08-20,6.584,6.627,6.572,6.578,-0.05
2019-08-21,6.583,6.583,6.534,6.56,-0.27
2019-08-22,6.585,6.586,6.531,6.554,-0.09
2019-08-23,6.567,6.578,6.551,6.564,0.15
2019-08-26,6.501,6.526,6.472,6.472,-1.4
2019-08-27,6.393,6.53,6.391,6.521,0.76
2019-08-28,6.518,6.576,6.501,6.564,0.66
2019-08-29,6.571,6.624,6.537,6.543,-0.32
2019-08-30,6.562,6.582,6.553,6.556,0.2
2019-09-03,6.498,6.529,6.488,6.516,-0.61
2019-09-04,6.502,6.547,6.499,6.545,0.45
2019-09-05,6.597,6.597,6.555,6.571,0.4
2019-09-06,6.595,6.603,6.574,6.597,0.4
2019-09-09,6.606,6.606,6.563,6.57,-0.41
2019-09-11,6.606,6.675,6.595,6.674,1.58
2019-09-12,6.669,6.705,6.631,6.658,-0.24
2019-09-13,6.666,6.674,6.607,6.631,-0.41
2019-09-16,6.723,6.746,6.683,6.71,1.19
2019-09-17,6.728,6.737,6.7,6.728,0.27
2019-09-18,6.66,6.68,6.602,6.617,-1.65
2019-09-19,6.611,6.642,6.573,6.634,0.26
2019-09-20,6.587,6.874,6.552,6.782,2.23
2019-09-23,6.767,6.801,6.73,6.739,-0.63
2019-09-24,6.741,6.782,6.733,6.775,0.53
2019-09-25,6.774,6.777,6.744,6.754,-0.31
2019-09-26,6.762,6.771,6.697,6.71,-0.65
2019-09-27,6.774,6.774,6.708,6.729,0.28
2019-09-30,6.706,6.71,6.681,6.695,-0.51
2019-10-01,6.68,6.702,6.652,6.657,-0.57
2019-10-03,6.609,6.62,6.599,6.606,-0.77
2019-10-04,6.6,6.684,6.582,6.68,1.12
2019-10-07,6.693,6.693,6.66,6.669,-0.16
2019-10-09,6.659,6.666,6.636,6.655,-0.21
2019-10-10,6.662,6.684,6.66,6.679,0.36
2019-10-11,6.703,6.731,6.698,6.727,0.72
2019-10-14,6.737,6.739,6.67,6.67,-0.85
2019-10-15,6.697,6.697,6.651,6.66,-0.15
2019-10-16,6.669,6.673,6.642,6.656,-0.06
2019-10-17,6.656,6.718,6.636,6.699,0.65
2019-10-18,6.699,6.704,6.688,6.692,-0.1
2019-10-22,6.711,6.711,6.689,6.7,0.12
2019-10-23,6.695,6.695,6.671,6.678,-0.33
2019-10-24,6.698,6.708,6.674,6.678,0.0
2019-10-25,6.68,6.686,6.66,6.67,-0.12
2019-10-29,6.697,6.7,6.674,6.679,0.13
2019-10-30,6.67,6.673,6.657,6.664,-0.22
2019-10-31,6.651,6.667,6.641,6.643,-0.32
2019-11-01,6.431,6.446,6.415,6.445,-2.98
2019-11-04,6.457,6.473,6.449,6.471,0.4
2019-11-05,6.482,6.528,6.482,6.514,0.66
2019-11-06,6.521,6.521,6.484,6.486,-0.43
2019-11-07,6.473,6.506,6.473,6.502,0.25
2019-11-08,6.539,6.554,6.524,6.554,0.8
2019-11-11,6.544,6.574,6.544,6.561,0.11
2019-11-13,6.554,6.554,6.526,6.528,-0.5
2019-11-14,6.528,6.528,6.505,6.515,-0.2
2019-11-15,6.526,6.526,6.507,6.519,0.06
2019-11-18,6.526,6.53,6.476,6.477,-0.64
2019-11-19,6.476,6.481,6.466,6.473,-0.06
2019-11-20,6.464,6.473,6.454,6.458,-0.23
2019-11-21,6.463,6.506,6.449,6.505,0.73
2019-11-22,6.513,6.524,6.489,6.495,-0.15
2019-11-25,6.506,6.506,6.461,6.468,-0.42
2019-11-26,6.47,6.489,6.463,6.478,0.15
2019-11-27,6.482,6.494,6.467,6.467,-0.17
2019-11-28,6.464,6.464,6.442,6.453,-0.22
2019-11-29,6.455,6.474,6.449,6.46,0.11
2019-12-02,6.463,6.494,6.452,6.484,0.37
2019-12-03,6.485,6.495,6.462,6.462,-0.34
2019-12-04,6.45,6.468,6.448,6.462,0.0
2019-12-05,6.464,6.614,6.454,6.608,2.26
2019-12-06,6.611,6.668,6.602,6.661,0.8
2019-12-09,6.689,6.69,6.658,6.659,-0.03
2019-12-10,6.665,6.723,6.643,6.703,0.66
2019-12-11,6.71,6.76,6.687,6.76,0.85
2019-12-12,6.753,6.791,6.741,6.77,0.15
2019-12-13,6.822,6.837,6.764,6.782,0.18
2019-12-16,6.767,6.798,6.759,6.794,0.18
2019-12-17,6.801,6.801,6.744,6.744,-0.74
2019-12-18,6.742,6.759,6.693,6.705,-0.58
2019-12-19,6.731,6.748,6.704,6.746,0.61
2019-12-20,6.621,6.652,6.555,6.598,-2.19
2019-12-23,6.609,6.609,6.552,6.562,-0.55
2019-12-24,6.557,6.593,6.554,6.571,0.14
2019-12-26,6.593,6.595,6.572,6.576,0.08
2019-12-27,6.509,6.516,6.5,6.5,-1.16
2019-12-30,6.501,6.547,6.501,6.544,0.68
2019-12-31,6.543,6.559,6.532,6.554,0.15
2020-01-01,6.548,6.548,6.501,6.501,-0.81
2020-01-02,6.498,6.512,6.489,6.502,0.02
2020-01-03,6.494,6.52,6.485,6.51,0.12
2020-01-06,6.534,6.567,6.531,6.565,0.84
2020-01-07,6.547,6.563,6.528,6.55,-0.23
2020-01-08,6.578,6.578,6.544,6.557,0.11
2020-01-09,6.526,6.554,6.52,6.524,-0.5
2020-01-10,6.583,6.595,6.576,6.585,0.94
2020-01-13,6.588,6.621,6.581,6.592,0.11
2020-01-14,6.692,6.692,6.648,6.662,1.06
2020-01-15,6.66,6.665,6.623,6.623,-0.59
2020-01-16,6.612,6.643,6.598,6.598,-0.38
2020-01-17,6.601,6.626,6.601,6.622,0.36
2020-01-20,6.639,6.647,6.625,6.639,0.26
2020-01-21,6.635,6.644,6.618,6.633,-0.09
2020-01-22,6.629,6.643,6.627,6.635,0.03
2020-01-23,6.623,6.632,6.594,6.596,-0.59
2020-01-24,6.599,6.602,6.569,6.578,-0.27
2020-01-27,6.549,6.572,6.547,6.551,-0.41
2020-01-28,6.562,6.581,6.549,6.575,0.37
2020-01-29,6.59,6.594,6.563,6.568,-0.11
2020-01-30,6.553,6.565,6.553,6.558,-0.15
2020-01-31,6.577,6.6,6.575,6.599,0.63
2020-02-03,6.509,6.52,6.497,6.503,-1.45
2020-02-04,6.494,6.51,6.488,6.504,0.02
2020-02-05,6.512,6.519,6.497,6.505,0.02
2020-02-06,6.513,6.513,6.446,6.446,-0.91
2020-02-07,6.433,6.443,6.409,6.439,-0.11
2020-02-10,6.432,6.446,6.421,6.44,0.02
2020-02-11,6.447,6.469,6.433,6.464,0.37
2020-02-12,6.478,6.484,6.471,6.473,0.14
2020-02-13,6.488,6.488,6.423,6.423,-0.77
2020-02-14,6.43,6.431,6.367,6.369,-0.84
2020-02-17,6.346,6.391,6.346,6.387,0.28
2020-02-18,6.385,6.408,6.379,6.384,-0.05
2020-02-20,6.392,6.423,6.38,6.422,0.6
2020-02-24,6.384,6.387,6.339,6.367,-0.86
2020-02-25,6.372,6.388,6.35,6.367,0.0
2020-02-26,6.339,6.348,6.326,6.346,-0.33
2020-02-27,6.331,6.389,6.33,6.378,0.5
2020-02-28,6.356,6.404,6.356,6.371,-0.11
2020-03-02,6.343,6.362,6.334,6.346,-0.39
2020-03-03,6.369,6.38,6.342,6.342,-0.06
2020-03-04,6.267,6.294,6.214,6.226,-1.83
2020-03-05,6.239,6.263,6.227,6.239,0.21
2020-03-06,6.183,6.189,6.148,6.185,-0.87
2020-03-09,6.094,6.094,5.995,6.066,-1.92
2020-03-11,6.1,6.159,6.1,6.125,0.97
2020-03-12,6.135,6.236,6.135,6.236,1.81
2020-03-13,6.273,6.355,6.273,6.322,1.38
2020-03-16,6.239,6.252,6.123,6.208,-1.8
2020-03-17,6.299,6.299,6.209,6.265,0.92
2020-03-18,6.271,6.343,6.232,6.296,0.49
2020-03-19,6.372,6.449,6.336,6.41,1.81
2020-03-20,6.407,6.407,6.216,6.259,-2.36
2020-03-23,6.301,6.391,6.252,6.379,1.92
2020-03-24,6.377,6.377,6.294,6.304,-1.18
2020-03-26,6.379,6.379,6.215,6.225,-1.25
2020-03-27,6.183,6.183,6.004,6.144,-1.3
2020-03-30,6.19,6.213,6.139,6.209,1.06
2020-03-31,6.21,6.21,6.079,6.138,-1.14
2020-04-03,6.287,6.315,6.266,6.306,2.74
2020-04-07,6.358,6.42,6.356,6.414,1.71
2020-04-08,6.45,6.456,6.42,6.441,0.42
2020-04-09,6.471,6.504,6.466,6.49,0.76
2020-04-13,6.471,6.5,6.471,6.495,0.08
2020-04-15,6.49,6.49,6.425,6.425,-1.08
2020-04-16,6.447,6.447,6.427,6.44,0.23
2020-04-17,6.376,6.419,6.298,6.347,-1.44
2020-04-20,6.293,6.293,6.181,6.209,-2.17
2020-04-21,6.237,6.237,6.183,6.212,0.05
2020-04-22,6.21,6.243,6.201,6.224,0.19
2020-04-23,6.251,6.251,6.015,6.06,-2.63
2020-04-24,6.096,6.172,6.083,6.167,1.77
2020-04-27,6.202,6.202,6.126,6.153,-0.23
2020-04-28,6.165,6.165,6.104,6.137,-0.26
2020-04-29,6.125,6.147,6.113,6.125,-0.2
2020-04-30,6.141,6.141,6.11,6.11,-0.24
2020-05-04,6.138,6.14,6.067,6.084,-0.43
2020-05-05,6.11,6.11,6.067,6.073,-0.18
2020-05-06,6.061,6.061,6.028,6.028,-0.74
2020-05-08,6.013,6.047,5.966,5.967,-1.01
2020-05-11,6.234,6.25,6.156,6.167,3.35
2020-05-12,6.207,6.207,6.144,6.163,-0.06
2020-05-13,6.243,6.243,6.089,6.095,-1.1
2020-05-14,6.08,6.08,5.993,6.056,-0.64
2020-05-15,6.123,6.123,6.031,6.081,0.41
2020-05-18,6.102,6.102,6.045,6.05,-0.51
2020-05-19,6.067,6.067,6.026,6.035,-0.25
2020-05-20,6.038,6.047,6.024,6.041,0.1
2020-05-21,6.07,6.07,6.029,6.034,-0.12
2020-05-22,5.99,5.99,5.879,5.961,-1.21
2020-05-26,5.99,5.994,5.949,5.975,0.23
2020-05-27,6.001,6.001,5.966,5.984,0.15
2020-05-28,5.995,5.995,5.98,5.99,0.1
2020-05-29,5.99,6.027,5.978,6.013,0.38
2020-06-01,6.055,6.055,6.021,6.042,0.48
2020-06-02,6.089,6.089,5.998,5.998,-0.73
2020-06-03,6.01,6.031,5.998,6.031,0.55
2020-06-04,5.839,5.839,5.796,5.796,-3.9
2020-06-05,5.827,5.846,5.821,5.821,0.43
2020-06-08,5.855,5.855,5.804,5.807,-0.24
2020-06-09,5.787,5.791,5.775,5.775,-0.55
2020-06-10,5.779,5.779,5.768,5.772,-0.05
2020-06-11,5.775,5.788,5.755,5.781,0.16
2020-06-12,5.784,5.801,5.772,5.796,0.26
2020-06-15,5.835,5.835,5.784,5.792,-0.07
2020-06-16,5.828,5.862,5.799,5.846,0.93
2020-06-17,5.861,5.861,5.834,5.835,-0.19
2020-06-18,5.855,5.855,5.818,5.822,-0.22
2020-06-19,5.842,5.855,5.828,5.849,0.46
2020-06-22,5.862,5.886,5.835,5.877,0.48
2020-06-23,5.915,5.915,5.88,5.903,0.44
2020-06-24,5.937,5.937,5.885,5.918,0.25
2020-06-25,5.936,5.936,5.891,5.891,-0.46
2020-06-26,5.917,5.921,5.883,5.913,0.37
2020-06-29,5.938,5.938,5.892,5.903,-0.17
2020-06-30,5.924,5.924,5.875,5.888,-0.25
2020-07-01,5.907,5.907,5.822,5.838,-0.85
2020-07-02,5.848,5.848,5.821,5.841,0.05
2020-07-03,5.853,5.873,5.845,5.845,0.07
2020-07-06,5.851,5.851,5.825,5.836,-0.15
2020-07-07,5.836,5.846,5.792,5.792,-0.75
2020-07-08,5.802,5.802,5.76,5.778,-0.24
2020-07-09,5.764,5.794,5.764,5.772,-0.1
2020-07-10,5.775,5.775,5.747,5.76,-0.21
2020-07-13,5.78,5.787,5.77,5.786,0.45
2020-07-14,5.822,5.847,5.796,5.825,0.67
2020-07-15,5.836,5.836,5.814,5.815,-0.17
2020-07-16,5.828,5.828,5.808,5.813,-0.03
2020-07-17,5.822,5.829,5.795,5.805,-0.14
2020-07-20,5.812,5.818,5.794,5.799,-0.1
2020-07-21,5.814,5.833,5.795,5.829,0.52
2020-07-22,5.841,5.841,5.814,5.814,-0.26
2020-07-23,5.825,5.825,5.805,5.805,-0.15
2020-07-24,5.815,5.825,5.8,5.817,0.21
2020-07-27,5.835,5.86,5.813,5.859,0.72
2020-07-28,5.889,5.889,5.85,5.85,-0.15
2020-07-29,5.87,5.87,5.832,5.835,-0.26
2020-07-30,5.852,5.852,5.819,5.825,-0.17
2020-07-31,5.833,5.845,5.814,5.837,0.21
2020-08-03,5.846,5.848,5.836,5.837,0.0
2020-08-04,5.855,5.855,5.823,5.833,-0.07
2020-08-05,5.84,5.84,5.824,5.826,-0.12
2020-08-06,5.834,5.887,5.808,5.862,0.62
2020-08-07,5.879,5.893,5.868,5.886,0.41
2020-08-10,5.91,5.916,5.893,5.893,0.12
2020-08-11,5.91,5.91,5.885,5.903,0.17
2020-08-12,5.922,5.926,5.88,5.884,-0.32
2020-08-13,5.885,5.898,5.876,5.895,0.19
2020-08-14,5.993,5.993,5.934,5.965,1.19
2020-08-17,6.004,6.004,5.96,5.975,0.17
2020-08-18,5.991,5.994,5.975,5.986,0.18
2020-08-19,5.993,6.01,5.993,6.008,0.37
2020-08-20,6.013,6.013,5.994,6.0,-0.13
2020-08-21,6.047,6.144,6.034,6.14,2.33
2020-08-24,6.182,6.231,6.152,6.221,1.32
2020-08-25,6.14,6.172,6.124,6.157,-1.03
2020-08-26,6.184,6.209,6.136,6.203,0.75
2020-08-27,6.201,6.201,6.143,6.147,-0.9
2020-08-28,6.187,6.192,6.096,6.097,-0.81
2020-08-31,6.117,6.117,6.071,6.078,-0.31
2020-09-01,5.949,5.961,5.934,5.943,-2.22
2020-09-02,5.957,5.957,5.918,5.92,-0.39
2020-09-03,5.919,5.919,5.878,5.896,-0.41
2020-09-04,5.91,5.944,5.896,5.93,0.58
2020-09-07,5.956,5.995,5.938,5.993,1.06
2020-09-08,6.039,6.06,6.011,6.056,1.05
2020-09-09,6.081,6.081,5.983,5.989,-1.11
2020-09-10,5.998,6.053,5.985,6.053,1.07
2020-09-11,6.109,6.109,6.017,6.041,-0.2
2020-09-14,6.074,6.074,6.026,6.031,-0.17
2020-09-15,6.045,6.045,6.014,6.029,-0.03
2020-09-16,6.046,6.046,5.992,5.992,-0.61
2020-09-17,5.999,6.037,5.981,6.033,0.68
2020-09-18,6.028,6.028,5.991,6.014,-0.31
2020-09-21,6.027,6.027,6.005,6.016,0.03
2020-09-22,6.027,6.027,5.991,6.01,-0.1
2020-09-23,5.996,6.003,5.989,5.99,-0.33
2020-09-24,6.027,6.027,5.981,5.992,0.03
2020-09-25,6.041,6.041,6.003,6.038,0.77
2020-09-28,6.068,6.079,6.042,6.056,0.3
2020-09-29,6.069,6.073,6.037,6.037,-0.31
2020-09-30,6.057,6.057,6.011,6.015,-0.36
2020-10-01,5.965,6.006,5.965,5.996,-0.32
2020-10-05,6.018,6.018,5.989,6.004,0.13
2020-10-06,6.026,6.036,6.01,6.026,0.37
2020-10-07,6.032,6.032,6.008,6.014,-0.2
2020-10-08,6.025,6.03,6.012,6.015,0.02
2020-10-09,6.042,6.042,5.92,5.937,-1.3
2020-10-12,5.945,5.945,5.889,5.899,-0.64
2020-10-13,5.925,5.925,5.888,5.904,0.08
2020-10-14,5.918,5.918,5.895,5.9,-0.07
2020-10-15,5.911,5.911,5.888,5.898,-0.03
2020-10-16,5.944,5.944,5.91,5.935,0.63
2020-10-19,5.932,5.944,5.921,5.94,0.08
2020-10-20,5.95,5.95,5.929,5.931,-0.15
2020-10-21,5.947,5.947,5.912,5.912,-0.32
2020-10-22,5.913,5.918,5.903,5.915,0.05
2020-10-23,5.898,5.898,5.844,5.844,-1.2
2020-10-26,5.822,5.846,5.791,5.834,-0.17
2020-10-27,5.849,5.86,5.83,5.846,0.21
2020-10-28,5.849,5.862,5.83,5.859,0.22
2020-10-29,5.874,5.886,5.852,5.881,0.38
2020-11-02,5.89,5.896,5.877,5.89,0.15
2020-11-03,5.888,5.914,5.888,5.898,0.14
2020-11-04,5.896,5.896,5.876,5.886,-0.2
2020-11-05,5.883,5.883,5.855,5.86,-0.44
2020-11-06,5.846,5.873,5.837,5.871,0.19
2020-11-09,5.883,5.886,5.871,5.876,0.09
2020-11-10,5.908,5.918,5.899,5.916,0.68
2020-11-11,5.936,5.936,5.901,5.903,-0.22
2020-11-12,5.923,5.923,5.903,5.903,0.0
2020-11-13,5.915,5.915,5.875,5.878,-0.42
2020-11-17,5.888,5.888,5.866,5.877,-0.02
2020-11-18,5.877,5.881,5.86,5.878,0.02
2020-11-19,5.891,5.891,5.873,5.876,-0.03
2020-11-20,5.877,5.887,5.871,5.877,0.02
2020-11-23,5.883,5.903,5.874,5.9,0.39
2020-11-24,5.913,5.913,5.879,5.88,-0.34
2020-11-25,5.902,5.902,5.876,5.885,0.09
2020-11-26,5.895,5.895,5.869,5.872,-0.22
2020-11-27,5.888,5.916,5.884,5.911,0.66
2020-12-01,5.919,5.93,5.909,5.93,0.32
2020-12-02,5.951,5.951,5.919,5.92,-0.17
2020-12-03,5.933,5.935,5.909,5.932,0.2
2020-12-04,5.933,5.933,5.888,5.897,-0.59
2020-12-07,5.908,5.929,5.906,5.924,0.46
2020-12-08,5.932,5.942,5.918,5.939,0.25
2020-12-09,5.947,5.951,5.907,5.917,-0.37
2020-12-10,5.913,5.918,5.898,5.916,-0.02
2020-12-11,5.943,5.96,5.92,5.956,0.68
2020-12-14,5.97,5.97,5.935,5.946,-0.17
2020-12-15,5.926,5.949,5.923,5.941,-0.08
2020-12-16,5.948,5.953,5.94,5.944,0.05
2020-12-17,5.955,5.955,5.938,5.952,0.13
2020-12-18,5.952,5.979,5.95,5.959,0.12
2020-12-21,5.962,5.974,5.952,5.957,-0.03
2020-12-22,5.966,5.966,5.939,5.951,-0.1
2020-12-23,5.951,5.953,5.944,5.95,-0.02
2020-12-24,5.973,5.981,5.929,5.929,-0.35
2020-12-28,5.918,5.928,5.918,5.925,-0.07
2020-12-29,5.935,5.935,5.924,5.927,0.03
2020-12-30,5.933,5.933,5.899,5.899,-0.47
2020-12-31,5.905,5.905,5.887,5.894,-0.08
2021-01-01,5.905,5.905,5.888,5.898,0.07
2021-01-04,5.904,5.905,5.858,5.858,-0.68
2021-01-05,5.856,5.858,5.839,5.85,-0.14
2021-01-06,5.877,5.912,5.868,5.894,0.75
2021-01-07,5.906,5.912,5.891,5.892,-0.03
2021-01-08,5.878,5.901,5.876,5.892,0.0
2021-01-11,5.946,5.946,5.917,5.924,0.54
2021-01-12,5.937,5.937,5.919,5.931,0.12
2021-01-13,5.913,5.955,5.908,5.947,0.27
2021-01-14,5.955,5.955,5.924,5.924,-0.39
2021-01-15,5.959,5.988,5.942,5.988,1.08
2021-01-18,5.965,5.986,5.953,5.957,-0.52
2021-01-19,5.963,5.963,5.933,5.936,-0.35
2021-01-20,5.942,5.945,5.931,5.942,0.1
2021-01-21,5.942,5.958,5.931,5.956,0.24
2021-01-22,5.97,5.973,5.936,5.939,-0.29
2021-01-25,5.963,5.963,5.934,5.954,0.25
2021-01-27,5.961,5.961,5.943,5.954,0.0
2021-01-28,5.955,5.955,5.933,5.933,-0.35
2021-01-29,5.946,5.951,5.936,5.949,0.27
2021-02-01,5.917,6.071,5.888,6.06,1.87
2021-02-02,6.088,6.134,6.08,6.127,1.11
2021-02-03,6.136,6.136,6.082,6.084,-0.7
2021-02-04,6.094,6.094,6.058,6.074,-0.16
2021-02-05,6.088,6.153,6.054,6.071,-0.05
2021-02-08,6.078,6.078,6.015,6.04,-0.51
2021-02-09,6.095,6.099,6.072,6.074,0.56
2021-02-10,6.073,6.073,6.01,6.01,-1.05
2021-02-11,6.015,6.023,5.944,5.962,-0.8
2021-02-12,5.952,5.995,5.951,5.99,0.47
2021-02-15,6.019,6.026,6.002,6.022,0.53
2021-02-16,6.033,6.04,6.018,6.022,0.0
2021-02-17,6.047,6.047,6.018,6.03,0.13
2021-02-18,6.033,6.137,6.028,6.132,1.69
2021-02-22,6.192,6.212,6.182,6.202,1.14
2021-02-23,6.207,6.207,6.16,6.172,-0.48
2021-02-24,6.172,6.172,6.141,6.147,-0.41
2021-02-25,6.173,6.185,6.149,6.182,0.57
2021-02-26,6.215,6.242,6.201,6.229,0.76
2021-03-01,6.236,6.236,6.195,6.209,-0.32
2021-03-02,6.208,6.236,6.188,6.236,0.43
2021-03-03,6.242,6.246,6.219,6.238,0.03
2021-03-04,6.258,6.258,6.212,6.212,-0.42
2021-03-05,6.214,6.254,6.204,6.232,0.32
2021-03-08,6.244,6.245,6.208,6.223,-0.14
2021-03-09,6.223,6.229,6.206,6.206,-0.27
2021-03-10,6.209,6.274,6.2,6.247,0.66
2021-03-12,6.233,6.258,6.227,6.232,-0.24
2021-03-15,6.246,6.247,6.201,6.201,-0.5
2021-03-16,6.213,6.213,6.179,6.18,-0.34
2021-03-17,6.204,6.204,6.167,6.185,0.08
2021-03-18,6.221,6.24,6.187,6.202,0.27
2021-03-19,6.198,6.21,6.165,6.193,-0.15
2021-03-22,6.208,6.208,6.165,6.18,-0.21
2021-03-23,6.153,6.155,6.138,6.144,-0.58
2021-03-24,6.131,6.155,6.114,6.152,0.13
2021-03-25,6.158,6.164,6.131,6.131,-0.34
2021-03-26,6.153,6.153,6.119,6.123,-0.13
2021-03-30,6.147,6.152,6.131,6.143,0.33
2021-03-31,6.161,6.185,6.14,6.177,0.55
2021-04-05,6.202,6.202,6.123,6.123,-0.87
2021-04-06,6.126,6.135,6.108,6.122,-0.02
2021-04-07,6.119,6.191,6.059,6.082,-0.65
2021-04-08,6.084,6.091,6.031,6.031,-0.84
2021-04-09,6.002,6.034,5.99,6.017,-0.23
2021-04-12,6.022,6.022,6.005,6.011,-0.1
2021-04-15,6.033,6.128,6.026,6.126,1.91
2021-04-16,6.168,6.176,6.076,6.088,-0.62
2021-04-19,6.109,6.109,6.07,6.081,-0.11
2021-04-20,6.105,6.105,6.074,6.074,-0.12
2021-04-22,6.069,6.069,6.044,6.05,-0.4
2021-04-23,6.1,6.1,6.035,6.035,-0.25
2021-04-26,6.049,6.049,6.026,6.038,0.05
2021-04-27,6.051,6.067,6.043,6.055,0.28
2021-04-28,6.077,6.077,6.049,6.053,-0.03
2021-04-29,6.072,6.072,6.051,6.059,0.1
2021-04-30,6.065,6.071,6.028,6.03,-0.48
2021-05-03,6.029,6.029,6.001,6.001,-0.48
2021-05-04,6.048,6.048,5.997,6.015,0.23
2021-05-05,6.009,6.009,5.976,5.978,-0.62
2021-05-06,5.988,5.995,5.974,5.974,-0.07
2021-05-07,6.005,6.016,5.979,6.015,0.69
2021-05-10,6.03,6.03,6.006,6.014,-0.02
2021-05-11,6.03,6.03,6.008,6.008,-0.1
2021-05-12,6.029,6.029,6.002,6.01,0.03
2021-05-14,6.045,6.045,5.985,5.986,-0.4
2021-05-17,5.989,5.989,5.966,5.972,-0.23
2021-05-18,5.978,5.982,5.974,5.976,0.07
2021-05-19,5.979,5.986,5.968,5.975,-0.02
2021-05-20,5.986,5.986,5.966,5.968,-0.12
2021-05-21,5.967,5.978,5.958,5.977,0.15
2021-05-24,5.985,5.985,5.971,5.972,-0.08
2021-05-25,5.989,5.989,5.972,5.972,0.0
2021-05-27,6.0,6.0,5.978,5.987,0.25
2021-05-28,5.997,6.003,5.979,6.003,0.27
2021-05-31,6.039,6.039,6.019,6.022,0.32
2021-06-01,6.032,6.032,6.019,6.025,0.05
2021-06-02,6.032,6.032,6.005,6.005,-0.33
2021-06-03,6.017,6.017,5.997,5.997,-0.13
2021-06-04,5.99,6.032,5.984,6.028,0.52
2021-06-07,6.04,6.04,6.015,6.022,-0.1
2021-06-08,6.037,6.037,6.005,6.006,-0.27
2021-06-09,6.045,6.045,6.011,6.016,0.17
2021-06-10,6.029,6.029,6.009,6.019,0.05
2021-06-11,6.025,6.025,6.004,6.006,-0.22
2021-06-14,6.018,6.018,6.004,6.004,-0.03
2021-06-15,6.038,6.05,6.028,6.04,0.6
2021-06-16,6.052,6.067,6.044,6.045,0.08
2021-06-17,6.074,6.074,6.015,6.019,-0.43
2021-06-18,6.057,6.057,6.004,6.006,-0.22
2021-06-21,6.011,6.036,6.006,6.029,0.38
2021-06-22,6.043,6.043,6.021,6.025,-0.07
2021-06-23,6.038,6.038,6.015,6.018,-0.12
2021-06-24,6.025,6.029,6.008,6.012,-0.1
2021-06-25,6.063,6.063,6.014,6.028,0.27
2021-06-28,6.046,6.086,6.039,6.056,0.46
2021-06-29,6.082,6.082,6.036,6.036,-0.33
2021-06-30,6.089,6.089,6.049,6.051,0.25
2021-07-01,6.082,6.082,6.035,6.039,-0.2
2021-07-02,6.061,6.075,6.055,6.065,0.43
2021-07-05,6.061,6.093,6.061,6.088,0.38
2021-07-06,6.154,6.19,6.138,6.175,1.43
2021-07-07,6.161,6.19,6.161,6.164,-0.18
2021-07-08,6.161,6.161,6.124,6.124,-0.65
2021-07-09,6.153,6.197,6.14,6.186,1.01
2021-07-12,6.277,6.277,6.204,6.22,0.55
2021-07-13,6.1,6.107,6.1,6.103,-1.88
2021-07-14,6.122,6.122,6.109,6.109,0.1
2021-07-15,6.109,6.12,6.108,6.117,0.13
2021-07-16,6.146,6.146,6.113,6.13,0.21
2021-07-19,6.139,6.139,6.127,6.127,-0.05
2021-07-20,6.129,6.129,6.116,6.119,-0.13
2021-07-22,6.158,6.158,6.132,6.138,0.31
2021-07-23,6.147,6.165,6.142,6.165,0.44
2021-07-26,6.176,6.178,6.161,6.169,0.06
2021-07-27,6.189,6.189,6.174,6.178,0.15
2021-07-28,6.187,6.192,6.174,6.188,0.16
2021-07-29,6.2,6.203,6.188,6.198,0.16
2021-07-30,6.225,6.225,6.199,6.204,0.1
2021-08-02,6.204,6.204,6.192,6.197,-0.11
2021-08-03,6.201,6.201,6.188,6.2,0.05
2021-08-04,6.207,6.207,6.193,6.199,-0.02
2021-08-05,6.197,6.215,6.195,6.207,0.13
2021-08-06,6.252,6.262,6.214,6.234,0.43
2021-08-09,6.261,6.261,6.22,6.221,-0.21
2021-08-10,6.234,6.237,6.229,6.233,0.19
2021-08-11,6.248,6.256,6.23,6.236,0.05
2021-08-12,6.243,6.243,6.223,6.226,-0.16
2021-08-13,6.237,6.243,6.228,6.241,0.24
2021-08-17,6.257,6.257,6.229,6.234,-0.11
2021-08-18,6.248,6.248,6.226,6.228,-0.1
2021-08-20,6.236,6.24,6.219,6.234,0.1
2021-08-23,6.244,6.246,6.234,6.243,0.14
2021-08-24,6.253,6.259,6.246,6.25,0.11
2021-08-25,6.264,6.266,6.241,6.241,-0.14
2021-08-26,6.261,6.261,6.243,6.251,0.16
2021-08-27,6.284,6.284,6.249,6.254,0.05
2021-08-30,6.255,6.255,6.224,6.225,-0.46
2021-08-31,6.224,6.233,6.213,6.215,-0.16
2021-09-01,6.235,6.235,6.199,6.199,-0.26
2021-09-02,6.215,6.215,6.171,6.171,-0.45
2021-09-03,6.193,6.193,6.153,6.156,-0.24
2021-09-06,6.162,6.177,6.137,6.173,0.28
2021-09-07,6.192,6.199,6.171,6.195,0.36
2021-09-08,6.193,6.2,6.182,6.188,-0.11
2021-09-09,6.181,6.183,6.168,6.178,-0.16
2021-09-13,6.195,6.202,6.18,6.192,0.23
2021-09-14,6.181,6.2,6.181,6.198,0.1
2021-09-15,6.201,6.201,6.163,6.163,-0.56
2021-09-16,6.172,6.176,6.155,6.169,0.1
2021-09-17,6.188,6.188,6.167,6.167,-0.03
2021-09-20,6.178,6.178,6.138,6.138,-0.47
2021-09-21,6.126,6.145,6.116,6.122,-0.26
2021-09-22,6.126,6.14,6.116,6.138,0.26
2021-09-23,6.16,6.16,6.123,6.14,0.03
2021-09-24,6.16,6.188,6.16,6.181,0.67
2021-09-27,6.207,6.214,6.191,6.209,0.45
2021-09-28,6.209,6.229,6.183,6.228,0.31
2021-09-29,6.223,6.223,6.204,6.206,-0.35
2021-09-30,6.207,6.224,6.198,6.223,0.27
2021-10-01,6.23,6.253,6.226,6.244,0.34
2021-10-04,6.246,6.253,6.235,6.248,0.06
2021-10-05,6.27,6.283,6.256,6.26,0.19
2021-10-06,6.271,6.286,6.269,6.276,0.26
2021-10-07,6.272,6.277,6.259,6.267,-0.14
2021-10-08,6.301,6.322,6.269,6.318,0.81
2021-10-11,6.34,6.344,6.326,6.34,0.35
2021-10-12,6.349,6.349,6.324,6.326,-0.22
2021-10-13,6.324,6.324,6.312,6.314,-0.19
2021-10-14,6.32,6.332,6.318,6.328,0.22
2021-10-18,6.356,6.389,6.356,6.387,0.93
2021-10-20,6.429,6.429,6.366,6.373,-0.22
2021-10-21,6.399,6.399,6.337,6.338,-0.55
2021-10-22,6.356,6.366,6.34,6.364,0.41
2021-10-25,6.378,6.378,6.334,6.35,-0.22
2021-10-26,6.357,6.369,6.343,6.362,0.19
2021-10-27,6.385,6.385,6.333,6.336,-0.41
2021-10-28,6.327,6.368,6.307,6.367,0.49
2021-10-29,6.378,6.394,6.365,6.388,0.33
2021-11-01,6.391,6.391,6.369,6.387,-0.02
2021-11-02,6.391,6.391,6.353,6.36,-0.42
2021-11-03,6.364,6.364,6.354,6.357,-0.05
2021-11-08,6.336,6.336,6.301,6.301,-0.88
2021-11-09,6.294,6.304,6.287,6.293,-0.13
2021-11-10,6.3,6.338,6.296,6.336,0.68
2021-11-11,6.367,6.378,6.356,6.367,0.49
2021-11-12,6.386,6.386,6.349,6.368,0.02
2021-11-15,6.361,6.361,6.342,6.342,-0.41
2021-11-16,6.393,6.393,6.355,6.364,0.35
2021-11-17,6.379,6.385,6.358,6.361,-0.05
2021-11-18,6.351,6.351,6.335,6.345,-0.25
2021-11-22,6.339,6.353,6.321,6.351,0.09
2021-11-23,6.372,6.377,6.361,6.364,0.2
2021-11-24,6.39,6.39,6.363,6.367,0.05
2021-11-25,6.376,6.376,6.366,6.367,0.0
2021-11-26,6.338,6.338,6.319,6.33,-0.58
2021-11-29,6.375,6.375,6.329,6.335,0.08
2021-11-30,6.331,6.342,6.307,6.326,-0.14
2021-12-01,6.36,6.36,6.345,6.353,0.43
2021-12-02,6.348,6.355,6.34,6.352,-0.02
2021-12-03,6.352,6.372,6.352,6.369,0.27
2021-12-06,6.364,6.375,6.356,6.359,-0.16
2021-12-07,6.375,6.393,6.372,6.391,0.5
2021-12-08,6.402,6.402,6.343,6.347,-0.69
2021-12-09,6.366,6.366,6.347,6.348,0.02
2021-12-10,6.356,6.371,6.347,6.37,0.35
2021-12-13,6.37,6.379,6.356,6.37,0.0
2021-12-14,6.366,6.369,6.356,6.356,-0.22
2021-12-15,6.357,6.365,6.353,6.364,0.13
2021-12-16,6.374,6.377,6.369,6.374,0.16
2021-12-17,6.381,6.415,6.381,6.411,0.58
2021-12-20,6.401,6.468,6.401,6.435,0.37
2021-12-21,6.445,6.475,6.445,6.468,0.51
2021-12-22,6.483,6.486,6.462,6.464,-0.06
2021-12-23,6.486,6.486,6.457,6.46,-0.06
2021-12-24,6.479,6.479,6.45,6.462,0.03
2021-12-27,6.469,6.47,6.447,6.465,0.05
2021-12-28,6.491,6.497,6.476,6.478,0.2
2021-12-29,6.484,6.484,6.461,6.461,-0.26
2021-12-30,6.484,6.484,6.469,6.469,0.12
2021-12-31,6.481,6.49,6.451,6.454,-0.23
2022-01-03,6.463,6.469,6.455,6.46,0.09
2022-01-04,6.497,6.524,6.484,6.518,0.9
2022-01-05,6.543,6.543,6.508,6.508,-0.15
2022-01-06,6.54,6.547,6.524,6.525,0.26
2022-01-07,6.543,6.544,6.514,6.542,0.26
2022-01-10,6.558,6.593,6.551,6.59,0.73
2022-01-11,6.602,6.602,6.568,6.57,-0.3
2022-01-12,6.58,6.605,6.562,6.593,0.35
2022-01-13,6.602,6.602,6.561,6.561,-0.49
2022-01-14,6.576,6.597,6.562,6.582,0.32
2022-01-17,6.617,6.645,6.616,6.636,0.82
2022-01-18,6.68,6.68,6.617,6.627,-0.14
2022-01-19,6.658,6.658,6.598,6.598,-0.44
2022-01-20,6.599,6.609,6.588,6.608,0.15
2022-01-21,6.612,6.624,6.595,6.62,0.18
2022-01-24,6.63,6.655,6.627,6.652,0.48
2022-01-25,6.665,6.666,6.642,6.662,0.15
2022-01-27,6.701,6.749,6.701,6.746,1.26
2022-01-28,6.749,6.802,6.738,6.768,0.33
2022-01-31,6.783,6.783,6.684,6.684,-1.24
2022-02-01,6.728,6.883,6.65,6.828,2.15
2022-02-02,6.848,6.922,6.848,6.88,0.76
2022-02-03,6.891,6.891,6.859,6.889,0.13
2022-02-04,6.955,6.955,6.869,6.879,-0.15
2022-02-08,6.861,6.861,6.804,6.81,-1.0
2022-02-09,6.817,6.823,6.784,6.798,-0.18
2022-02-10,6.818,6.818,6.688,6.725,-1.07
2022-02-11,6.763,6.776,6.698,6.698,-0.4
2022-02-14,6.725,6.726,6.66,6.667,-0.46
2022-02-15,6.664,6.697,6.615,6.673,0.09
2022-02-16,6.707,6.707,6.656,6.686,0.19
2022-02-17,6.714,6.714,6.667,6.674,-0.18
2022-02-18,6.686,6.686,6.656,6.663,-0.16
2022-02-21,6.681,6.699,6.667,6.693,0.45
2022-02-22,6.783,6.783,6.723,6.749,0.84
2022-02-23,6.792,6.792,6.739,6.739,-0.15
2022-02-24,6.777,6.784,6.749,6.759,0.3
2022-02-25,6.77,6.77,6.738,6.749,-0.15
2022-02-28,6.777,6.777,6.749,6.77,0.31
2022-03-02,6.799,6.817,6.797,6.814,0.65
2022-03-03,6.856,6.856,6.823,6.826,0.18
2022-03-04,6.813,6.824,6.802,6.813,-0.19
2022-03-07,6.856,6.896,6.856,6.888,1.1
2022-03-08,6.892,6.904,6.881,6.895,0.1
2022-03-09,6.919,6.919,6.842,6.845,-0.73
2022-03-10,6.842,6.842,6.789,6.809,-0.53
2022-03-11,6.806,6.864,6.792,6.855,0.68
2022-03-14,6.892,6.892,6.829,6.854,-0.01
2022-03-15,6.871,6.871,6.816,6.821,-0.48
2022-03-16,6.825,6.832,6.788,6.788,-0.48
2022-03-17,6.804,6.821,6.774,6.778,-0.15
2022-03-21,6.821,6.821,6.781,6.781,0.04
2022-03-22,6.835,6.844,6.819,6.831,0.74
2022-03-23,6.849,6.849,6.816,6.831,0.0
2022-03-24,6.848,6.848,6.821,6.834,0.04
2022-03-25,6.828,6.831,6.811,6.811,-0.34
2022-03-28,6.863,6.863,6.828,6.836,0.37
2022-03-29,6.889,6.889,6.817,6.821,-0.22
2022-03-30,6.85,6.85,6.781,6.784,-0.54
2022-03-31,6.779,6.843,6.773,6.843,0.87
2022-04-04,6.951,6.951,6.895,6.898,0.8
2022-04-05,6.915,6.915,6.891,6.899,0.01
2022-04-06,6.93,6.93,6.911,6.917,0.26
2022-04-07,6.916,6.921,6.901,6.914,-0.04
2022-04-08,6.996,7.121,6.916,7.119,2.96
2022-04-11,7.187,7.192,7.132,7.149,0.42
2022-04-12,7.184,7.195,7.153,7.189,0.56
2022-04-13,7.285,7.285,7.213,7.215,0.36
2022-04-18,7.248,7.263,7.153,7.153,-0.86
2022-04-19,7.181,7.181,7.128,7.151,-0.03
2022-04-20,7.179,7.179,7.103,7.105,-0.64
2022-04-21,7.114,7.16,7.101,7.144,0.55
2022-04-22,7.173,7.192,7.158,7.167,0.32
2022-04-25,7.219,7.219,7.038,7.043,-1.73
2022-04-26,7.082,7.098,7.038,7.053,0.14
2022-04-27,7.071,7.085,7.053,7.083,0.43
2022-04-28,7.1,7.157,7.1,7.155,1.02
2022-04-29,7.179,7.182,7.126,7.139,-0.22
2022-05-02,7.138,7.15,7.116,7.119,-0.28
2022-05-04,7.159,7.409,7.129,7.378,3.64
2022-05-05,7.409,7.452,7.38,7.403,0.34
2022-05-06,7.448,7.47,7.411,7.451,0.65
2022-05-09,7.491,7.491,7.421,7.465,0.19
2022-05-10,7.402,7.402,7.296,7.301,-2.2
2022-05-11,7.296,7.334,7.208,7.215,-1.18
2022-05-12,7.235,7.293,7.192,7.244,0.4
2022-05-13,7.308,7.34,7.297,7.318,1.02
2022-05-17,7.34,7.381,7.34,7.366,0.66
2022-05-18,7.389,7.389,7.341,7.355,-0.15
2022-05-19,7.343,7.363,7.319,7.32,-0.48
2022-05-20,7.336,7.366,7.335,7.359,0.53
2022-05-23,7.42,7.42,7.348,7.386,0.37
2022-05-24,7.397,7.397,7.344,7.359,-0.37
2022-05-25,7.367,7.367,7.297,7.305,-0.73
2022-05-26,7.314,7.314,7.272,7.294,-0.15
2022-05-27,7.328,7.376,7.319,7.35,0.77
2022-05-30,7.376,7.413,7.364,7.409,0.8
2022-05-31,7.444,7.46,7.412,7.415,0.08
2022-06-01,7.437,7.438,7.397,7.414,-0.01
2022-06-02,7.42,7.441,7.409,7.434,0.27
2022-06-03,7.484,7.484,7.442,7.456,0.3
2022-06-06,7.5,7.512,7.49,7.5,0.59
2022-06-07,7.538,7.538,7.51,7.518,0.24
2022-06-08,7.523,7.562,7.438,7.494,-0.32
2022-06-09,7.528,7.533,7.496,7.496,0.03
2022-06-10,7.512,7.527,7.503,7.519,0.31
2022-06-13,7.594,7.615,7.582,7.604,1.13
2022-06-14,7.604,7.614,7.574,7.581,-0.3
2022-06-15,7.61,7.614,7.578,7.592,0.15
2022-06-16,7.572,7.617,7.551,7.617,0.33
2022-06-17,7.596,7.611,7.544,7.546,-0.93
2022-06-20,7.503,7.503,7.427,7.427,-1.58
2022-06-21,7.457,7.484,7.457,7.482,0.74
2022-06-22,7.448,7.448,7.382,7.396,-1.15
2022-06-23,7.37,7.443,7.365,7.419,0.31
2022-06-24,7.458,7.47,7.42,7.444,0.34
2022-06-27,7.481,7.481,7.407,7.407,-0.5
2022-06-28,7.428,7.468,7.428,7.466,0.8
2022-06-29,7.457,7.478,7.437,7.459,-0.09
2022-06-30,7.443,7.455,7.417,7.45,-0.12
2022-07-01,7.427,7.427,7.385,7.424,-0.35
2022-07-04,7.398,7.398,7.355,7.374,-0.67
2022-07-05,7.406,7.42,7.382,7.391,0.23
2022-07-06,7.33,7.33,7.281,7.294,-1.31
2022-07-07,7.305,7.36,7.291,7.354,0.82
2022-07-08,7.392,7.419,7.372,7.415,0.83
2022-07-11,7.453,7.475,7.418,7.427,0.16
2022-07-12,7.4,7.447,7.391,7.391,-0.48
2022-07-13,7.383,7.383,7.333,7.337,-0.73
2022-07-14,7.362,7.407,7.362,7.384,0.64
2022-07-15,7.416,7.447,7.401,7.438,0.73
2022-07-18,7.429,7.443,7.4,7.437,-0.01
2022-07-19,7.471,7.471,7.432,7.434,-0.04
2022-07-20,7.471,7.471,7.434,7.449,0.2
2022-07-21,7.471,7.471,7.44,7.44,-0.12
2022-07-22,7.417,7.432,7.402,7.414,-0.35
2022-07-25,7.399,7.399,7.36,7.391,-0.31
2022-07-26,7.41,7.414,7.367,7.367,-0.32
2022-07-27,7.385,7.385,7.336,7.338,-0.39
2022-07-28,7.372,7.372,7.309,7.332,-0.08
2022-07-29,7.301,7.33,7.255,7.32,-0.16
2022-08-01,7.357,7.357,7.24,7.24,-1.09
2022-08-02,7.204,7.228,7.185,7.196,-0.61
2022-08-03,7.25,7.253,7.227,7.242,0.64
2022-08-04,7.219,7.236,7.151,7.157,-1.17
2022-08-05,7.136,7.322,7.11,7.3,2.0
2022-08-08,7.365,7.365,7.338,7.348,0.66
2022-08-10,7.366,7.366,7.307,7.31,-0.52
2022-08-11,7.339,7.339,7.241,7.267,-0.59
2022-08-12,7.331,7.331,7.286,7.289,0.3
2022-08-17,7.251,7.251,7.164,7.182,-1.47
2022-08-18,7.202,7.262,7.196,7.242,0.84
2022-08-19,7.264,7.295,7.256,7.264,0.3
2022-08-22,7.295,7.306,7.265,7.27,0.08
2022-08-23,7.305,7.31,7.272,7.281,0.15
2022-08-24,7.311,7.311,7.273,7.286,0.07
2022-08-25,7.32,7.32,7.292,7.292,0.08
2022-08-26,7.276,7.291,7.203,7.217,-1.03
2022-08-29,7.256,7.271,7.238,7.253,0.5
2022-08-30,7.28,7.28,7.186,7.188,-0.9
2022-09-01,7.23,7.23,7.172,7.215,0.38
2022-09-02,7.238,7.248,7.224,7.232,0.24
2022-09-05,7.232,7.232,7.201,7.218,-0.19
2022-09-06,7.221,7.221,7.179,7.179,-0.54
2022-09-07,7.208,7.208,7.175,7.185,0.08
2022-09-08,7.139,7.152,7.122,7.135,-0.7
2022-09-09,7.159,7.172,7.135,7.167,0.45
2022-09-12,7.182,7.185,7.162,7.181,0.2
2022-09-13,7.208,7.208,7.106,7.108,-1.02
2022-09-14,7.163,7.163,7.128,7.155,0.66
2022-09-15,7.17,7.258,7.144,7.238,1.16
2022-09-16,7.255,7.291,7.243,7.266,0.39
2022-09-19,7.294,7.294,7.232,7.277,0.15
2022-09-20,7.3,7.3,7.271,7.294,0.23
2022-09-21,7.27,7.271,7.233,7.233,-0.84
2022-09-22,7.312,7.312,7.312,7.312,1.09
2022-09-23,7.366,7.396,7.352,7.393,1.11
2022-09-26,7.413,7.422,7.359,7.359,-0.46
2022-09-27,7.41,7.41,7.283,7.292,-0.91
2022-09-28,7.351,7.352,7.32,7.333,0.56
2022-09-29,7.294,7.343,7.286,7.34,0.1
2022-09-30,7.423,7.423,7.301,7.398,0.79
2022-10-03,7.403,7.47,7.403,7.468,0.95
2022-10-04,7.454,7.454,7.361,7.362,-1.42
2022-10-06,7.49,7.49,7.446,7.454,1.25
2022-10-07,7.49,7.518,7.458,7.46,0.08
2022-10-10,7.498,7.513,7.471,7.476,0.21
2022-10-11,7.532,7.532,7.426,7.426,-0.67
2022-10-12,7.433,7.441,7.372,7.435,0.12
2022-10-13,7.446,7.451,7.403,7.422,-0.17
2022-10-14,7.469,7.481,7.416,7.47,0.65
2022-10-17,7.461,7.461,7.392,7.407,-0.84
2022-10-18,7.417,7.427,7.368,7.426,0.26
2022-10-19,7.439,7.458,7.395,7.451,0.34
2022-10-20,7.505,7.516,7.476,7.476,0.34
2022-10-21,7.541,7.541,7.504,7.511,0.47
2022-10-25,7.505,7.505,7.44,7.442,-0.92
2022-10-27,7.41,7.42,7.372,7.412,-0.4
2022-10-28,7.45,7.45,7.378,7.416,0.05
2022-10-31,7.432,7.453,7.418,7.445,0.39
2022-11-01,7.435,7.437,7.396,7.396,-0.66
2022-11-02,7.421,7.424,7.398,7.404,0.11
2022-11-03,7.44,7.49,7.44,7.482,1.05
2022-11-04,7.497,7.497,7.457,7.469,-0.17
2022-11-07,7.484,7.484,7.434,7.434,-0.47
2022-11-09,7.425,7.425,7.381,7.387,-0.63
2022-11-10,7.381,7.385,7.334,7.346,-0.56
2022-11-11,7.272,7.308,7.235,7.307,-0.53
2022-11-14,7.338,7.338,7.277,7.287,-0.27
2022-11-15,7.295,7.299,7.258,7.261,-0.36
2022-11-16,7.272,7.288,7.254,7.274,0.18
2022-11-17,7.25,7.292,7.243,7.281,0.1
2022-11-18,7.314,7.32,7.271,7.307,0.36
2022-11-21,7.338,7.338,7.285,7.32,0.18
2022-11-22,7.33,7.339,7.285,7.285,-0.48
2022-11-23,7.282,7.299,7.279,7.291,0.08
2022-11-24,7.264,7.283,7.255,7.255,-0.49
2022-11-25,7.272,7.304,7.245,7.301,0.63
2022-11-28,7.272,7.275,7.25,7.274,-0.37
2022-11-29,7.294,7.297,7.277,7.279,0.07
2022-11-30,7.306,7.306,7.28,7.28,0.01
2022-12-01,7.255,7.255,7.205,7.21,-0.96
2022-12-02,7.2,7.236,7.181,7.221,0.15
2022-12-05,7.237,7.237,7.209,7.226,0.07
2022-12-06,7.242,7.264,7.231,7.249,0.32
2022-12-07,7.258,7.307,7.226,7.269,0.28
2022-12-08,7.256,7.289,7.25,7.288,0.26
2022-12-09,7.298,7.309,7.286,7.299,0.15
2022-12-12,7.328,7.328,7.287,7.294,-0.07
2022-12-13,7.258,7.281,7.258,7.265,-0.4
2022-12-14,7.236,7.249,7.211,7.221,-0.61
2022-12-15,7.233,7.271,7.233,7.268,0.65
2022-12-16,7.302,7.302,7.273,7.281,0.18
2022-12-19,7.302,7.302,7.283,7.297,0.22
2022-12-20,7.328,7.344,7.299,7.299,0.03
2022-12-21,7.316,7.316,7.281,7.287,-0.16
2022-12-22,7.3,7.319,7.293,7.316,0.4
2022-12-23,7.338,7.338,7.306,7.318,0.03
2022-12-26,7.337,7.337,7.319,7.319,0.01
2022-12-27,7.324,7.324,7.305,7.308,-0.15
2022-12-28,7.339,7.339,7.311,7.314,0.08
2022-12-29,7.334,7.334,7.308,7.311,-0.04
2022-12-30,7.313,7.335,7.312,7.327,0.22
2023-01-02,7.346,7.359,7.336,7.34,0.18
2023-01-03,7.338,7.338,7.321,7.321,-0.26
2023-01-04,7.317,7.324,7.308,7.321,0.0
2023-01-05,7.317,7.331,7.317,7.327,0.08
2023-01-06,7.358,7.378,7.33,7.373,0.63
2023-01-09,7.338,7.349,7.323,7.342,-0.42
2023-01-10,7.332,7.34,7.313,7.313,-0.39
2023-01-11,7.332,7.332,7.29,7.291,-0.3
2023-01-12,7.295,7.299,7.277,7.286,-0.07
2023-01-13,7.266,7.301,7.266,7.299,0.18
2023-01-16,7.326,7.329,7.308,7.327,0.38
2023-01-17,7.345,7.345,7.331,7.333,0.08
2023-01-18,7.325,7.327,7.313,7.325,-0.11
2023-01-19,7.299,7.314,7.281,7.313,-0.16
2023-01-20,7.332,7.356,7.327,7.347,0.46
2023-01-23,7.366,7.366,7.35,7.352,0.07
2023-01-24,7.362,7.363,7.338,7.346,-0.08
2023-01-25,7.344,7.358,7.331,7.347,0.01
2023-01-27,7.376,7.403,7.373,7.387,0.54
2023-01-30,7.392,7.407,7.377,7.401,0.19
2023-01-31,7.405,7.405,7.343,7.343,-0.78
2023-02-01,7.416,7.416,7.277,7.277,-0.9
2023-02-02,7.255,7.299,7.245,7.296,0.26
2023-02-03,7.287,7.298,7.277,7.277,-0.26
2023-02-04,7.278,7.278,7.277,7.277,0.0
2023-02-06,7.309,7.335,7.309,7.32,0.59
2023-02-07,7.332,7.332,7.306,7.309,-0.15
2023-02-08,7.33,7.358,7.31,7.344,0.48
2023-02-09,7.343,7.36,7.338,7.344,0.0
2023-02-10,7.356,7.37,7.351,7.363,0.26
2023-02-13,7.387,7.387,7.36,7.366,0.04
2023-02-14,7.408,7.408,7.369,7.371,0.07
2023-02-15,7.378,7.381,7.345,7.347,-0.33
2023-02-16,7.363,7.363,7.335,7.342,-0.07
2023-02-17,7.405,7.405,7.358,7.388,0.63
2023-02-20,7.386,7.386,7.361,7.37,-0.24
2023-02-21,7.393,7.396,7.373,7.391,0.28
2023-02-22,7.403,7.438,7.401,7.429,0.51
2023-02-23,7.431,7.431,7.375,7.391,-0.51
2023-02-24,7.39,7.422,7.373,7.419,0.38
2023-02-27,7.453,7.453,7.431,7.448,0.39
2023-02-28,7.446,7.465,7.434,7.457,0.12
2023-03-01,7.468,7.468,7.419,7.434,-0.31
2023-03-02,7.456,7.461,7.427,7.43,-0.05
2023-03-03,7.453,7.453,7.41,7.416,-0.19
2023-03-06,7.4,7.428,7.4,7.418,0.03
2023-03-08,7.455,7.473,7.455,7.459,0.55
2023-03-09,7.465,7.465,7.437,7.441,-0.24
2023-03-10,7.426,7.435,7.401,7.429,-0.16
2023-03-13,7.393,7.393,7.354,7.365,-0.86
2023-03-14,7.392,7.392,7.336,7.378,0.18
2023-03-15,7.408,7.408,7.359,7.363,-0.2
2023-03-16,7.354,7.366,7.33,7.352,-0.15
2023-03-17,7.372,7.379,7.35,7.354,0.03
2023-03-20,7.341,7.344,7.316,7.334,-0.27
2023-03-21,7.375,7.375,7.341,7.354,0.27
2023-03-23,7.34,7.351,7.315,7.345,-0.12
2023-03-24,7.348,7.348,7.314,7.318,-0.37
2023-03-27,7.331,7.332,7.306,7.312,-0.08
2023-03-28,7.325,7.335,7.31,7.321,0.12
2023-03-29,7.335,7.342,7.292,7.296,-0.34
2023-03-31,7.339,7.339,7.28,7.315,0.26
2023-04-03,7.37,7.37,7.312,7.315,0.0
2023-04-05,7.297,7.297,7.272,7.273,-0.57
2023-04-06,7.285,7.288,7.181,7.219,-0.74
2023-04-10,7.258,7.258,7.196,7.227,0.11
2023-04-11,7.255,7.255,7.222,7.224,-0.04
2023-04-12,7.243,7.243,7.212,7.213,-0.15
2023-04-13,7.204,7.234,7.204,7.229,0.22
2023-04-17,7.251,7.251,7.239,7.247,0.25
2023-04-18,7.276,7.276,7.22,7.221,-0.36
2023-04-19,7.224,7.235,7.212,7.227,0.08
2023-04-20,7.237,7.237,7.216,7.22,-0.1
2023-04-21,7.237,7.237,7.183,7.185,-0.48
2023-04-24,7.161,7.161,7.1,7.111,-1.03
2023-04-25,7.088,7.131,7.077,7.11,-0.01
2023-04-26,7.143,7.143,7.098,7.116,0.08
2023-04-27,7.128,7.128,7.094,7.097,-0.27
2023-04-28,7.131,7.131,7.108,7.116,0.27
2023-05-02,7.135,7.138,7.092,7.106,-0.14
2023-05-03,7.085,7.085,7.006,7.011,-1.34
2023-05-04,7.011,7.052,6.991,7.014,0.04
2023-05-08,7.049,7.05,7.021,7.047,0.47
2023-05-09,7.07,7.07,7.03,7.046,-0.01
2023-05-10,7.056,7.061,7.034,7.036,-0.14
2023-05-11,7.021,7.033,7.016,7.023,-0.18
2023-05-12,7.027,7.03,6.992,6.995,-0.4
2023-05-15,7.042,7.042,6.978,7.001,0.09
2023-05-16,7.028,7.028,6.961,6.963,-0.54
2023-05-17,6.992,6.992,6.947,6.972,0.13
2023-05-18,6.985,6.989,6.968,6.983,0.16
2023-05-19,7.013,7.016,6.967,7.004,0.3
2023-05-22,6.989,7.001,6.976,6.985,-0.27
2023-05-23,7.005,7.02,6.995,7.016,0.44
2023-05-24,7.009,7.023,6.982,6.99,-0.37
2023-05-25,7.013,7.015,6.996,7.007,0.24
2023-05-26,7.026,7.026,6.996,7.003,-0.06
2023-05-29,7.02,7.031,7.002,7.024,0.3
2023-05-30,7.034,7.034,7.01,7.011,-0.19
2023-05-31,7.027,7.027,6.982,6.989,-0.31
2023-06-01,7.019,7.019,6.963,6.979,-0.14
2023-06-02,6.992,6.992,6.966,6.984,0.07
2023-06-05,7.005,7.009,6.994,6.997,0.19
2023-06-06,6.999,6.999,6.974,6.977,-0.29
2023-06-07,6.984,6.986,6.972,6.982,0.07
2023-06-08,7.006,7.023,6.99,7.021,0.56
2023-06-09,7.012,7.044,7.012,7.039,0.26
2023-06-12,7.048,7.048,7.015,7.016,-0.33
2023-06-13,6.998,7.012,6.998,7.002,-0.2
2023-06-14,7.02,7.021,7.008,7.011,0.13
2023-06-15,7.027,7.043,7.02,7.036,0.36
2023-06-16,7.041,7.057,7.027,7.034,-0.03
2023-06-19,7.055,7.061,7.028,7.053,0.27
2023-06-20,7.063,7.069,7.051,7.059,0.09
2023-06-21,7.063,7.071,7.049,7.067,0.11
2023-06-22,7.063,7.093,7.058,7.086,0.27
2023-06-23,7.095,7.098,7.063,7.074,-0.17
2023-06-26,7.077,7.085,7.063,7.066,-0.11
2023-06-27,7.091,7.091,7.057,7.063,-0.04
2023-06-28,7.065,7.071,7.047,7.056,-0.1
2023-06-30,7.091,7.117,7.084,7.11,0.77
2023-07-03,7.113,7.122,7.1,7.117,0.1
2023-07-04,7.127,7.127,7.108,7.119,0.03
2023-07-05,7.122,7.122,7.102,7.105,-0.2
2023-07-06,7.132,7.151,7.13,7.147,0.59
2023-07-07,7.171,7.175,7.144,7.159,0.17
2023-07-10,7.168,7.168,7.138,7.149,-0.14
2023-07-11,7.12,7.123,7.088,7.095,-0.76
2023-07-12,7.091,7.122,7.087,7.118,0.32
2023-07-13,7.099,7.099,7.064,7.071,-0.66
2023-07-14,7.06,7.095,7.06,7.089,0.25
2023-07-17,7.11,7.11,7.071,7.074,-0.21
2023-07-18,7.084,7.084,7.047,7.058,-0.23
2023-07-19,7.062,7.076,7.054,7.072,0.2
2023-07-20,7.081,7.088,7.074,7.083,0.16
2023-07-21,7.099,7.107,7.076,7.087,0.06
2023-07-24,7.082,7.087,7.066,7.071,-0.23
2023-07-25,7.091,7.105,7.088,7.1,0.41
2023-07-26,7.106,7.106,7.089,7.096,-0.06
2023-07-27,7.089,7.122,7.078,7.12,0.34
2023-07-28,7.154,7.179,7.148,7.161,0.58
2023-07-31,7.179,7.185,7.162,7.172,0.15
2023-08-01,7.186,7.186,7.147,7.156,-0.22
2023-08-02,7.185,7.185,7.152,7.154,-0.03
2023-08-03,7.178,7.214,7.173,7.194,0.56
2023-08-04,7.201,7.219,7.19,7.193,-0.01
2023-08-07,7.17,7.2,7.156,7.197,0.06
2023-08-08,7.186,7.191,7.163,7.168,-0.4
2023-08-09,7.171,7.181,7.161,7.178,0.14
2023-08-10,7.193,7.193,7.152,7.154,-0.33
2023-08-11,7.179,7.202,7.179,7.198,0.62
2023-08-14,7.226,7.226,7.205,7.209,0.15
2023-08-17,7.252,7.256,7.243,7.25,0.57
2023-08-18,7.24,7.241,7.209,7.214,-0.5
2023-08-21,7.233,7.233,7.21,7.22,0.08
2023-08-22,7.244,7.244,7.211,7.218,-0.03
2023-08-23,7.222,7.222,7.193,7.194,-0.33
2023-08-24,7.178,7.197,7.175,7.193,-0.01
2023-08-25,7.241,7.241,7.198,7.206,0.18
2023-08-28,7.212,7.212,7.166,7.178,-0.39
2023-08-29,7.178,7.189,7.159,7.18,0.03
2023-08-30,7.153,7.192,7.153,7.185,0.07
2023-08-31,7.177,7.186,7.164,7.166,-0.26
2023-09-01,7.174,7.184,7.163,7.175,0.13
2023-09-04,7.192,7.206,7.186,7.204,0.4
2023-09-05,7.21,7.211,7.195,7.206,0.03
2023-09-06,7.217,7.232,7.209,7.21,0.06
2023-09-07,7.229,7.229,7.158,7.173,-0.51
2023-09-08,7.183,7.207,7.165,7.199,0.36
2023-09-11,7.188,7.214,7.183,7.209,0.14
2023-09-12,7.222,7.222,7.194,7.203,-0.08
2023-09-13,7.19,7.19,7.171,7.172,-0.43
2023-09-14,7.157,7.157,7.096,7.101,-0.99
2023-09-15,7.117,7.166,7.105,7.158,0.8
2023-09-18,7.193,7.193,7.139,7.149,-0.13
2023-09-20,7.171,7.171,7.143,7.153,0.06
2023-09-21,7.207,7.207,7.129,7.136,-0.24
2023-09-22,7.11,7.164,7.086,7.15,0.2
2023-09-25,7.186,7.186,7.124,7.15,0.0
2023-09-26,7.178,7.18,7.144,7.146,-0.06
2023-09-27,7.173,7.173,7.173,7.173,0.38
2023-09-28,7.214,7.241,7.148,7.238,0.91
2023-09-29,7.241,7.241,7.188,7.21,-0.39
2023-10-03,7.239,7.24,7.21,7.235,0.35
2023-10-04,7.257,7.261,7.236,7.238,0.04
2023-10-05,7.214,7.226,7.205,7.214,-0.33
2023-10-06,7.221,7.365,7.218,7.339,1.73
2023-10-09,7.366,7.395,7.34,7.386,0.64
2023-10-10,7.359,7.372,7.344,7.351,-0.47
2023-10-11,7.337,7.337,7.301,7.307,-0.6
2023-10-12,7.308,7.314,7.292,7.302,-0.07
2023-10-13,7.322,7.337,7.305,7.32,0.25
2023-10-16,7.344,7.344,7.325,7.333,0.18
2023-10-17,7.349,7.349,7.309,7.328,-0.07
2023-10-18,7.352,7.36,7.341,7.353,0.34
2023-10-19,7.381,7.381,7.365,7.369,0.22
2023-10-20,7.373,7.377,7.349,7.365,-0.05
2023-10-23,7.377,7.391,7.36,7.382,0.23
2023-10-25,7.343,7.349,7.333,7.343,-0.53
2023-10-26,7.377,7.377,7.36,7.366,0.31
2023-10-27,7.359,7.359,7.341,7.351,-0.2
2023-10-30,7.359,7.372,7.354,7.369,0.24
2023-10-31,7.365,7.366,7.346,7.351,-0.24
2023-11-01,7.376,7.376,7.352,7.358,0.1
2023-11-02,7.323,7.335,7.318,7.322,-0.49
2023-11-03,7.324,7.324,7.309,7.317,-0.07
2023-11-06,7.301,7.307,7.294,7.305,-0.16
2023-11-07,7.318,7.318,7.277,7.28,-0.34
2023-11-08,7.273,7.281,7.255,7.266,-0.19
2023-11-09,7.256,7.276,7.246,7.269,0.04
2023-11-10,7.293,7.305,7.288,7.3,0.43
2023-11-13,7.316,7.316,7.281,7.283,-0.23
2023-11-15,7.262,7.262,7.22,7.225,-0.8
2023-11-16,7.236,7.236,7.22,7.232,0.1
2023-11-17,7.226,7.23,7.194,7.212,-0.28
2023-11-20,7.23,7.257,7.224,7.252,0.55
2023-11-21,7.247,7.272,7.237,7.269,0.23
2023-11-22,7.277,7.277,7.245,7.247,-0.3
2023-11-23,7.258,7.263,7.246,7.253,0.08
2023-11-24,7.278,7.291,7.266,7.272,0.26
2023-11-28,7.258,7.277,7.253,7.273,0.01
2023-11-29,7.258,7.258,7.237,7.252,-0.29
2023-11-30,7.25,7.287,7.248,7.279,0.37
2023-12-01,7.293,7.298,7.279,7.29,0.15
2023-12-04,7.264,7.276,7.262,7.271,-0.26
2023-12-05,7.275,7.275,7.256,7.262,-0.12
2023-12-06,7.251,7.254,7.243,7.248,-0.19
2023-12-07,7.248,7.248,7.233,7.236,-0.17
2023-12-08,7.249,7.271,7.226,7.266,0.41
2023-12-11,7.287,7.287,7.273,7.281,0.21
2023-12-12,7.279,7.28,7.267,7.275,-0.08
2023-12-13,7.262,7.269,7.257,7.259,-0.22
2023-12-14,7.222,7.224,7.185,7.194,-0.9
2023-12-15,7.204,7.206,7.155,7.163,-0.43
2023-12-18,7.171,7.179,7.147,7.153,-0.14
2023-12-19,7.185,7.185,7.153,7.171,0.25
2023-12-20,7.184,7.184,7.165,7.171,0.0
2023-12-21,7.173,7.188,7.151,7.184,0.18
2023-12-22,7.187,7.198,7.185,7.188,0.06
2023-12-26,7.213,7.213,7.177,7.183,-0.07
2023-12-27,7.191,7.208,7.182,7.205,0.31
2023-12-28,7.2,7.213,7.191,7.207,0.03
2023-12-29,7.225,7.225,7.172,7.176,-0.43
2024-01-01,7.207,7.207,7.192,7.196,0.28
2024-01-02,7.215,7.215,7.204,7.206,0.14
2024-01-03,7.215,7.222,7.197,7.216,0.14
2024-01-04,7.214,7.224,7.208,7.22,0.06
2024-01-05,7.237,7.239,7.225,7.235,0.21
2024-01-08,7.233,7.233,7.201,7.203,-0.44
2024-01-09,7.183,7.197,7.182,7.189,-0.19
2024-01-10,7.192,7.192,7.176,7.178,-0.15
2024-01-11,7.192,7.192,7.162,7.165,-0.18
2024-01-12,7.168,7.181,7.158,7.178,0.18
2024-01-15,7.153,7.153,7.134,7.148,-0.42
2024-01-16,7.161,7.161,7.14,7.146,-0.03
2024-01-17,7.161,7.165,7.151,7.163,0.24
2024-01-18,7.177,7.18,7.169,7.178,0.21
2024-01-19,7.194,7.196,7.177,7.184,0.08
2024-01-23,7.172,7.177,7.166,7.174,-0.14
2024-01-24,7.186,7.186,7.17,7.181,0.1
2024-01-25,7.195,7.195,7.169,7.171,-0.14
2024-01-29,7.182,7.182,7.165,7.171,0.0
2024-01-30,7.164,7.164,7.147,7.155,-0.22
2024-01-31,7.152,7.152,7.139,7.144,-0.15
2024-02-01,7.129,7.135,7.039,7.064,-1.12
2024-02-02,7.054,7.058,7.021,7.05,-0.2
2024-02-05,7.092,7.096,7.071,7.091,0.58
2024-02-06,7.096,7.096,7.07,7.092,0.01
2024-02-07,7.075,7.078,7.064,7.074,-0.25
2024-02-08,7.073,7.092,7.048,7.082,0.11
2024-02-09,7.091,7.118,7.075,7.114,0.45
2024-02-12,7.12,7.12,7.09,7.097,-0.24
2024-02-13,7.105,7.109,7.096,7.097,0.0
2024-02-14,7.136,7.14,7.11,7.114,0.24
2024-02-15,7.104,7.104,7.079,7.085,-0.41
2024-02-16,7.097,7.103,7.075,7.099,0.2
2024-02-20,7.118,7.118,7.06,7.062,-0.52
2024-02-21,7.065,7.065,7.038,7.045,-0.24
2024-02-22,7.062,7.076,7.045,7.062,0.24
2024-02-23,7.074,7.081,7.062,7.077,0.21
2024-02-26,7.055,7.066,7.046,7.063,-0.2
2024-02-27,7.074,7.074,7.061,7.068,0.07
2024-02-28,7.076,7.076,7.06,7.065,-0.04
2024-02-29,7.059,7.082,7.057,7.078,0.18
2024-03-01,7.062,7.082,7.057,7.06,-0.25
2024-03-04,7.051,7.062,7.047,7.06,0.0
2024-03-05,7.066,7.066,7.053,7.057,-0.04
2024-03-06,7.053,7.057,7.048,7.054,-0.04
2024-03-07,7.054,7.054,7.026,7.031,-0.33
2024-03-11,7.025,7.025,7.006,7.014,-0.24
2024-03-12,7.025,7.029,7.015,7.026,0.17
2024-03-13,7.043,7.043,7.03,7.039,0.19
2024-03-14,7.046,7.048,7.038,7.041,0.03
2024-03-15,7.06,7.064,7.051,7.062,0.3
2024-03-18,7.08,7.088,7.075,7.087,0.35
2024-03-19,7.096,7.1,7.081,7.095,0.11
2024-03-20,7.101,7.103,7.089,7.097,0.03
2024-03-21,7.08,7.08,7.048,7.05,-0.66
2024-03-22,7.062,7.096,7.055,7.087,0.52
2024-03-26,7.091,7.1,7.079,7.089,0.03
2024-03-27,7.097,7.097,7.067,7.072,-0.24
2024-03-28,7.031,7.055,7.031,7.052,-0.28
2024-04-02,7.085,7.116,7.075,7.108,0.79
2024-04-03,7.118,7.118,7.1,7.104,-0.06
2024-04-04,7.119,7.119,7.09,7.094,-0.14
2024-04-05,7.088,7.121,7.088,7.117,0.32
2024-04-08,7.141,7.162,7.135,7.154,0.52
2024-04-10,7.133,7.133,7.113,7.116,-0.53
2024-04-12,7.178,7.187,7.169,7.179,0.89
2024-04-15,7.193,7.193,7.16,7.175,-0.06
2024-04-16,7.193,7.2,7.185,7.193,0.25
2024-04-18,7.17,7.187,7.155,7.18,-0.18
2024-04-19,7.206,7.233,7.197,7.225,0.63
2024-04-22,7.241,7.242,7.188,7.192,-0.46
2024-04-23,7.184,7.184,7.163,7.167,-0.35
2024-04-24,7.175,7.19,7.16,7.186,0.27
2024-04-25,7.193,7.206,7.188,7.204,0.25
2024-04-26,7.238,7.238,7.188,7.199,-0.07
2024-04-29,7.185,7.203,7.176,7.196,-0.04
2024-04-30,7.199,7.205,7.185,7.195,-0.01
2024-05-02,7.17,7.173,7.159,7.162,-0.46
2024-05-03,7.16,7.163,7.147,7.149,-0.18
2024-05-06,7.132,7.132,7.106,7.108,-0.57
2024-05-07,7.115,7.135,7.109,7.129,0.3
2024-05-08,7.138,7.144,7.13,7.138,0.13
2024-05-09,7.148,7.148,7.125,7.135,-0.04
2024-05-10,7.124,7.129,7.111,7.127,-0.11
2024-05-13,7.134,7.134,7.114,7.116,-0.15
2024-05-14,7.123,7.123,7.105,7.109,-0.1
2024-05-15,7.103,7.103,7.082,7.086,-0.32
2024-05-16,7.058,7.082,7.055,7.076,-0.14
2024-05-17,7.084,7.099,7.08,7.095,0.27
2024-05-21,7.101,7.101,7.069,7.078,-0.24
2024-05-22,7.053,7.053,6.993,6.997,-1.14
2024-05-24,6.997,7.001,6.985,6.998,0.01
2024-05-27,7.016,7.016,6.967,6.981,-0.24
2024-05-28,6.981,6.998,6.971,6.995,0.2
2024-05-29,7.02,7.02,6.987,7.008,0.19
2024-05-30,7.022,7.022,6.995,7.003,-0.07
2024-05-31,6.991,6.994,6.98,6.986,-0.24
2024-06-03,6.955,6.963,6.945,6.947,-0.56
2024-06-04,6.955,7.062,6.951,7.033,1.24
2024-06-05,7.034,7.054,7.023,7.026,-0.1
2024-06-06,7.02,7.023,7.013,7.015,-0.16
2024-06-07,7.02,7.036,7.005,7.018,0.04
2024-06-10,7.048,7.048,7.027,7.032,0.2
2024-06-11,7.055,7.055,7.012,7.014,-0.26
2024-06-12,7.012,7.015,7.007,7.012,-0.03
2024-06-13,7.003,7.003,6.985,6.986,-0.37
2024-06-14,6.98,6.991,6.975,6.984,-0.03
2024-06-18,6.998,6.998,6.981,6.981,-0.04
2024-06-19,6.981,6.981,6.964,6.974,-0.1
2024-06-20,6.984,6.984,6.97,6.976,0.03
2024-06-21,6.984,6.984,6.972,6.973,-0.04
2024-06-24,6.979,6.979,6.954,6.971,-0.03
2024-06-25,6.972,6.989,6.969,6.983,0.17
2024-06-26,6.998,7.001,6.984,6.997,0.2
2024-06-27,7.006,7.009,6.987,7.0,0.04
2024-06-28,6.998,7.02,6.992,7.008,0.11
2024-07-01,7.023,7.024,7.01,7.013,0.07
2024-07-02,7.009,7.009,7.009,7.009,-0.06
2024-07-03,7.009,7.009,6.999,7.001,-0.11
2024-07-04,6.992,7.001,6.989,6.998,-0.04
2024-07-05,7.016,7.016,6.987,6.993,-0.07
2024-07-08,6.989,6.991,6.983,6.989,-0.06
2024-07-09,7.006,7.006,6.983,6.989,0.0
2024-07-10,6.995,6.995,6.975,6.976,-0.19
2024-07-11,6.982,6.982,6.982,6.982,0.09
2024-07-12,6.975,6.988,6.972,6.986,0.06
2024-07-15,7.005,7.005,6.977,6.981,-0.07
2024-07-16,6.977,6.977,6.963,6.966,-0.21
2024-07-18,6.97,6.97,6.959,6.966,0.0
2024-07-19,6.976,6.976,6.962,6.965,-0.01
2024-07-22,6.982,6.982,6.966,6.967,0.03
2024-07-23,6.972,6.987,6.952,6.97,0.04
2024-07-24,6.977,6.977,6.96,6.964,-0.09
2024-07-25,6.974,6.974,6.952,6.952,-0.17
2024-07-26,6.962,6.962,6.927,6.94,-0.17
2024-07-29,6.942,6.942,6.913,6.919,-0.3
2024-07-30,6.926,6.934,6.91,6.931,0.17
2024-07-31,6.932,6.939,6.918,6.924,-0.1
2024-08-01,6.912,6.919,6.909,6.916,-0.12
2024-08-02,6.909,6.909,6.894,6.9,-0.23
2024-08-05,6.862,6.865,6.844,6.86,-0.58
2024-08-06,6.87,6.88,6.867,6.872,0.17
2024-08-07,6.885,6.885,6.859,6.862,-0.15
2024-08-08,6.862,6.885,6.859,6.877,0.22
2024-08-09,6.887,6.889,6.878,6.88,0.04
2024-08-12,6.881,6.881,6.87,6.879,-0.01
2024-08-13,6.869,6.887,6.869,6.88,0.01
2024-08-14,6.871,6.874,6.857,6.858,-0.32
2024-08-16,6.88,6.88,6.864,6.867,0.13
2024-08-19,6.871,6.871,6.86,6.864,-0.04
2024-08-20,6.874,6.874,6.85,6.856,-0.12
2024-08-21,6.849,6.859,6.846,6.853,-0.04
2024-08-22,6.861,6.861,6.843,6.852,-0.01
2024-08-23,6.855,6.862,6.849,6.859,0.1
2024-08-26,6.854,6.854,6.848,6.851,-0.12
2024-08-27,6.863,6.863,6.854,6.861,0.15
2024-08-28,6.858,6.866,6.856,6.861,0.0
2024-08-29,6.87,6.87,6.862,6.864,0.04
2024-08-30,6.872,6.872,6.862,6.863,-0.01
2024-09-02,6.877,6.878,6.865,6.876,0.19
2024-09-03,6.885,6.885,6.869,6.87,-0.09
2024-09-04,6.861,6.863,6.857,6.859,-0.16
2024-09-05,6.853,6.856,6.851,6.855,-0.06
2024-09-06,6.852,6.855,6.846,6.854,-0.01
2024-09-09,6.861,6.861,6.852,6.854,0.0
2024-09-10,6.855,6.855,6.85,6.851,-0.04
2024-09-11,6.84,6.841,6.827,6.83,-0.31
2024-09-12,6.835,6.835,6.806,6.811,-0.28
2024-09-13,6.819,6.819,6.784,6.792,-0.28
2024-09-16,6.797,6.797,6.759,6.762,-0.44
2024-09-17,6.775,6.781,6.753,6.779,0.25
2024-09-19,6.793,6.793,6.736,6.758,-0.31
2024-09-20,6.768,6.769,6.747,6.761,0.04
2024-09-23,6.775,6.775,6.759,6.767,0.09
2024-09-24,6.768,6.77,6.754,6.761,-0.09
2024-09-25,6.753,6.753,6.735,6.738,-0.34
2024-09-26,6.74,6.74,6.706,6.718,-0.3
2024-09-27,6.747,6.767,6.723,6.759,0.61
2024-09-30,6.76,6.76,6.744,6.75,-0.13
2024-10-01,6.759,6.759,6.73,6.732,-0.27
2024-10-03,6.751,6.779,6.744,6.777,0.67
2024-10-04,6.793,6.838,6.792,6.829,0.77
2024-10-07,6.846,6.853,6.813,6.846,0.25
2024-10-08,6.845,6.845,6.802,6.806,-0.58
2024-10-09,6.818,6.818,6.741,6.766,-0.59
2024-10-10,6.805,6.805,6.75,6.776,0.15
2024-10-11,6.77,6.798,6.767,6.788,0.18
2024-10-14,6.788,6.788,6.767,6.782,-0.09
2024-10-15,6.794,6.794,6.765,6.769,-0.19
2024-10-16,6.762,6.775,6.758,6.773,0.06
2024-10-17,6.775,6.787,6.77,6.784,0.16
2024-10-18,6.794,6.821,6.789,6.809,0.37
2024-10-21,6.831,6.842,6.804,6.837,0.41
2024-10-22,6.859,6.859,6.818,6.832,-0.07
2024-10-23,6.831,6.833,6.811,6.818,-0.2
2024-10-24,6.843,6.843,6.808,6.822,0.06
2024-10-25,6.836,6.849,6.818,6.845,0.34
2024-10-28,6.875,6.875,6.856,6.861,0.23
2024-10-29,6.875,6.875,6.837,6.847,-0.2
2024-10-30,6.849,6.849,6.826,6.827,-0.29
2024-10-31,6.841,6.847,6.832,6.841,0.21
2024-11-04,6.831,6.831,6.795,6.797,-0.64
2024-11-05,6.802,6.805,6.793,6.799,0.03
2024-11-06,6.838,6.838,6.783,6.798,-0.01
2024-11-07,6.794,6.8,6.785,6.796,-0.03
2024-11-08,6.781,6.787,6.767,6.774,-0.32
2024-11-11,6.786,6.79,6.778,6.785,0.16
2024-11-12,6.793,6.807,6.786,6.795,0.15
2024-11-13,6.809,6.812,6.8,6.804,0.13
2024-11-14,6.822,6.831,6.813,6.827,0.34
2024-11-18,6.842,6.842,6.817,6.821,-0.09
2024-11-19,6.818,6.818,6.806,6.811,-0.15
2024-11-21,6.822,6.836,6.817,6.831,0.29
2024-11-22,6.852,6.863,6.842,6.85,0.28
2024-11-25,6.841,6.841,6.817,6.822,-0.41
2024-11-26,6.839,6.839,6.809,6.827,0.07
2024-11-27,6.828,6.828,6.811,6.812,-0.22
2024-11-28,6.825,6.825,6.799,6.805,-0.1
2024-11-29,6.807,6.807,6.739,6.751,-0.79
2024-12-02,6.802,6.802,6.707,6.71,-0.61
2024-12-03,6.76,6.76,6.71,6.714,0.06
2024-12-04,6.725,6.725,6.68,6.686,-0.42
2024-12-05,6.696,6.696,6.677,6.68,-0.09
2024-12-06,6.687,6.751,6.668,6.74,0.9
2024-12-09,6.753,6.753,6.715,6.717,-0.34
2024-12-10,6.715,6.715,6.692,6.705,-0.18
2024-12-11,6.711,6.721,6.706,6.718,0.19
2024-12-12,6.728,6.741,6.726,6.736,0.27
2024-12-13,6.783,6.783,6.725,6.729,-0.1
2024-12-16,6.734,6.744,6.727,6.741,0.18
2024-12-17,6.753,6.761,6.745,6.759,0.27
2024-12-18,6.76,6.76,6.747,6.751,-0.12
2024-12-19,6.787,6.794,6.775,6.787,0.53
2024-12-20,6.799,6.799,6.784,6.791,0.06
2024-12-23,6.785,6.785,6.771,6.776,-0.22
2024-12-24,6.789,6.789,6.773,6.776,0.0
2024-12-26,6.781,6.785,6.777,6.784,0.12
2024-12-27,6.781,6.807,6.776,6.787,0.04
2024-12-30,6.785,6.789,6.772,6.775,-0.18
2024-12-31,6.767,6.767,6.758,6.759,-0.24
2025-01-01,6.774,6.782,6.773,6.779,0.3
2025-01-02,6.801,6.801,6.782,6.787,0.12
2025-01-03,6.8,6.8,6.778,6.779,-0.12
2025-01-06,6.788,6.79,6.75,6.763,-0.24
2025-01-07,6.755,6.757,6.731,6.746,-0.25
2025-01-08,6.76,6.77,6.739,6.767,0.31
2025-01-09,6.773,6.782,6.762,6.764,-0.04
2025-01-10,6.773,6.773,6.757,6.769,0.07
2025-01-13,6.795,6.852,6.792,6.843,1.09
2025-01-14,6.852,6.869,6.821,6.829,-0.2
2025-01-15,6.838,6.838,6.804,6.813,-0.23
2025-01-16,6.788,6.788,6.749,6.754,-0.87
2025-01-17,6.745,6.78,6.743,6.774,0.3
2025-01-20,6.78,6.78,6.758,6.763,-0.16
2025-01-21,6.754,6.754,6.729,6.734,-0.43
2025-01-22,6.745,6.745,6.716,6.719,-0.22
2025-01-23,6.738,6.738,6.718,6.736,0.25
2025-01-24,6.717,6.726,6.709,6.72,-0.24
2025-01-27,6.672,6.681,6.666,6.675,-0.67
2025-01-28,6.646,6.69,6.631,6.681,0.09
2025-01-29,6.7,6.702,6.673,6.683,0.03
2025-01-30,6.701,6.701,6.675,6.678,-0.07
2025-01-31,6.696,6.7,6.68,6.694,0.24
2025-02-03,6.703,6.709,6.659,6.67,-0.36
2025-02-04,6.68,6.68,6.666,6.672,0.03
2025-02-05,6.674,6.674,6.653,6.664,-0.12
2025-02-06,6.649,6.659,6.649,6.657,-0.11
2025-02-07,6.668,6.71,6.652,6.699,0.63
2025-02-10,6.717,6.728,6.709,6.713,0.21
2025-02-11,6.688,6.699,6.685,6.697,-0.24
2025-02-12,6.71,6.71,6.693,6.697,0.0
2025-02-13,6.723,6.723,6.699,6.712,0.22
2025-02-14,6.709,6.71,6.699,6.705,-0.1
2025-02-17,6.694,6.694,6.687,6.692,-0.19
2025-02-18,6.7,6.7,6.68,6.682,-0.15
2025-02-20,6.682,6.705,6.68,6.703,0.31
2025-02-21,6.703,6.714,6.701,6.708,0.07
2025-02-24,6.696,6.707,6.693,6.7,-0.12
2025-02-25,6.699,6.709,6.695,6.706,0.09
2025-02-27,6.7,6.712,6.699,6.71,0.06
2025-02-28,6.709,6.731,6.706,6.72,0.15
2025-03-03,6.789,6.789,6.729,6.73,0.15
2025-03-04,6.736,6.745,6.721,6.74,0.15
2025-03-05,6.757,6.757,6.709,6.71,-0.45
2025-03-06,6.686,6.694,6.68,6.68,-0.45
2025-03-07,6.682,6.69,6.682,6.68,0.0
2025-03-10,6.714,6.714,6.687,6.7,0.3
2025-03-11,6.717,6.717,6.687,6.69,-0.15
2025-03-12,6.703,6.703,6.678,6.68,-0.15
2025-03-13,6.696,6.698,6.68,6.69,0.15
2025-03-17,6.702,6.702,6.687,6.69,0.0
2025-03-18,6.698,6.698,6.669,6.67,-0.3
2025-03-19,6.659,6.665,6.656,6.66,-0.15
2025-03-20,6.655,6.658,6.629,6.64,-0.3
2025-03-21,6.645,6.645,6.617,6.62,-0.3
2025-03-24,6.643,6.643,6.626,6.62,0.0
2025-03-25,6.646,6.646,6.621,6.63,0.15
2025-03-26,6.643,6.643,6.598,6.6,-0.45
2025-03-27,6.618,6.618,6.582,6.59,-0.15
2025-03-28,6.598,6.608,6.577,6.58,-0.15
2025-04-02,6.545,6.545,6.482,6.48,-1.52
2025-04-03,6.469,6.501,6.461,6.5,0.31
2025-04-04,6.497,6.497,6.464,6.46,-0.62
2025-04-07,6.469,6.492,6.461,6.48,0.31
2025-04-08,6.501,6.501,6.47,6.47,-0.15
2025-04-09,6.503,6.525,6.432,6.44,-0.46
2025-04-11,6.453,6.453,6.423,6.44,0.0
2025-04-15,6.407,6.423,6.407,6.41,-0.47
2025-04-16,6.416,6.417,6.389,6.39,-0.31
2025-04-17,6.391,6.392,6.37,6.37,-0.31
2025-04-21,6.383,6.383,6.317,6.32,-0.78
2025-04-22,6.348,6.348,6.32,6.32,0.0
2025-04-23,6.362,6.362,6.297,6.33,0.16
2025-04-24,6.328,6.359,6.316,6.32,-0.16
2025-04-25,6.331,6.375,6.324,6.36,0.63
2025-04-28,6.36,6.368,6.324,6.342,-0.28
2025-04-29,6.363,6.367,6.336,6.358,0.25
2025-05-01,6.375,6.375,6.345,6.356,-0.03
2025-05-04,6.389,6.389,6.32,6.323,-0.52
2025-05-05,6.336,6.356,6.323,6.35,0.43
2025-05-06,6.367,6.367,6.33,6.337,-0.2
2025-05-07,6.337,6.404,6.31,6.395,0.92
2025-05-08,6.44,6.44,6.372,6.377,-0.28
2025-05-12,6.296,6.301,6.278,6.285,-1.44
2025-05-13,6.293,6.293,6.238,6.242,-0.68
2025-05-14,6.259,6.271,6.228,6.231,-0.18
2025-05-15,6.242,6.269,6.229,6.22,-0.18
2025-05-16,6.233,6.233,6.217,6.22,0.0
2025-05-19,6.227,6.24,6.221,6.23,0.16
2025-05-20,6.24,6.24,6.223,6.22,-0.16
2025-05-21,6.224,6.238,6.199,6.19,-0.48
2025-05-22,6.208,6.237,6.199,6.21,0.32
2025-05-23,6.237,6.237,6.211,6.21,0.0
2025-05-26,6.214,6.225,6.203,6.2,-0.16
2025-05-27,6.209,6.209,6.202,6.2,0.0
2025-05-28,6.206,6.208,6.17,6.16,-0.65
2025-05-29,6.17,6.186,6.164,6.18,0.32
2025-05-30,6.184,6.227,6.176,6.2,0.32
2025-06-02,6.226,6.236,6.208,6.22,0.32
2025-06-03,6.218,6.226,6.202,6.2,-0.32
2025-06-04,6.206,6.214,6.203,6.21,0.16
2025-06-05,6.211,6.211,6.191,6.18,-0.48
2025-06-06,6.196,6.241,6.13,6.23,0.81
2025-06-09,6.241,6.286,6.241,6.27,0.64
2025-06-10,6.28,6.302,6.265,6.28,0.16
2025-06-11,6.287,6.303,6.273,6.29,0.16
2025-06-12,6.304,6.304,6.277,6.28,-0.16
2025-06-13,6.327,6.327,6.299,6.29,0.16
2025-06-16,6.299,6.307,6.27,6.26,-0.48
2025-06-17,6.27,6.273,6.253,6.25,-0.16
2025-06-18,6.273,6.273,6.256,6.25,0.0
2025-06-19,6.259,6.317,6.259,6.3,0.8
2025-06-20,6.31,6.319,6.296,6.31,0.16
2025-06-23,6.309,6.33,6.303,6.3,-0.16
2025-06-24,6.305,6.305,6.247,6.24,-0.95
2025-06-25,6.261,6.29,6.248,6.28,0.64
2025-06-26,6.28,6.291,6.265,6.27,-0.16
2025-06-27,6.279,6.317,6.279,6.31,0.64
2025-06-30,6.322,6.329,6.314,6.31,0.0
2025-07-01,6.324,6.324,6.29,6.29,-0.32
2025-07-02,6.292,6.299,6.286,6.28,-0.16
2025-07-03,6.29,6.3,6.283,6.28,0.0
2025-07-04,6.287,6.304,6.287,6.29,0.16
2025-07-07,6.295,6.297,6.287,6.294,0.06
2025-07-08,6.295,6.307,6.293,6.306,0.19
2025-07-09,6.315,6.316,6.309,6.314,0.13
2025-07-10,6.316,6.321,6.309,6.318,0.06
2025-07-11,6.318,6.334,6.301,6.304,-0.22
2025-07-14,6.302,6.319,6.302,6.311,0.11
2025-07-15,6.319,6.323,6.31,6.313,0.03
2025-07-16,6.312,6.317,6.312,6.313,0.0
2025-07-17,6.313,6.313,6.298,6.302,-0.17
2025-07-18,6.3,6.309,6.296,6.305,0.05
2025-07-21,6.307,6.307,6.296,6.299,-0.1
2025-07-22,6.3,6.309,6.294,6.308,0.14
2025-07-23,6.311,6.313,6.307,6.312,0.06
2025-07-24,6.312,6.33,6.312,6.329,0.27
2025-07-25,6.329,6.365,6.327,6.353,0.38
2025-07-28,6.352,6.374,6.348,6.373,0.31
2025-07-29,6.374,6.382,6.359,6.369,-0.06
2025-07-30,6.359,6.379,6.358,6.365,-0.06
2025-07-31,6.384,6.384,6.364,6.376,0.17
2025-08-01,6.377,6.378,6.367,6.371,-0.08
2025-08-04,6.346,6.346,6.313,6.313,-0.91
2025-08-05,6.314,6.338,6.307,6.324,0.17
2025-08-06,6.328,6.424,6.326,6.407,1.31
2025-08-07,6.414,6.414,6.385,6.39,-0.27
2025-08-08,6.386,6.418,6.374,6.399,0.14
2025-08-11,6.407,6.449,6.4,6.428,0.45
2025-08-12,6.436,6.494,6.425,6.483,0.86
2025-08-13,6.495,6.506,6.458,6.481,-0.03
2025-08-14,6.486,6.489,6.402,6.404,-1.19
2025-08-15,6.402,6.402,6.402,6.402,-0.03
2025-08-18,6.402,6.502,6.402,6.484,1.28
2025-08-19,6.492,6.547,6.492,6.512,0.43
2025-08-20,6.519,6.519,6.49,6.497,-0.23
2025-08-21,6.506,6.529,6.501,6.525,0.43
2025-08-22,6.529,6.561,6.529,6.549,0.37
2025-08-25,6.551,6.6,6.543,6.592,0.66
2025-08-26,6.601,6.65,6.593,6.617,0.38
2025-08-27,6.6,6.6,6.6,6.6,-0.26
2025-08-28,6.6,6.62,6.537,6.538,-0.94
2025-08-29,6.553,6.615,6.536,6.588,0.76
2025-09-01,6.569,6.623,6.569,6.585,-0.05
2025-09-02,6.585,6.592,6.566,6.569,-0.24
2025-09-03,6.566,6.567,6.539,6.541,-0.43
2025-09-04,6.544,6.544,6.49,6.494,-0.72
2025-09-05,6.477,6.492,6.459,6.461,-0.51
2025-09-08,6.477,6.492,6.459,6.463,0.03
2025-09-09,6.461,6.495,6.441,6.486,0.36
2025-09-10,6.493,6.519,6.467,6.483,-0.05
2025-09-11,6.481,6.497,6.465,6.472,-0.17
2025-09-12,6.466,6.491,6.451,6.483,0.17
2025-09-15,6.486,6.504,6.486,6.492,0.14
2025-09-16,6.494,6.497,6.483,6.49,-0.03
2025-09-17,6.483,6.483,6.465,6.466,-0.37
2025-09-18,6.471,6.513,6.471,6.509,0.67
2025-09-19,6.51,6.531,6.485,6.489,-0.31
2025-09-22,6.485,6.504,6.481,6.481,-0.12
2025-09-23,6.486,6.502,6.467,6.467,-0.22
2025-09-24,6.461,6.488,6.46,6.483,0.25
2025-09-25,6.489,6.497,6.481,6.492,0.14
2025-09-26,6.504,6.524,6.489,6.517,0.39
2025-09-29,6.525,6.576,6.518,6.563,0.71
2025-09-30,6.558,6.574,6.533,6.571,0.12
2025-10-01,6.573,6.6,6.519,6.523,-0.73
2025-10-02,6.519,6.519,6.519,6.519,-0.06
2025-10-03,6.519,6.523,6.505,6.514,-0.08
2025-10-06,6.512,6.522,6.495,6.519,0.08
2025-10-07,6.52,6.521,6.506,6.51,-0.14
2025-10-08,6.504,6.507,6.494,6.504,-0.09
2025-10-09,6.503,6.527,6.503,6.521,0.26
2025-10-10,6.523,6.535,6.515,6.531,0.15
2025-10-13,6.514,6.519,6.512,6.518,-0.2
2025-10-14,6.518,6.527,6.506,6.507,-0.17
2025-10-15,6.504,6.504,6.484,6.484,-0.35
2025-10-16,6.492,6.505,6.492,6.503,0.29
2025-10-17,6.504,6.52,6.477,6.506,0.05
2025-10-20,6.51,6.519,6.507,6.508,0.03
2025-10-21,6.507,6.507,6.507,6.507,-0.02
2025-10-22,6.507,6.508,6.507,6.508,0.02
2025-10-23,6.507,6.54,6.507,6.539,0.48
2025-10-24,6.539,6.57,6.53,6.533,-0.09
2025-10-27,6.547,6.549,6.538,6.542,0.14
2025-10-28,6.548,6.557,6.533,6.533,-0.14
2025-10-29,6.537,6.555,6.521,6.537,0.06
2025-10-30,6.539,6.576,6.539,6.573,0.55
2025-10-31,6.574,6.6,6.528,6.529,-0.67
2025-11-03,6.527,6.56,6.527,6.528,-0.02
2025-11-04,6.534,6.534,6.512,6.53,0.03
2025-11-05,6.533,6.533,6.533,6.533,0.05
2025-11-06,6.533,6.533,6.497,6.514,-0.29
2025-11-07,6.518,6.525,6.508,6.521,0.11
2025-11-10,6.535,6.535,6.49,6.49,-0.48
2025-11-11,6.493,6.506,6.481,6.499,0.14
2025-11-12,6.506,6.506,6.476,6.483,-0.25
2025-11-13,6.499,6.517,6.49,6.511,0.43
2025-11-14,6.513,6.54,6.513,6.527,0.25
2025-11-17,6.527,6.549,6.527,6.536,0.14
2025-11-18,6.542,6.549,6.508,6.523,-0.2
2025-11-19,6.522,6.537,6.511,6.532,0.14
2025-11-20,6.535,6.55,6.535,6.536,0.06
2025-11-21,6.536,6.575,6.527,6.56,0.37
2025-11-24,6.566,6.566,6.519,6.525,-0.53
2025-11-25,6.519,6.525,6.49,6.491,-0.52
2025-11-26,6.496,6.505,6.486,6.486,-0.08
2025-11-27,6.492,6.518,6.487,6.513,0.42
2025-11-28,6.513,6.57,6.5,6.528,0.23
2025-12-01,6.547,6.575,6.542,6.575,0.72
2025-12-02,6.575,6.578,6.503,6.503,-1.1
2025-12-03,6.513,6.547,6.513,6.526,0.35
2025-12-04,6.534,6.558,6.53,6.531,0.08
2025-12-05,6.53,6.53,6.489,6.5,-0.47
2025-12-08,6.515,6.577,6.509,6.567,1.03
2025-12-09,6.567,6.629,6.56,6.618,0.78
2025-12-10,6.619,6.668,6.6,6.663,0.68
2025-12-11,6.663,6.666,6.607,6.611,-0.78
2025-12-12,6.611,6.611,6.547,6.596,-0.23
2025-12-15,6.597,6.616,6.585,6.594,-0.03
2025-12-16,6.594,6.607,6.573,6.573,-0.32
2025-12-17,6.573,6.602,6.564,6.601,0.43
2025-12-18,6.601,6.603,6.57,6.57,-0.47
2025-12-19,6.57,6.611,6.568,6.606,0.55
2025-12-22,6.606,6.673,6.606,6.669,0.95
2025-12-23,6.669,6.7,6.637,6.637,-0.48
2025-12-24,6.637,6.637,6.532,6.538,-1.49
2025-12-25,6.538,6.538,6.538,6.538,0.0
2025-12-26,6.538,6.574,6.537,6.56,0.34
2025-12-29,6.56,6.595,6.56,6.595,0.53
2025-12-30,6.595,6.602,6.576,6.576,-0.29
2025-12-31,6.576,6.604,6.569,6.588,0.18
2026-01-01,6.588,6.617,6.581,6.581,-0.11
2026-01-02,6.581,6.624,6.578,6.609,0.43
2026-01-05,6.609,6.655,6.609,6.633,0.36
2026-01-06,6.633,6.644,6.612,6.612,-0.32
2026-01-07,6.612,6.635,6.611,6.611,-0.02
2026-01-08,6.611,6.63,6.611,6.63,0.29
2026-01-09,6.63,6.648,6.627,6.636,0.09
2026-01-12,6.636,6.642,6.594,6.605,-0.47
2026-01-13,6.605,6.635,6.58,6.627,0.33
2026-01-14,6.627,6.652,6.627,6.647,0.3
2026-01-15,6.647,6.647,6.647,6.647,0.0
2026-01-16,6.647,6.687,6.647,6.678,0.47
2026-01-19,6.678,6.694,6.675,6.684,0.09
2026-01-20,6.684,6.689,6.651,6.673,-0.16
2026-01-21,6.673,6.676,6.655,6.655,-0.27
2026-01-22,6.655,6.655,6.633,6.636,-0.29
2026-01-23,6.636,6.673,6.636,6.664,0.42
2026-01-26,6.664,6.664,6.664,6.664,0.0
2026-01-27,6.664,6.719,6.664,6.719,0.83
2026-01-28,6.719,6.719,6.695,6.703,-0.24
2026-01-29,6.703,6.723,6.695,6.699,-0.06
2026-01-30,6.699,6.714,6.687,6.695,-0.06
2026-02-02,6.695,6.777,6.695,6.769,1.11
2026-02-03,6.769,6.769,6.717,6.721,-0.71
2026-02-04,6.721,6.73,6.695,6.695,-0.39
2026-02-05,6.695,6.696,6.638,6.651,-0.66
2026-02-06,6.651,6.756,6.651,6.733,1.23
2026-02-09,6.733,6.765,6.733,6.761,0.42
2026-02-10,6.761,6.767,6.727,6.727,-0.5
2026-02-11,6.727,6.738,6.709,6.71,-0.25
2026-02-12,6.71,6.735,6.68,6.686,-0.36
2026-02-13,6.685,6.69,6.664,6.677,-0.13
2026-02-16,6.677,6.685,6.663,6.668,-0.13
2026-02-17,6.668,6.676,6.636,6.659,-0.13
2026-02-18,6.659,6.678,6.659,6.674,0.23
2026-02-19,6.674,6.674,6.674,6.674,0.0
2026-02-20,6.674,6.735,6.674,6.725,0.76
2026-02-23,6.725,6.73,6.699,6.699,-0.39
2026-02-24,6.699,6.708,6.665,6.685,-0.21
2026-02-25,6.685,6.693,6.667,6.682,-0.04
2026-02-26,6.682,6.693,6.672,6.69,0.12
2026-02-27,6.689,6.712,6.657,6.661,-0.43
2026-03-02,6.661,6.699,6.661,6.68,0.29
2026-03-03,6.678,6.68,6.678,6.68,0.0
2026-03-04,6.678,6.73,6.669,6.669,-0.16
2026-03-05,6.669,6.674,6.636,6.638,-0.46
2026-03-06,6.65,6.711,6.644,6.688,0.75
2026-03-09,6.688,6.761,6.688,6.723,0.52
2026-03-10,6.722,6.722,6.665,6.671,-0.77
2026-03-11,6.671,6.693,6.634,6.634,-0.55
2026-03-12,6.633,6.68,6.633,6.669,0.53
2026-03-13,6.668,6.698,6.668,6.679,0.15
2026-03-16,6.679,6.719,6.679,6.706,0.4
2026-03-17,6.706,6.721,6.706,6.717,0.16
2026-03-18,6.717,6.739,6.702,6.729,0.18
2026-03-19,6.729,6.729,6.729,6.729,0.0
2026-03-20,6.729,6.773,6.728,6.737,0.12
2026-03-23,6.737,6.887,6.737,6.839,1.51
2026-03-24,6.839,6.872,6.816,6.867,0.41
2026-03-25,6.867,6.879,6.854,6.874,0.1
2026-03-26,6.874,6.874,6.874,6.874,0.0
2026-03-27,6.874,6.962,6.873,6.932,0.84
2026-03-30,6.932,7.011,6.932,6.961,0.42
2026-03-31,6.961,6.961,6.961,6.961,0.0
2026-04-01,6.961,6.961,6.96,6.96,-0.01
2026-04-02,6.961,7.129,6.959,7.129,2.43
2026-04-03,7.129,7.129,7.129,7.129,0.0
2026-04-06,7.129,7.129,7.043,7.043,-1.21
2026-04-07,7.043,7.073,7.019,7.042,-0.01
2026-04-08,7.042,7.042,6.898,6.898,-2.04
2026-04-09,6.897,6.971,6.897,6.958,0.87
2026-04-10,6.957,7.003,6.904,6.914,-0.63
2026-04-13,6.913,6.978,6.874,6.938,0.35
2026-04-14,6.938,6.938,6.938,6.938,0.0
2026-04-15,6.938,6.938,6.865,6.865,-1.05
2026-04-16,6.865,6.901,6.865,6.892,0.39
2026-04-17,6.891,6.925,6.891,6.905,0.19
2026-04-20,6.905,6.924,6.89,6.89,-0.22
2026-04-21,6.89,6.894,6.868,6.891,0.01
2026-04-22,6.891,6.923,6.891,6.923,0.46
2026-04-23,6.923,6.96,6.923,6.951,0.4
2026-04-24,6.95,6.982,6.933,6.933,-0.26
2026-04-27,6.951,6.959,6.932,6.943,0.14
2026-04-28,6.942,6.982,6.942,6.98,0.53
2026-04-29,6.98,7.002,6.975,6.995,0.21
2026-04-30,6.994,7.07,6.994,7.018,0.33
2026-05-01,7.018,7.018,7.018,7.018,0.0
2026-05-04,7.018,7.027,6.994,7.023,0.07
2026-05-05,7.023,7.055,7.01,7.016,-0.1
2026-05-06,7.016,7.016,6.865,6.926,-1.28
2026-05-07,6.925,6.959,6.915,6.933,0.1
2026-05-08,6.932,6.984,6.932,6.984,0.74
2026-05-11,6.983,7.053,6.983,7.031,0.67
2026-05-12,7.03,7.053,7.03,7.047,0.23
2026-05-13,7.047,7.057,7.022,7.045,-0.03
2026-05-14,7.044,7.06,7.02,7.021,-0.34
2026-05-15,7.02,7.098,7.02,7.076,0.78
2026-05-18,7.064,7.142,7.064,7.121,0.64
2026-05-19,7.121,7.123,7.098,7.111,-0.14
2026-05-20,7.111,7.137,7.068,7.079,-0.45
2026-05-21,7.078,7.131,7.048,7.118,0.55
2026-05-22,7.117,7.117,7.073,7.088,-0.42
2026-05-25,7.087,7.087,7.015,7.025,-0.89
2026-05-26,7.025,7.043,6.996,6.996,-0.41
2026-05-27,6.995,7.004,6.973,6.996,0.0
2026-05-28,6.996,6.996,6.996,6.996,0.0
2026-05-29,6.996,7.017,6.975,7.003,0.1
2026-06-01,7.003,7.052,7.003,7.022,0.27
2026-06-02,7.022,7.047,6.999,7.017,-0.07
2026-06-03,7.017,7.07,7.009,7.026,0.13
2026-06-04,7.025,7.025,6.987,6.995,-0.44
2026-06-05,6.995,7.018,6.924,6.975,-0.29
2026-06-08,6.975,6.984,6.945,6.949,-0.37
2026-06-09,6.949,6.949,6.871,6.871,-1.12
2026-06-10,6.871,6.916,6.871,6.913,0.61
2026-06-11,6.913,6.919,6.894,6.897,-0.23
2026-06-12,6.897,6.897,6.857,6.866,-0.45
2026-06-15,6.866,6.873,6.831,6.872,0.09
2026-06-16,6.872,6.872,6.86,6.866,-0.09
2026-06-17,6.866,6.866,6.855,6.865,-0.01
2026-06-18,6.865,6.874,6.832,6.843,-0.32
2026-06-19,6.843,6.86,6.843,6.858,0.22
2026-06-22,6.858,6.864,6.847,6.851,-0.1
2026-06-23,6.851,6.851,6.824,6.84,-0.16
2026-06-24,6.84,6.84,6.787,6.787,-0.77
2026-06-25,6.787,6.787,6.758,6.774,-0.19
2026-06-26,6.774,6.774,6.774,6.774,0.0
2026-06-29,6.774,6.783,6.755,6.755,-0.28
2026-06-30,6.755,6.755,6.704,6.753,-0.03
2026-07-01,6.753,6.768,6.735,6.76,0.1
2026-07-02,6.76,6.76,6.713,6.713,-0.7
2026-07-03,6.713,6.738,6.707,6.707,-0.09
2026-07-06,6.707,6.707,6.675,6.689,-0.27
2026-07-07,6.689,6.714,6.687,6.692,0.04
2026-07-08,6.692,6.767,6.692,6.766,1.11
2026-07-09,6.766,6.77,6.744,6.754,-0.18
2026-07-10,6.754,6.754,6.708,6.716,-0.56
2026-07-13,6.716,6.742,6.716,6.733,0.25
2026-07-14,6.733,6.813,6.733,6.797,0.95
2026-07-15,6.797,6.797,6.767,6.775,-0.32
2026-07-16,6.775,6.775,6.736,6.751,-0.35
2026-07-17,6.751,6.78,6.747,6.78,0.43
2026-07-20,6.819,6.828,6.772,6.772,-0.12
2026-07-21,6.772,6.792,6.751,6.791,0.28
2026-07-22,6.791,6.817,6.791,6.801,0.15
2026-07-23,6.801,6.84,6.801,6.84,0.57
2026-07-24,6.84,6.863,6.812,6.826,-0.2
2026-07-27,6.826,6.826,6.765,6.773,-0.78
2026-07-28,6.773,6.78,6.756,6.776,0.04
2026-07-29,6.776,6.804,6.776,6.796,0.3
2026-07-30,6.796,6.83,6.796,6.811,0.22
2026-07-31,6.811,6.833,6.799,6.833,0.32
2026-08-03,6.831,6.851,6.831,6.833,0.0
2026-08-04,6.833,6.838,6.815,6.816,-0.25
2026-08-05,6.816,6.816,6.771,6.772,-0.65
2026-08-06,6.772,6.772,6.759,6.768,-0.06
2026-08-07,6.768,6.791,6.765,6.766,-0.03
2026-08-10,6.77,6.77,6.761,6.766,0.0
2026-08-11,6.766,6.801,6.766,6.779,0.19
2026-08-12,6.779,6.79,6.77,6.777,-0.03
2026-08-13,6.777,6.777,6.753,6.758,-0.28
2026-08-14,6.757,6.766,6.749,6.762,0.06
2026-08-17,6.801,6.819,6.798,6.804,0.62
2026-08-18,6.804,6.851,6.804,6.831,0.4
2026-08-19,6.831,6.832,6.812,6.812,-0.28
2026-08-20,6.812,6.873,6.812,6.873,0.9
2026-08-21,6.873,6.883,6.846,6.846,-0.39
2026-08-24,6.846,6.872,6.845,6.872,0.38
2026-08-25,6.872,6.885,6.851,6.851,-0.31
2026-08-26,6.851,6.851,6.851,6.851,0.0
2026-08-27,6.851,6.892,6.851,6.892,0.6
2026-08-28,6.891,6.92,6.891,6.913,0.3
2026-08-31,6.913,6.956,6.913,6.947,0.49
2026-09-01,6.947,6.962,6.942,6.957,0.14
2026-09-02,6.972,6.972,6.972,6.972,0.22
2026-09-03,6.972,6.972,6.943,6.965,-0.1
2026-09-04,6.964,6.978,6.953,6.961,-0.06
2026-09-07,6.961,6.974,6.948,6.957,-0.06
2026-09-08,6.957,6.963,6.944,6.944,-0.19
2026-09-09,6.944,6.96,6.944,6.955,0.16
2026-09-10,6.955,6.981,6.955,6.981,0.37
2026-09-11,6.98,7.028,6.98,7.021,0.57
2026-09-14,7.021,7.021,7.021,7.021,0.0
2026-09-15,7.021,7.097,7.021,7.073,0.74
2026-09-16,7.073,7.083,7.053,7.055,-0.25
2026-09-17,7.055,7.086,7.047,7.051,-0.06
2026-09-18,7.051,7.067,7.034,7.067,0.23
2026-09-21,7.067,7.068,7.054,7.054,-0.18
2026-09-22,7.054,7.06,7.002,7.016,-0.54
2026-09-23,7.015,7.049,7.008,7.048,0.46
2026-09-24,7.098,7.118,7.094,7.111,0.89
2026-09-25,7.141,7.141,7.136,7.14,0.41
